window_id,recording_id,true_family,predicted_family,action,classifier_confidence,memory_support,combined_support,novelty_score,classifier_memory_agree,used_repeat,fold_id,strategy,unknown_family,is_unknown
testing/allspice/allspice_6.csv#0:128,testing/allspice/allspice_6.csv,spices,spices,recognize,0.9986982289833909,0.25338979684889285,0.5030506349816591,0.49694936501834086,True,False,outer-1-fruits,closed_set,fruits,False
testing/allspice/allspice_6.csv#128:256,testing/allspice/allspice_6.csv,spices,spices,recognize,0.9816472960655336,0.26453135628543484,0.5095846255747375,0.4904153744252625,True,False,outer-1-fruits,closed_set,fruits,False
testing/allspice/allspice_6.csv#256:384,testing/allspice/allspice_6.csv,spices,spices,recognize,0.999732362779906,0.09331133105942938,0.30542815435742227,0.6945718456425778,True,False,outer-1-fruits,closed_set,fruits,False
testing/allspice/allspice_6.csv#384:512,testing/allspice/allspice_6.csv,spices,spices,recognize,0.998752850714126,0.25200180491020974,0.5016846828827616,0.4983153171172384,True,False,outer-1-fruits,closed_set,fruits,False
testing/almond/almond_6.csv#0:128,testing/almond/almond_6.csv,nuts,nuts,recognize,0.7636370816984206,0.5547299389599963,0.6508550927189205,0.3491449072810795,True,False,outer-1-fruits,closed_set,fruits,False
testing/almond/almond_6.csv#128:256,testing/almond/almond_6.csv,nuts,nuts,recognize,0.6875372617123957,0.45342245172373186,0.5583411420064399,0.4416588579935601,True,False,outer-1-fruits,closed_set,fruits,False
testing/almond/almond_6.csv#256:384,testing/almond/almond_6.csv,nuts,nuts,recognize,0.7555541419989887,0.4626765257637417,0.5912505098911094,0.4087494901088906,True,False,outer-1-fruits,closed_set,fruits,False
testing/almond/almond_6.csv#384:512,testing/almond/almond_6.csv,nuts,nuts,recognize,0.8934271168044817,0.5164021536167323,0.6792405223611311,0.3207594776388689,True,False,outer-1-fruits,closed_set,fruits,False
testing/asparagus/asparagus_6.csv#0:128,testing/asparagus/asparagus_6.csv,vegetables,vegetables,recognize,0.846106099616558,0.24667792449107215,0.4568541304975242,0.5431458695024758,True,False,outer-1-fruits,closed_set,fruits,False
testing/asparagus/asparagus_6.csv#128:256,testing/asparagus/asparagus_6.csv,vegetables,nuts,recognize,0.49947933859525956,0.5581197775135762,0.3801499753196999,0.6198500246803,False,False,outer-1-fruits,closed_set,fruits,False
testing/asparagus/asparagus_6.csv#256:384,testing/asparagus/asparagus_6.csv,vegetables,vegetables,recognize,0.9901018688422586,0.1213780598884158,0.34666503130827614,0.6533349686917238,True,False,outer-1-fruits,closed_set,fruits,False
testing/asparagus/asparagus_6.csv#384:512,testing/asparagus/asparagus_6.csv,vegetables,nuts,recognize,0.7403507961263125,0.2110647112479545,0.2846158515617463,0.7153841484382537,False,False,outer-1-fruits,closed_set,fruits,False
testing/avocado/avocado_6.csv#0:128,testing/avocado/avocado_6.csv,vegetables,vegetables,recognize,0.9963321647639508,0.24265742494702477,0.49169848229734764,0.5083015177026524,True,False,outer-1-fruits,closed_set,fruits,False
testing/avocado/avocado_6.csv#128:256,testing/avocado/avocado_6.csv,vegetables,vegetables,recognize,0.9823509227362126,0.30756153897003946,0.5496665913127592,0.4503334086872408,True,False,outer-1-fruits,closed_set,fruits,False
testing/avocado/avocado_6.csv#256:384,testing/avocado/avocado_6.csv,vegetables,vegetables,recognize,0.9879100110387792,0.3241880952436648,0.5659228434608464,0.4340771565391536,True,False,outer-1-fruits,closed_set,fruits,False
testing/avocado/avocado_6.csv#384:512,testing/avocado/avocado_6.csv,vegetables,vegetables,recognize,0.9972238062206985,0.3410810626486016,0.5832102155520247,0.4167897844479753,True,False,outer-1-fruits,closed_set,fruits,False
testing/brazil_nut/brazil_nut_6.csv#0:128,testing/brazil_nut/brazil_nut_6.csv,nuts,nuts,recognize,0.8524515526523593,0.500470808479729,0.6531669907043118,0.34683300929568817,True,False,outer-1-fruits,closed_set,fruits,False
testing/brazil_nut/brazil_nut_6.csv#128:256,testing/brazil_nut/brazil_nut_6.csv,nuts,nuts,recognize,0.4350043889048714,0.5356406909700647,0.482707003727951,0.5172929962720489,True,False,outer-1-fruits,closed_set,fruits,False
testing/brazil_nut/brazil_nut_6.csv#256:384,testing/brazil_nut/brazil_nut_6.csv,nuts,nuts,recognize,0.6401435049853155,0.47367056402614305,0.5506515550364555,0.44934844496354454,True,False,outer-1-fruits,closed_set,fruits,False
testing/brazil_nut/brazil_nut_6.csv#384:512,testing/brazil_nut/brazil_nut_6.csv,nuts,nuts,recognize,0.7704705793251658,0.48722748478208305,0.6126944119732078,0.38730558802679216,True,False,outer-1-fruits,closed_set,fruits,False
testing/broccoli/broccoli_6.csv#0:128,testing/broccoli/broccoli_6.csv,vegetables,vegetables,recognize,0.9999834123396889,0.15172209307954584,0.38951197204322763,0.6104880279567724,True,False,outer-1-fruits,closed_set,fruits,False
testing/broccoli/broccoli_6.csv#128:256,testing/broccoli/broccoli_6.csv,vegetables,vegetables,recognize,0.9995595839913273,0.29082472846251206,0.5391629109985027,0.46083708900149734,True,False,outer-1-fruits,closed_set,fruits,False
testing/broccoli/broccoli_6.csv#256:384,testing/broccoli/broccoli_6.csv,vegetables,vegetables,recognize,0.9992784170856044,0.21531313785961623,0.4638510230430583,0.5361489769569416,True,False,outer-1-fruits,closed_set,fruits,False
testing/broccoli/broccoli_6.csv#384:512,testing/broccoli/broccoli_6.csv,vegetables,vegetables,recognize,0.999961832534738,0.163146747439234,0.4039065740259974,0.5960934259740026,True,False,outer-1-fruits,closed_set,fruits,False
testing/brussel_sprouts/brussel_sprouts_6.csv#0:128,testing/brussel_sprouts/brussel_sprouts_6.csv,vegetables,nuts,recognize,0.41989913222912323,0.20454394647152854,0.21100769844860648,0.7889923015513935,False,False,outer-1-fruits,closed_set,fruits,False
testing/brussel_sprouts/brussel_sprouts_6.csv#128:256,testing/brussel_sprouts/brussel_sprouts_6.csv,vegetables,nuts,recognize,0.6444718750522186,0.45295038531762744,0.3890091331751141,0.6109908668248859,False,False,outer-1-fruits,closed_set,fruits,False
testing/brussel_sprouts/brussel_sprouts_6.csv#256:384,testing/brussel_sprouts/brussel_sprouts_6.csv,vegetables,nuts,recognize,0.467439967059455,0.3726845024004818,0.3005149516794418,0.6994850483205581,False,False,outer-1-fruits,closed_set,fruits,False
testing/brussel_sprouts/brussel_sprouts_6.csv#384:512,testing/brussel_sprouts/brussel_sprouts_6.csv,vegetables,nuts,recognize,0.5467661255580684,0.3875321133184079,0.33142643469611976,0.6685735653038802,False,False,outer-1-fruits,closed_set,fruits,False
testing/cabbage/cabbage_6.csv#0:128,testing/cabbage/cabbage_6.csv,vegetables,vegetables,recognize,0.8948985490199151,0.35627291712535925,0.5646486665091633,0.43535133349083666,True,False,outer-1-fruits,closed_set,fruits,False
testing/cabbage/cabbage_6.csv#128:256,testing/cabbage/cabbage_6.csv,vegetables,vegetables,recognize,0.9371027858997643,0.588076712919125,0.7423532353262077,0.25764676467379233,True,False,outer-1-fruits,closed_set,fruits,False
testing/cabbage/cabbage_6.csv#256:384,testing/cabbage/cabbage_6.csv,vegetables,vegetables,recognize,0.9143516703739076,0.6036672754178566,0.7429429194954232,0.25705708050457676,True,False,outer-1-fruits,closed_set,fruits,False
testing/cabbage/cabbage_6.csv#384:512,testing/cabbage/cabbage_6.csv,vegetables,vegetables,recognize,0.9689837206154323,0.5474384417121614,0.7283261206754599,0.2716738793245401,True,False,outer-1-fruits,closed_set,fruits,False
testing/cabbage/cabbage_6.csv#512:640,testing/cabbage/cabbage_6.csv,vegetables,vegetables,recognize,0.9103983223334513,0.39666610157692855,0.6009360643214768,0.39906393567852316,True,False,outer-1-fruits,closed_set,fruits,False
testing/cashew/cashew_6.csv#0:128,testing/cashew/cashew_6.csv,nuts,nuts,recognize,0.9756672430597897,0.03423807053177311,0.13159457920889372,0.8684054207911063,False,False,outer-1-fruits,closed_set,fruits,False
testing/cashew/cashew_6.csv#128:256,testing/cashew/cashew_6.csv,nuts,nuts,recognize,0.8581203446233705,0.3920715328004941,0.4176276562975828,0.5823723437024172,False,False,outer-1-fruits,closed_set,fruits,False
testing/cashew/cashew_6.csv#256:384,testing/cashew/cashew_6.csv,nuts,nuts,recognize,0.7085736049348063,0.32369394176795385,0.3448198568791785,0.6551801431208215,False,False,outer-1-fruits,closed_set,fruits,False
testing/cashew/cashew_6.csv#384:512,testing/cashew/cashew_6.csv,nuts,nuts,recognize,0.5028270670816423,0.19408957956986114,0.3123995743374538,0.6876004256625462,True,False,outer-1-fruits,closed_set,fruits,False
testing/cauliflower/cauliflower_6.csv#0:128,testing/cauliflower/cauliflower_6.csv,vegetables,vegetables,recognize,0.9079674453968859,0.6360861460936256,0.7599641525236435,0.24003584747635653,True,False,outer-1-fruits,closed_set,fruits,False
testing/cauliflower/cauliflower_6.csv#128:256,testing/cauliflower/cauliflower_6.csv,vegetables,vegetables,recognize,0.9207176184079969,0.7105040642240269,0.8088099961558021,0.19119000384419793,True,False,outer-1-fruits,closed_set,fruits,False
testing/cauliflower/cauliflower_6.csv#256:384,testing/cauliflower/cauliflower_6.csv,vegetables,vegetables,recognize,0.8792849653062167,0.6222127037736861,0.7396636233117949,0.2603363766882051,True,False,outer-1-fruits,closed_set,fruits,False
testing/cauliflower/cauliflower_6.csv#384:512,testing/cauliflower/cauliflower_6.csv,vegetables,vegetables,recognize,0.8277442044578711,0.46181431815019447,0.6182751211107292,0.38172487888927076,True,False,outer-1-fruits,closed_set,fruits,False
testing/chervil/chervil_6.csv#0:128,testing/chervil/chervil_6.csv,spices,nuts,recognize,0.7223168021739304,0.31954775197190266,0.4804317957277734,0.5195682042722266,True,False,outer-1-fruits,closed_set,fruits,False
testing/chervil/chervil_6.csv#128:256,testing/chervil/chervil_6.csv,spices,nuts,recognize,0.9372237139614916,0.23655298217117268,0.47085354888662884,0.5291464511133712,True,False,outer-1-fruits,closed_set,fruits,False
testing/chervil/chervil_6.csv#256:384,testing/chervil/chervil_6.csv,spices,nuts,recognize,0.9564640593031922,0.29773016624327875,0.5336367710175721,0.4663632289824279,True,False,outer-1-fruits,closed_set,fruits,False
testing/chervil/chervil_6.csv#384:512,testing/chervil/chervil_6.csv,spices,nuts,recognize,0.9260771749677635,0.07912417109053294,0.2706937177608426,0.7293062822391574,True,False,outer-1-fruits,closed_set,fruits,False
testing/chestnuts/chestnuts_6.csv#0:128,testing/chestnuts/chestnuts_6.csv,nuts,vegetables,recognize,0.9854945953443703,0.02703554195126031,0.11752416108328405,0.882475838916716,False,False,outer-1-fruits,closed_set,fruits,False
testing/chestnuts/chestnuts_6.csv#128:256,testing/chestnuts/chestnuts_6.csv,nuts,vegetables,recognize,0.5423293507263175,0.16779879896990707,0.2171993268429856,0.7828006731570144,False,False,outer-1-fruits,closed_set,fruits,False
testing/chestnuts/chestnuts_6.csv#256:384,testing/chestnuts/chestnuts_6.csv,nuts,nuts,recognize,0.538600187473156,0.17717518369576815,0.3089119407762212,0.6910880592237788,True,False,outer-1-fruits,closed_set,fruits,False
testing/chestnuts/chestnuts_6.csv#384:512,testing/chestnuts/chestnuts_6.csv,nuts,nuts,recognize,0.5287565304800317,0.03229015943708124,0.130666111416075,0.869333888583925,True,False,outer-1-fruits,closed_set,fruits,False
testing/cinnamon/cinnamon_6.csv#0:128,testing/cinnamon/cinnamon_6.csv,spices,spices,recognize,0.9335717007152038,0.18196520289464976,0.4121620602837497,0.5878379397162503,True,False,outer-1-fruits,closed_set,fruits,False
testing/cinnamon/cinnamon_6.csv#128:256,testing/cinnamon/cinnamon_6.csv,spices,spices,recognize,0.9981395954725963,0.051842138449630794,0.22747679244386407,0.7725232075561359,True,False,outer-1-fruits,closed_set,fruits,False
testing/cinnamon/cinnamon_6.csv#256:384,testing/cinnamon/cinnamon_6.csv,spices,spices,recognize,0.9906416481149736,0.3046336739135876,0.5493476174491666,0.4506523825508334,True,False,outer-1-fruits,closed_set,fruits,False
testing/cinnamon/cinnamon_6.csv#384:512,testing/cinnamon/cinnamon_6.csv,spices,spices,recognize,0.9479951828376372,0.25706910129186367,0.49366007503249376,0.5063399249675062,True,False,outer-1-fruits,closed_set,fruits,False
testing/cloves/cloves_6.csv#0:128,testing/cloves/cloves_6.csv,spices,spices,recognize,0.9331031587728202,0.17213093898227183,0.40076916409186153,0.5992308359081384,True,False,outer-1-fruits,closed_set,fruits,False
testing/cloves/cloves_6.csv#128:256,testing/cloves/cloves_6.csv,spices,spices,recognize,0.9968993095440118,0.29122934522058186,0.5388193882641499,0.4611806117358501,True,False,outer-1-fruits,closed_set,fruits,False
testing/cloves/cloves_6.csv#256:384,testing/cloves/cloves_6.csv,spices,spices,recognize,0.9638310891409797,0.27055021837329674,0.5106512622544513,0.48934873774554866,True,False,outer-1-fruits,closed_set,fruits,False
testing/cloves/cloves_6.csv#384:512,testing/cloves/cloves_6.csv,spices,spices,recognize,0.9959401680116453,0.31760858301924766,0.5624225684786575,0.43757743152134254,True,False,outer-1-fruits,closed_set,fruits,False
testing/cumin/cumin_6.csv#0:128,testing/cumin/cumin_6.csv,spices,spices,recognize,0.9999999999989413,0.0008397059980282353,0.02897768103260415,0.9710223189673959,True,False,outer-1-fruits,closed_set,fruits,False
testing/cumin/cumin_6.csv#128:256,testing/cumin/cumin_6.csv,spices,spices,recognize,0.9999973429044566,0.0755681395063999,0.27489623263084784,0.7251037673691522,True,False,outer-1-fruits,closed_set,fruits,False
testing/cumin/cumin_6.csv#256:384,testing/cumin/cumin_6.csv,spices,spices,recognize,0.9999999966844042,0.13758239396058222,0.37092100709506143,0.6290789929049385,True,False,outer-1-fruits,closed_set,fruits,False
testing/cumin/cumin_6.csv#384:512,testing/cumin/cumin_6.csv,spices,spices,recognize,0.9999999375197545,0.17560878684136302,0.4190570078990243,0.5809429921009757,True,False,outer-1-fruits,closed_set,fruits,False
testing/ginger/ginger_6.csv#0:128,testing/ginger/ginger_6.csv,spices,spices,recognize,0.999959665954393,0.2758353505628022,0.5251897038282382,0.47481029617176185,True,False,outer-1-fruits,closed_set,fruits,False
testing/ginger/ginger_6.csv#128:256,testing/ginger/ginger_6.csv,spices,spices,recognize,0.9998677652305136,0.38861490492698797,0.6233486316056336,0.3766513683943664,True,False,outer-1-fruits,closed_set,fruits,False
testing/ginger/ginger_6.csv#256:384,testing/ginger/ginger_6.csv,spices,spices,recognize,0.9998254164170306,0.37723698247120135,0.6141425918198257,0.38585740818017433,True,False,outer-1-fruits,closed_set,fruits,False
testing/ginger/ginger_6.csv#384:512,testing/ginger/ginger_6.csv,spices,spices,recognize,0.9998619739316009,0.348275648722786,0.5901081067095025,0.40989189329049747,True,False,outer-1-fruits,closed_set,fruits,False
testing/hazelnut/hazelnut_6.csv#0:128,testing/hazelnut/hazelnut_6.csv,nuts,nuts,recognize,0.8958436352929244,0.5542251067365854,0.7046268760056713,0.2953731239943287,True,False,outer-1-fruits,closed_set,fruits,False
testing/hazelnut/hazelnut_6.csv#128:256,testing/hazelnut/hazelnut_6.csv,nuts,nuts,recognize,0.6863309256723336,0.7082722671846269,0.6972152901112162,0.3027847098887838,True,False,outer-1-fruits,closed_set,fruits,False
testing/hazelnut/hazelnut_6.csv#256:384,testing/hazelnut/hazelnut_6.csv,nuts,nuts,recognize,0.8238185944358021,0.6158308661853888,0.7122730646255195,0.28772693537448046,True,False,outer-1-fruits,closed_set,fruits,False
testing/hazelnut/hazelnut_6.csv#384:512,testing/hazelnut/hazelnut_6.csv,nuts,nuts,recognize,0.8136459860861777,0.6649217018665966,0.735534413732863,0.264465586267137,True,False,outer-1-fruits,closed_set,fruits,False
testing/mustard/mustard_6.csv#0:128,testing/mustard/mustard_6.csv,spices,nuts,recognize,0.7057283268751264,0.43631205403501905,0.39953044317193176,0.6004695568280682,False,False,outer-1-fruits,closed_set,fruits,False
testing/mustard/mustard_6.csv#128:256,testing/mustard/mustard_6.csv,spices,nuts,recognize,0.6167128769174448,0.5076461777174741,0.4028603864329721,0.5971396135670279,False,False,outer-1-fruits,closed_set,fruits,False
testing/mustard/mustard_6.csv#256:384,testing/mustard/mustard_6.csv,spices,nuts,recognize,0.5601923861499334,0.7139118434906426,0.45532698620706163,0.5446730137929383,False,False,outer-1-fruits,closed_set,fruits,False
testing/mustard/mustard_6.csv#384:512,testing/mustard/mustard_6.csv,spices,spices,recognize,0.5004373878077961,0.5524807258240828,0.5258155677094005,0.4741844322905995,True,False,outer-1-fruits,closed_set,fruits,False
testing/nutmeg/nutmeg_6.csv#0:128,testing/nutmeg/nutmeg_6.csv,spices,spices,recognize,1.0,0.011463816668626264,0.10706921438315621,0.8929307856168438,True,False,outer-1-fruits,closed_set,fruits,False
testing/nutmeg/nutmeg_6.csv#128:256,testing/nutmeg/nutmeg_6.csv,spices,spices,recognize,1.0,0.05863003222552119,0.24213639178265045,0.7578636082173495,True,False,outer-1-fruits,closed_set,fruits,False
testing/nutmeg/nutmeg_6.csv#256:384,testing/nutmeg/nutmeg_6.csv,spices,spices,recognize,0.9999999999999998,0.03342450376372524,0.18282369584855576,0.8171763041514443,True,False,outer-1-fruits,closed_set,fruits,False
testing/nutmeg/nutmeg_6.csv#384:512,testing/nutmeg/nutmeg_6.csv,spices,spices,recognize,0.9999999999999996,0.11884028316961115,0.34473219050389114,0.6552678094961089,True,False,outer-1-fruits,closed_set,fruits,False
testing/peanuts/peanuts_6.csv#0:128,testing/peanuts/peanuts_6.csv,nuts,nuts,recognize,0.9765373576817313,0.4604248105762436,0.6705386103210139,0.3294613896789861,True,False,outer-1-fruits,closed_set,fruits,False
testing/peanuts/peanuts_6.csv#128:256,testing/peanuts/peanuts_6.csv,nuts,nuts,recognize,0.9477977959019284,0.47012738307551083,0.6675220576670936,0.3324779423329064,True,False,outer-1-fruits,closed_set,fruits,False
testing/peanuts/peanuts_6.csv#256:384,testing/peanuts/peanuts_6.csv,nuts,nuts,recognize,0.9370380704277054,0.48339795327376855,0.48457780463332123,0.5154221953666788,False,False,outer-1-fruits,closed_set,fruits,False
testing/peanuts/peanuts_6.csv#384:512,testing/peanuts/peanuts_6.csv,nuts,nuts,recognize,0.9393109330563721,0.35580181471402195,0.5781077188225205,0.42189228117747946,True,False,outer-1-fruits,closed_set,fruits,False
testing/pecans/pecans_6.csv#0:128,testing/pecans/pecans_6.csv,nuts,nuts,recognize,0.959716576177128,0.23797126785581976,0.4778964013414598,0.5221035986585403,True,False,outer-1-fruits,closed_set,fruits,False
testing/pecans/pecans_6.csv#128:256,testing/pecans/pecans_6.csv,nuts,nuts,recognize,0.9782913336093628,0.23629608539788685,0.3461743321586391,0.653825667841361,False,False,outer-1-fruits,closed_set,fruits,False
testing/pecans/pecans_6.csv#256:384,testing/pecans/pecans_6.csv,nuts,nuts,recognize,0.6358656068340832,0.3212913708763275,0.4519935093702458,0.5480064906297542,True,False,outer-1-fruits,closed_set,fruits,False
testing/pecans/pecans_6.csv#384:512,testing/pecans/pecans_6.csv,nuts,nuts,recognize,0.7073265028121616,0.2510863933843295,0.4214262219371932,0.5785737780628069,True,False,outer-1-fruits,closed_set,fruits,False
testing/pili_nut/pili_nut_6.csv#0:128,testing/pili_nut/pili_nut_6.csv,nuts,nuts,recognize,0.864844005696304,0.3103426194016631,0.518071379350006,0.481928620649994,True,False,outer-1-fruits,closed_set,fruits,False
testing/pili_nut/pili_nut_6.csv#128:256,testing/pili_nut/pili_nut_6.csv,nuts,nuts,recognize,0.8034321678623392,0.33528640736620985,0.5190181934431676,0.4809818065568324,True,False,outer-1-fruits,closed_set,fruits,False
testing/pili_nut/pili_nut_6.csv#256:384,testing/pili_nut/pili_nut_6.csv,nuts,nuts,recognize,0.9603945839332586,0.31156755181318635,0.5470171745847923,0.45298282541520773,True,False,outer-1-fruits,closed_set,fruits,False
testing/pili_nut/pili_nut_6.csv#384:512,testing/pili_nut/pili_nut_6.csv,nuts,nuts,recognize,0.7113935775057535,0.37752506240054473,0.5182363406199978,0.4817636593800022,True,False,outer-1-fruits,closed_set,fruits,False
testing/pistachios/pistachios_6.csv#0:128,testing/pistachios/pistachios_6.csv,nuts,nuts,recognize,0.9248510474394902,0.6470285758937466,0.7735664523094401,0.2264335476905599,True,False,outer-1-fruits,closed_set,fruits,False
testing/pistachios/pistachios_6.csv#128:256,testing/pistachios/pistachios_6.csv,nuts,nuts,recognize,0.9627642248866056,0.6930660687785789,0.8168593615199714,0.1831406384800286,True,False,outer-1-fruits,closed_set,fruits,False
testing/pistachios/pistachios_6.csv#256:384,testing/pistachios/pistachios_6.csv,nuts,nuts,recognize,0.7971205363677262,0.610382355142258,0.6975301501156725,0.30246984988432746,True,False,outer-1-fruits,closed_set,fruits,False
testing/pistachios/pistachios_6.csv#384:512,testing/pistachios/pistachios_6.csv,nuts,nuts,recognize,0.9762101342353454,0.5167796169728436,0.7102714264667769,0.2897285735332231,True,False,outer-1-fruits,closed_set,fruits,False
testing/pistachios/pistachios_6.csv#512:640,testing/pistachios/pistachios_6.csv,nuts,nuts,recognize,0.8640932635413909,0.6367224621089321,0.7417463112505628,0.2582536887494372,True,False,outer-1-fruits,closed_set,fruits,False
testing/potato/potato_6.csv#0:128,testing/potato/potato_6.csv,vegetables,vegetables,recognize,0.8330995641273913,0.23841053504376875,0.44566771571243735,0.5543322842875626,True,False,outer-1-fruits,closed_set,fruits,False
testing/potato/potato_6.csv#128:256,testing/potato/potato_6.csv,vegetables,vegetables,recognize,0.933657371283011,0.2757420251539825,0.507393904533274,0.49260609546672596,True,False,outer-1-fruits,closed_set,fruits,False
testing/potato/potato_6.csv#256:384,testing/potato/potato_6.csv,vegetables,nuts,recognize,0.4906213387330488,0.3210277160641003,0.2857439063092779,0.7142560936907221,False,False,outer-1-fruits,closed_set,fruits,False
testing/potato/potato_6.csv#384:512,testing/potato/potato_6.csv,vegetables,vegetables,recognize,0.8219603170879305,0.27552226394533696,0.4758869271552788,0.5241130728447212,True,False,outer-1-fruits,closed_set,fruits,False
testing/radish/radish_6.csv#0:128,testing/radish/radish_6.csv,vegetables,vegetables,recognize,0.9915623633470844,0.3647879309045173,0.6014232975934471,0.39857670240655285,True,False,outer-1-fruits,closed_set,fruits,False
testing/radish/radish_6.csv#128:256,testing/radish/radish_6.csv,vegetables,vegetables,recognize,0.9403866670802554,0.4905352189147223,0.679185379407345,0.320814620592655,True,False,outer-1-fruits,closed_set,fruits,False
testing/radish/radish_6.csv#256:384,testing/radish/radish_6.csv,vegetables,vegetables,recognize,0.9552968382350197,0.5001962508978459,0.6912567518510925,0.3087432481489075,True,False,outer-1-fruits,closed_set,fruits,False
testing/radish/radish_6.csv#384:512,testing/radish/radish_6.csv,vegetables,vegetables,recognize,0.954166454227471,0.48635210005510654,0.6812201250812143,0.3187798749187857,True,False,outer-1-fruits,closed_set,fruits,False
testing/radish/radish_6.csv#512:640,testing/radish/radish_6.csv,vegetables,vegetables,recognize,0.851315989421353,0.4545181246770434,0.622043846540881,0.37795615345911904,True,False,outer-1-fruits,closed_set,fruits,False
testing/saffron/saffron_6.csv#0:128,testing/saffron/saffron_6.csv,spices,spices,recognize,0.5213526916329625,0.5746792082376659,0.5473669263302331,0.4526330736697669,True,False,outer-1-fruits,closed_set,fruits,False
testing/saffron/saffron_6.csv#128:256,testing/saffron/saffron_6.csv,spices,spices,recognize,0.9028283536969921,0.6093596867889853,0.7417190861997649,0.2582809138002351,True,False,outer-1-fruits,closed_set,fruits,False
testing/saffron/saffron_6.csv#256:384,testing/saffron/saffron_6.csv,spices,spices,recognize,0.7596716328490369,0.6248173802695237,0.688952857241921,0.311047142758079,True,False,outer-1-fruits,closed_set,fruits,False
testing/saffron/saffron_6.csv#384:512,testing/saffron/saffron_6.csv,spices,spices,recognize,0.9911569598615982,0.49231252607801995,0.6985406120257247,0.3014593879742753,True,False,outer-1-fruits,closed_set,fruits,False
testing/star_anise/star_anise_6.csv#0:128,testing/star_anise/star_anise_6.csv,spices,spices,recognize,0.9655520032351207,0.445431224037336,0.6558101940902731,0.3441898059097269,True,False,outer-1-fruits,closed_set,fruits,False
testing/star_anise/star_anise_6.csv#128:256,testing/star_anise/star_anise_6.csv,spices,spices,recognize,0.9882578718010355,0.5096655383459704,0.7097048543275702,0.29029514567242976,True,False,outer-1-fruits,closed_set,fruits,False
testing/star_anise/star_anise_6.csv#256:384,testing/star_anise/star_anise_6.csv,spices,spices,recognize,0.9878544183755417,0.4474167048785181,0.6648176958905877,0.3351823041094123,True,False,outer-1-fruits,closed_set,fruits,False
testing/star_anise/star_anise_6.csv#384:512,testing/star_anise/star_anise_6.csv,spices,spices,recognize,0.9846611677470614,0.4070464597548317,0.6330899165122595,0.36691008348774046,True,False,outer-1-fruits,closed_set,fruits,False
testing/sweet_potato/sweet_potato_6.csv#0:128,testing/sweet_potato/sweet_potato_6.csv,vegetables,vegetables,recognize,1.0,1.260927446353292e-11,3.5509540216022116e-06,0.9999964490459784,True,False,outer-1-fruits,closed_set,fruits,False
testing/sweet_potato/sweet_potato_6.csv#128:256,testing/sweet_potato/sweet_potato_6.csv,vegetables,vegetables,recognize,1.0,4.869010148681961e-10,2.2065833654502977e-05,0.9999779341663455,True,False,outer-1-fruits,closed_set,fruits,False
testing/sweet_potato/sweet_potato_6.csv#256:384,testing/sweet_potato/sweet_potato_6.csv,vegetables,vegetables,recognize,0.9999999999885478,0.00048518816644885275,0.02202698723028858,0.9779730127697114,True,False,outer-1-fruits,closed_set,fruits,False
testing/sweet_potato/sweet_potato_6.csv#384:512,testing/sweet_potato/sweet_potato_6.csv,vegetables,vegetables,recognize,0.999999986321114,0.00827701115884302,0.09097808002822838,0.9090219199717716,True,False,outer-1-fruits,closed_set,fruits,False
testing/tomato/tomato_6.csv#0:128,testing/tomato/tomato_6.csv,vegetables,vegetables,recognize,0.9967959758091952,0.47790311269587105,0.6901970005454475,0.3098029994545525,True,False,outer-1-fruits,closed_set,fruits,False
testing/tomato/tomato_6.csv#128:256,testing/tomato/tomato_6.csv,vegetables,vegetables,recognize,0.9948869771323732,0.41972398662268356,0.6462026990666243,0.3537973009333757,True,False,outer-1-fruits,closed_set,fruits,False
testing/tomato/tomato_6.csv#256:384,testing/tomato/tomato_6.csv,vegetables,vegetables,recognize,0.9759735556261818,0.5052990233047754,0.7022524363996173,0.2977475636003827,True,False,outer-1-fruits,closed_set,fruits,False
testing/tomato/tomato_6.csv#384:512,testing/tomato/tomato_6.csv,vegetables,vegetables,recognize,0.9692146237226903,0.5061733200655861,0.7004217186422991,0.2995782813577009,True,False,outer-1-fruits,closed_set,fruits,False
testing/walnuts/walnuts_6.csv#0:128,testing/walnuts/walnuts_6.csv,nuts,nuts,recognize,0.8596155569669878,0.2680014553234087,0.4799773122615227,0.5200226877384773,True,False,outer-1-fruits,closed_set,fruits,False
testing/walnuts/walnuts_6.csv#128:256,testing/walnuts/walnuts_6.csv,nuts,nuts,recognize,0.9476376491449519,0.3367842479727458,0.5649331226065112,0.4350668773934888,True,False,outer-1-fruits,closed_set,fruits,False
testing/walnuts/walnuts_6.csv#256:384,testing/walnuts/walnuts_6.csv,nuts,nuts,recognize,0.9268209251797964,0.44058063983816553,0.6390143630867112,0.3609856369132888,True,False,outer-1-fruits,closed_set,fruits,False
testing/walnuts/walnuts_6.csv#384:512,testing/walnuts/walnuts_6.csv,nuts,nuts,recognize,0.7702909421579188,0.3358329565153235,0.5086148685222129,0.49138513147778706,True,False,outer-1-fruits,closed_set,fruits,False
testing/walnuts/walnuts_6.csv#512:640,testing/walnuts/walnuts_6.csv,nuts,vegetables,recognize,0.5645664589460307,0.12273900021837542,0.26323814831415354,0.7367618516858465,True,False,outer-1-fruits,closed_set,fruits,False
testing/walnuts/walnuts_6.csv#640:768,testing/walnuts/walnuts_6.csv,nuts,vegetables,recognize,0.7120740091747412,0.3619630436610902,0.3655334953035119,0.6344665046964881,False,False,outer-1-fruits,closed_set,fruits,False
testing/apple/apple_6.csv#0:128,testing/apple/apple_6.csv,fruits,nuts,recognize,0.6460776881253166,0.3190699871363586,0.45403083555991336,0.5459691644400866,True,False,outer-1-fruits,closed_set,fruits,True
testing/apple/apple_6.csv#128:256,testing/apple/apple_6.csv,fruits,nuts,recognize,0.888320648323152,0.5030933685252046,0.668511950001934,0.331488049998066,True,False,outer-1-fruits,closed_set,fruits,True
testing/apple/apple_6.csv#256:384,testing/apple/apple_6.csv,fruits,nuts,recognize,0.8913854405832647,0.41526886025274284,0.43805631705530473,0.5619436829446953,False,False,outer-1-fruits,closed_set,fruits,True
testing/apple/apple_6.csv#384:512,testing/apple/apple_6.csv,fruits,nuts,recognize,0.9051627563696725,0.3812547720514442,0.4229640722201037,0.5770359277798963,False,False,outer-1-fruits,closed_set,fruits,True
testing/banana/banana_6.csv#0:128,testing/banana/banana_6.csv,fruits,vegetables,recognize,0.987751585769358,0.08500619549656879,0.28976715549205345,0.7102328445079465,True,False,outer-1-fruits,closed_set,fruits,True
testing/banana/banana_6.csv#128:256,testing/banana/banana_6.csv,fruits,vegetables,recognize,0.8854800735723307,0.08458255373605593,0.27367163883957435,0.7263283611604257,True,False,outer-1-fruits,closed_set,fruits,True
testing/banana/banana_6.csv#256:384,testing/banana/banana_6.csv,fruits,vegetables,recognize,0.9390820324562733,0.04456912458212787,0.20458265834958125,0.7954173416504188,True,False,outer-1-fruits,closed_set,fruits,True
testing/banana/banana_6.csv#384:512,testing/banana/banana_6.csv,fruits,vegetables,recognize,0.9426275788458047,0.19002856102971608,0.4232329883113951,0.5767670116886049,True,False,outer-1-fruits,closed_set,fruits,True
testing/kiwi/kiwi_6.csv#0:128,testing/kiwi/kiwi_6.csv,fruits,vegetables,recognize,0.5957864212755388,0.3503313697127265,0.32894047135378585,0.6710595286462142,False,False,outer-1-fruits,closed_set,fruits,True
testing/kiwi/kiwi_6.csv#128:256,testing/kiwi/kiwi_6.csv,fruits,vegetables,recognize,0.7863882291591774,0.3624110315275851,0.5338499501833155,0.4661500498166845,True,False,outer-1-fruits,closed_set,fruits,True
testing/kiwi/kiwi_6.csv#256:384,testing/kiwi/kiwi_6.csv,fruits,vegetables,recognize,0.5560334065007397,0.34358272645437477,0.31470134543823497,0.685298654561765,False,False,outer-1-fruits,closed_set,fruits,True
testing/kiwi/kiwi_6.csv#384:512,testing/kiwi/kiwi_6.csv,fruits,vegetables,recognize,0.6967084225748761,0.3402679010385235,0.48689579232666796,0.5131042076733321,True,False,outer-1-fruits,closed_set,fruits,True
testing/lemon/lemon_6.csv#0:128,testing/lemon/lemon_6.csv,fruits,spices,recognize,0.9999999999983011,0.002991533993786608,0.05469491744011984,0.9453050825598801,True,False,outer-1-fruits,closed_set,fruits,True
testing/lemon/lemon_6.csv#128:256,testing/lemon/lemon_6.csv,fruits,spices,recognize,0.9999999677958421,0.03943546767012672,0.19858365088833646,0.8014163491116635,True,False,outer-1-fruits,closed_set,fruits,True
testing/lemon/lemon_6.csv#256:384,testing/lemon/lemon_6.csv,fruits,spices,recognize,0.9999999712896425,0.042239582289803804,0.20552270209660609,0.7944772979033939,True,False,outer-1-fruits,closed_set,fruits,True
testing/lemon/lemon_6.csv#384:512,testing/lemon/lemon_6.csv,fruits,spices,recognize,0.9999999895502419,0.04070938270583131,0.2017656617971158,0.7982343382028843,True,False,outer-1-fruits,closed_set,fruits,True
testing/mandarin_orange/mandarin_orange_6.csv#0:128,testing/mandarin_orange/mandarin_orange_6.csv,fruits,nuts,recognize,0.5251646626489518,0.11994930063971584,0.18070871774327052,0.8192912822567295,False,False,outer-1-fruits,closed_set,fruits,True
testing/mandarin_orange/mandarin_orange_6.csv#128:256,testing/mandarin_orange/mandarin_orange_6.csv,fruits,vegetables,recognize,0.994754433631489,0.3975804176530118,0.6288838391828753,0.37111616081712473,True,False,outer-1-fruits,closed_set,fruits,True
testing/mandarin_orange/mandarin_orange_6.csv#256:384,testing/mandarin_orange/mandarin_orange_6.csv,fruits,vegetables,recognize,0.991240598667644,0.38254113847032767,0.6157843024244202,0.38421569757557983,True,False,outer-1-fruits,closed_set,fruits,True
testing/mandarin_orange/mandarin_orange_6.csv#384:512,testing/mandarin_orange/mandarin_orange_6.csv,fruits,vegetables,recognize,0.9996000642842536,0.3344093467362962,0.5781657240747301,0.4218342759252699,True,False,outer-1-fruits,closed_set,fruits,True
testing/mango/mango_6.csv#0:128,testing/mango/mango_6.csv,fruits,nuts,recognize,0.5454723219557307,0.3106714704973225,0.4116584608356493,0.5883415391643507,True,False,outer-1-fruits,closed_set,fruits,True
testing/mango/mango_6.csv#128:256,testing/mango/mango_6.csv,fruits,spices,recognize,0.4219216493915922,0.2849856831418914,0.3467587482446787,0.6532412517553212,True,False,outer-1-fruits,closed_set,fruits,True
testing/mango/mango_6.csv#256:384,testing/mango/mango_6.csv,fruits,nuts,recognize,0.5886388469074145,0.32149111204439923,0.43501972079987083,0.5649802792001292,True,False,outer-1-fruits,closed_set,fruits,True
testing/mango/mango_6.csv#384:512,testing/mango/mango_6.csv,fruits,nuts,recognize,0.6998823487220016,0.3000959046745605,0.3299704515745063,0.6700295484254937,False,False,outer-1-fruits,closed_set,fruits,True
testing/peach/peach_6.csv#0:128,testing/peach/peach_6.csv,fruits,vegetables,recognize,0.9999999999902474,1.8519359260835088e-07,0.00043034125134193765,0.9995696587486581,True,False,outer-1-fruits,closed_set,fruits,True
testing/peach/peach_6.csv#128:256,testing/peach/peach_6.csv,fruits,vegetables,recognize,0.9999998297210874,2.1704177142935077e-07,0.0004658773813695122,0.9995341226186305,True,False,outer-1-fruits,closed_set,fruits,True
testing/peach/peach_6.csv#256:384,testing/peach/peach_6.csv,fruits,vegetables,recognize,0.9999999974457472,1.1970493160344376e-12,1.0940974878761359e-06,0.9999989059025122,True,False,outer-1-fruits,closed_set,fruits,True
testing/peach/peach_6.csv#384:512,testing/peach/peach_6.csv,fruits,vegetables,recognize,1.0,1.127439937810575e-11,3.357737240777746e-06,0.9999966422627592,True,False,outer-1-fruits,closed_set,fruits,True
testing/pear/pear_6.csv#0:128,testing/pear/pear_6.csv,fruits,vegetables,recognize,0.9534004965628884,0.2804718945752293,0.5171093149034909,0.4828906850965091,True,False,outer-1-fruits,closed_set,fruits,True
testing/pear/pear_6.csv#128:256,testing/pear/pear_6.csv,fruits,vegetables,recognize,0.9527547002906445,0.4049585225621223,0.6211490447499834,0.37885095525001655,True,False,outer-1-fruits,closed_set,fruits,True
testing/pear/pear_6.csv#256:384,testing/pear/pear_6.csv,fruits,vegetables,recognize,0.9377487831103598,0.4010826669770443,0.6132819766505299,0.38671802334947014,True,False,outer-1-fruits,closed_set,fruits,True
testing/pear/pear_6.csv#384:512,testing/pear/pear_6.csv,fruits,vegetables,recognize,0.956117902294904,0.32556824084233194,0.5579261810383275,0.4420738189616725,True,False,outer-1-fruits,closed_set,fruits,True
testing/pineapple/pineapple_6.csv#0:128,testing/pineapple/pineapple_6.csv,fruits,vegetables,recognize,0.9999999854241903,0.012796314614894956,0.11312079573791156,0.8868792042620884,True,False,outer-1-fruits,closed_set,fruits,True
testing/pineapple/pineapple_6.csv#128:256,testing/pineapple/pineapple_6.csv,fruits,vegetables,recognize,0.9999997716420319,0.01589808287281119,0.12608758559968258,0.8739124144003174,True,False,outer-1-fruits,closed_set,fruits,True
testing/pineapple/pineapple_6.csv#256:384,testing/pineapple/pineapple_6.csv,fruits,vegetables,recognize,0.999999877355361,0.028705809203142352,0.1694278775247118,0.8305721224752882,True,False,outer-1-fruits,closed_set,fruits,True
testing/pineapple/pineapple_6.csv#384:512,testing/pineapple/pineapple_6.csv,fruits,vegetables,recognize,0.9999989633563556,0.010070841286363222,0.10035352931755619,0.8996464706824439,True,False,outer-1-fruits,closed_set,fruits,True
testing/strawberry/strawberry_6.csv#0:128,testing/strawberry/strawberry_6.csv,fruits,nuts,recognize,0.7476349523334367,0.518610475155879,0.6226807511661064,0.37731924883389356,True,False,outer-1-fruits,closed_set,fruits,True
testing/strawberry/strawberry_6.csv#128:256,testing/strawberry/strawberry_6.csv,fruits,nuts,recognize,0.5307028980288383,0.4692483994737036,0.4990305456543602,0.5009694543456398,True,False,outer-1-fruits,closed_set,fruits,True
testing/strawberry/strawberry_6.csv#256:384,testing/strawberry/strawberry_6.csv,fruits,spices,recognize,0.5647826072266071,0.5148251463178471,0.3882424591775424,0.6117575408224576,False,False,outer-1-fruits,closed_set,fruits,True
testing/strawberry/strawberry_6.csv#384:512,testing/strawberry/strawberry_6.csv,fruits,nuts,recognize,0.611831191553321,0.5407613054659706,0.5751996469654465,0.42480035303455355,True,False,outer-1-fruits,closed_set,fruits,True
testing/strawberry/strawberry_6.csv#512:640,testing/strawberry/strawberry_6.csv,fruits,nuts,recognize,0.5153044554806478,0.5042606005621326,0.5097526205847442,0.49024737941525576,True,False,outer-1-fruits,closed_set,fruits,True
testing/allspice/allspice_6.csv#0:128,testing/allspice/allspice_6.csv,spices,spices,recognize,0.9986982289833909,0.25338979684889285,0.9986982289833909,0.00130177101660911,True,False,outer-1-fruits,confidence_threshold,fruits,False
testing/allspice/allspice_6.csv#128:256,testing/allspice/allspice_6.csv,spices,spices,recognize,0.9816472960655336,0.26453135628543484,0.9816472960655336,0.01835270393446642,True,False,outer-1-fruits,confidence_threshold,fruits,False
testing/allspice/allspice_6.csv#256:384,testing/allspice/allspice_6.csv,spices,spices,recognize,0.999732362779906,0.09331133105942938,0.999732362779906,0.00026763722009404134,True,False,outer-1-fruits,confidence_threshold,fruits,False
testing/allspice/allspice_6.csv#384:512,testing/allspice/allspice_6.csv,spices,spices,recognize,0.998752850714126,0.25200180491020974,0.998752850714126,0.001247149285873994,True,False,outer-1-fruits,confidence_threshold,fruits,False
testing/almond/almond_6.csv#0:128,testing/almond/almond_6.csv,nuts,nuts,recognize,0.7636370816984206,0.5547299389599963,0.7636370816984206,0.2363629183015794,True,False,outer-1-fruits,confidence_threshold,fruits,False
testing/almond/almond_6.csv#128:256,testing/almond/almond_6.csv,nuts,nuts,abstain_unknown,0.6875372617123957,0.45342245172373186,0.6875372617123957,0.3124627382876043,True,False,outer-1-fruits,confidence_threshold,fruits,False
testing/almond/almond_6.csv#256:384,testing/almond/almond_6.csv,nuts,nuts,recognize,0.7555541419989887,0.4626765257637417,0.7555541419989887,0.24444585800101126,True,False,outer-1-fruits,confidence_threshold,fruits,False
testing/almond/almond_6.csv#384:512,testing/almond/almond_6.csv,nuts,nuts,recognize,0.8934271168044817,0.5164021536167323,0.8934271168044817,0.10657288319551828,True,False,outer-1-fruits,confidence_threshold,fruits,False
testing/asparagus/asparagus_6.csv#0:128,testing/asparagus/asparagus_6.csv,vegetables,vegetables,recognize,0.846106099616558,0.24667792449107215,0.846106099616558,0.15389390038344197,True,False,outer-1-fruits,confidence_threshold,fruits,False
testing/asparagus/asparagus_6.csv#128:256,testing/asparagus/asparagus_6.csv,vegetables,nuts,abstain_unknown,0.49947933859525956,0.5581197775135762,0.49947933859525956,0.5005206614047404,False,False,outer-1-fruits,confidence_threshold,fruits,False
testing/asparagus/asparagus_6.csv#256:384,testing/asparagus/asparagus_6.csv,vegetables,vegetables,recognize,0.9901018688422586,0.1213780598884158,0.9901018688422586,0.009898131157741408,True,False,outer-1-fruits,confidence_threshold,fruits,False
testing/asparagus/asparagus_6.csv#384:512,testing/asparagus/asparagus_6.csv,vegetables,nuts,recognize,0.7403507961263125,0.2110647112479545,0.7403507961263125,0.2596492038736875,False,False,outer-1-fruits,confidence_threshold,fruits,False
testing/avocado/avocado_6.csv#0:128,testing/avocado/avocado_6.csv,vegetables,vegetables,recognize,0.9963321647639508,0.24265742494702477,0.9963321647639508,0.0036678352360491884,True,False,outer-1-fruits,confidence_threshold,fruits,False
testing/avocado/avocado_6.csv#128:256,testing/avocado/avocado_6.csv,vegetables,vegetables,recognize,0.9823509227362126,0.30756153897003946,0.9823509227362126,0.017649077263787394,True,False,outer-1-fruits,confidence_threshold,fruits,False
testing/avocado/avocado_6.csv#256:384,testing/avocado/avocado_6.csv,vegetables,vegetables,recognize,0.9879100110387792,0.3241880952436648,0.9879100110387792,0.012089988961220821,True,False,outer-1-fruits,confidence_threshold,fruits,False
testing/avocado/avocado_6.csv#384:512,testing/avocado/avocado_6.csv,vegetables,vegetables,recognize,0.9972238062206985,0.3410810626486016,0.9972238062206985,0.0027761937793014946,True,False,outer-1-fruits,confidence_threshold,fruits,False
testing/brazil_nut/brazil_nut_6.csv#0:128,testing/brazil_nut/brazil_nut_6.csv,nuts,nuts,recognize,0.8524515526523593,0.500470808479729,0.8524515526523593,0.14754844734764072,True,False,outer-1-fruits,confidence_threshold,fruits,False
testing/brazil_nut/brazil_nut_6.csv#128:256,testing/brazil_nut/brazil_nut_6.csv,nuts,nuts,abstain_unknown,0.4350043889048714,0.5356406909700647,0.4350043889048714,0.5649956110951286,True,False,outer-1-fruits,confidence_threshold,fruits,False
testing/brazil_nut/brazil_nut_6.csv#256:384,testing/brazil_nut/brazil_nut_6.csv,nuts,nuts,abstain_unknown,0.6401435049853155,0.47367056402614305,0.6401435049853155,0.35985649501468453,True,False,outer-1-fruits,confidence_threshold,fruits,False
testing/brazil_nut/brazil_nut_6.csv#384:512,testing/brazil_nut/brazil_nut_6.csv,nuts,nuts,recognize,0.7704705793251658,0.48722748478208305,0.7704705793251658,0.22952942067483417,True,False,outer-1-fruits,confidence_threshold,fruits,False
testing/broccoli/broccoli_6.csv#0:128,testing/broccoli/broccoli_6.csv,vegetables,vegetables,recognize,0.9999834123396889,0.15172209307954584,0.9999834123396889,1.658766031109593e-05,True,False,outer-1-fruits,confidence_threshold,fruits,False
testing/broccoli/broccoli_6.csv#128:256,testing/broccoli/broccoli_6.csv,vegetables,vegetables,recognize,0.9995595839913273,0.29082472846251206,0.9995595839913273,0.00044041600867272823,True,False,outer-1-fruits,confidence_threshold,fruits,False
testing/broccoli/broccoli_6.csv#256:384,testing/broccoli/broccoli_6.csv,vegetables,vegetables,recognize,0.9992784170856044,0.21531313785961623,0.9992784170856044,0.0007215829143956132,True,False,outer-1-fruits,confidence_threshold,fruits,False
testing/broccoli/broccoli_6.csv#384:512,testing/broccoli/broccoli_6.csv,vegetables,vegetables,recognize,0.999961832534738,0.163146747439234,0.999961832534738,3.8167465261973454e-05,True,False,outer-1-fruits,confidence_threshold,fruits,False
testing/brussel_sprouts/brussel_sprouts_6.csv#0:128,testing/brussel_sprouts/brussel_sprouts_6.csv,vegetables,nuts,abstain_unknown,0.41989913222912323,0.20454394647152854,0.41989913222912323,0.5801008677708768,False,False,outer-1-fruits,confidence_threshold,fruits,False
testing/brussel_sprouts/brussel_sprouts_6.csv#128:256,testing/brussel_sprouts/brussel_sprouts_6.csv,vegetables,nuts,abstain_unknown,0.6444718750522186,0.45295038531762744,0.6444718750522186,0.3555281249477814,False,False,outer-1-fruits,confidence_threshold,fruits,False
testing/brussel_sprouts/brussel_sprouts_6.csv#256:384,testing/brussel_sprouts/brussel_sprouts_6.csv,vegetables,nuts,abstain_unknown,0.467439967059455,0.3726845024004818,0.467439967059455,0.532560032940545,False,False,outer-1-fruits,confidence_threshold,fruits,False
testing/brussel_sprouts/brussel_sprouts_6.csv#384:512,testing/brussel_sprouts/brussel_sprouts_6.csv,vegetables,nuts,abstain_unknown,0.5467661255580684,0.3875321133184079,0.5467661255580684,0.45323387444193164,False,False,outer-1-fruits,confidence_threshold,fruits,False
testing/cabbage/cabbage_6.csv#0:128,testing/cabbage/cabbage_6.csv,vegetables,vegetables,recognize,0.8948985490199151,0.35627291712535925,0.8948985490199151,0.10510145098008494,True,False,outer-1-fruits,confidence_threshold,fruits,False
testing/cabbage/cabbage_6.csv#128:256,testing/cabbage/cabbage_6.csv,vegetables,vegetables,recognize,0.9371027858997643,0.588076712919125,0.9371027858997643,0.06289721410023574,True,False,outer-1-fruits,confidence_threshold,fruits,False
testing/cabbage/cabbage_6.csv#256:384,testing/cabbage/cabbage_6.csv,vegetables,vegetables,recognize,0.9143516703739076,0.6036672754178566,0.9143516703739076,0.08564832962609237,True,False,outer-1-fruits,confidence_threshold,fruits,False
testing/cabbage/cabbage_6.csv#384:512,testing/cabbage/cabbage_6.csv,vegetables,vegetables,recognize,0.9689837206154323,0.5474384417121614,0.9689837206154323,0.031016279384567746,True,False,outer-1-fruits,confidence_threshold,fruits,False
testing/cabbage/cabbage_6.csv#512:640,testing/cabbage/cabbage_6.csv,vegetables,vegetables,recognize,0.9103983223334513,0.39666610157692855,0.9103983223334513,0.0896016776665487,True,False,outer-1-fruits,confidence_threshold,fruits,False
testing/cashew/cashew_6.csv#0:128,testing/cashew/cashew_6.csv,nuts,nuts,recognize,0.9756672430597897,0.03423807053177311,0.9756672430597897,0.02433275694021031,False,False,outer-1-fruits,confidence_threshold,fruits,False
testing/cashew/cashew_6.csv#128:256,testing/cashew/cashew_6.csv,nuts,nuts,recognize,0.8581203446233705,0.3920715328004941,0.8581203446233705,0.1418796553766295,False,False,outer-1-fruits,confidence_threshold,fruits,False
testing/cashew/cashew_6.csv#256:384,testing/cashew/cashew_6.csv,nuts,nuts,abstain_unknown,0.7085736049348063,0.32369394176795385,0.7085736049348063,0.29142639506519374,False,False,outer-1-fruits,confidence_threshold,fruits,False
testing/cashew/cashew_6.csv#384:512,testing/cashew/cashew_6.csv,nuts,nuts,abstain_unknown,0.5028270670816423,0.19408957956986114,0.5028270670816423,0.49717293291835774,True,False,outer-1-fruits,confidence_threshold,fruits,False
testing/cauliflower/cauliflower_6.csv#0:128,testing/cauliflower/cauliflower_6.csv,vegetables,vegetables,recognize,0.9079674453968859,0.6360861460936256,0.9079674453968859,0.0920325546031141,True,False,outer-1-fruits,confidence_threshold,fruits,False
testing/cauliflower/cauliflower_6.csv#128:256,testing/cauliflower/cauliflower_6.csv,vegetables,vegetables,recognize,0.9207176184079969,0.7105040642240269,0.9207176184079969,0.07928238159200307,True,False,outer-1-fruits,confidence_threshold,fruits,False
testing/cauliflower/cauliflower_6.csv#256:384,testing/cauliflower/cauliflower_6.csv,vegetables,vegetables,recognize,0.8792849653062167,0.6222127037736861,0.8792849653062167,0.12071503469378331,True,False,outer-1-fruits,confidence_threshold,fruits,False
testing/cauliflower/cauliflower_6.csv#384:512,testing/cauliflower/cauliflower_6.csv,vegetables,vegetables,recognize,0.8277442044578711,0.46181431815019447,0.8277442044578711,0.1722557955421289,True,False,outer-1-fruits,confidence_threshold,fruits,False
testing/chervil/chervil_6.csv#0:128,testing/chervil/chervil_6.csv,spices,nuts,abstain_unknown,0.7223168021739304,0.31954775197190266,0.7223168021739304,0.27768319782606965,True,False,outer-1-fruits,confidence_threshold,fruits,False
testing/chervil/chervil_6.csv#128:256,testing/chervil/chervil_6.csv,spices,nuts,recognize,0.9372237139614916,0.23655298217117268,0.9372237139614916,0.06277628603850838,True,False,outer-1-fruits,confidence_threshold,fruits,False
testing/chervil/chervil_6.csv#256:384,testing/chervil/chervil_6.csv,spices,nuts,recognize,0.9564640593031922,0.29773016624327875,0.9564640593031922,0.04353594069680777,True,False,outer-1-fruits,confidence_threshold,fruits,False
testing/chervil/chervil_6.csv#384:512,testing/chervil/chervil_6.csv,spices,nuts,recognize,0.9260771749677635,0.07912417109053294,0.9260771749677635,0.07392282503223646,True,False,outer-1-fruits,confidence_threshold,fruits,False
testing/chestnuts/chestnuts_6.csv#0:128,testing/chestnuts/chestnuts_6.csv,nuts,vegetables,recognize,0.9854945953443703,0.02703554195126031,0.9854945953443703,0.014505404655629661,False,False,outer-1-fruits,confidence_threshold,fruits,False
testing/chestnuts/chestnuts_6.csv#128:256,testing/chestnuts/chestnuts_6.csv,nuts,vegetables,abstain_unknown,0.5423293507263175,0.16779879896990707,0.5423293507263175,0.4576706492736825,False,False,outer-1-fruits,confidence_threshold,fruits,False
testing/chestnuts/chestnuts_6.csv#256:384,testing/chestnuts/chestnuts_6.csv,nuts,nuts,abstain_unknown,0.538600187473156,0.17717518369576815,0.538600187473156,0.46139981252684403,True,False,outer-1-fruits,confidence_threshold,fruits,False
testing/chestnuts/chestnuts_6.csv#384:512,testing/chestnuts/chestnuts_6.csv,nuts,nuts,abstain_unknown,0.5287565304800317,0.03229015943708124,0.5287565304800317,0.4712434695199683,True,False,outer-1-fruits,confidence_threshold,fruits,False
testing/cinnamon/cinnamon_6.csv#0:128,testing/cinnamon/cinnamon_6.csv,spices,spices,recognize,0.9335717007152038,0.18196520289464976,0.9335717007152038,0.06642829928479621,True,False,outer-1-fruits,confidence_threshold,fruits,False
testing/cinnamon/cinnamon_6.csv#128:256,testing/cinnamon/cinnamon_6.csv,spices,spices,recognize,0.9981395954725963,0.051842138449630794,0.9981395954725963,0.0018604045274036585,True,False,outer-1-fruits,confidence_threshold,fruits,False
testing/cinnamon/cinnamon_6.csv#256:384,testing/cinnamon/cinnamon_6.csv,spices,spices,recognize,0.9906416481149736,0.3046336739135876,0.9906416481149736,0.009358351885026428,True,False,outer-1-fruits,confidence_threshold,fruits,False
testing/cinnamon/cinnamon_6.csv#384:512,testing/cinnamon/cinnamon_6.csv,spices,spices,recognize,0.9479951828376372,0.25706910129186367,0.9479951828376372,0.052004817162362826,True,False,outer-1-fruits,confidence_threshold,fruits,False
testing/cloves/cloves_6.csv#0:128,testing/cloves/cloves_6.csv,spices,spices,recognize,0.9331031587728202,0.17213093898227183,0.9331031587728202,0.06689684122717976,True,False,outer-1-fruits,confidence_threshold,fruits,False
testing/cloves/cloves_6.csv#128:256,testing/cloves/cloves_6.csv,spices,spices,recognize,0.9968993095440118,0.29122934522058186,0.9968993095440118,0.003100690455988153,True,False,outer-1-fruits,confidence_threshold,fruits,False
testing/cloves/cloves_6.csv#256:384,testing/cloves/cloves_6.csv,spices,spices,recognize,0.9638310891409797,0.27055021837329674,0.9638310891409797,0.0361689108590203,True,False,outer-1-fruits,confidence_threshold,fruits,False
testing/cloves/cloves_6.csv#384:512,testing/cloves/cloves_6.csv,spices,spices,recognize,0.9959401680116453,0.31760858301924766,0.9959401680116453,0.00405983198835469,True,False,outer-1-fruits,confidence_threshold,fruits,False
testing/cumin/cumin_6.csv#0:128,testing/cumin/cumin_6.csv,spices,spices,recognize,0.9999999999989413,0.0008397059980282353,0.9999999999989413,1.0587086762825493e-12,True,False,outer-1-fruits,confidence_threshold,fruits,False
testing/cumin/cumin_6.csv#128:256,testing/cumin/cumin_6.csv,spices,spices,recognize,0.9999973429044566,0.0755681395063999,0.9999973429044566,2.6570955433680155e-06,True,False,outer-1-fruits,confidence_threshold,fruits,False
testing/cumin/cumin_6.csv#256:384,testing/cumin/cumin_6.csv,spices,spices,recognize,0.9999999966844042,0.13758239396058222,0.9999999966844042,3.315595797914739e-09,True,False,outer-1-fruits,confidence_threshold,fruits,False
testing/cumin/cumin_6.csv#384:512,testing/cumin/cumin_6.csv,spices,spices,recognize,0.9999999375197545,0.17560878684136302,0.9999999375197545,6.248024553290321e-08,True,False,outer-1-fruits,confidence_threshold,fruits,False
testing/ginger/ginger_6.csv#0:128,testing/ginger/ginger_6.csv,spices,spices,recognize,0.999959665954393,0.2758353505628022,0.999959665954393,4.0334045606993385e-05,True,False,outer-1-fruits,confidence_threshold,fruits,False
testing/ginger/ginger_6.csv#128:256,testing/ginger/ginger_6.csv,spices,spices,recognize,0.9998677652305136,0.38861490492698797,0.9998677652305136,0.00013223476948642787,True,False,outer-1-fruits,confidence_threshold,fruits,False
testing/ginger/ginger_6.csv#256:384,testing/ginger/ginger_6.csv,spices,spices,recognize,0.9998254164170306,0.37723698247120135,0.9998254164170306,0.0001745835829694009,True,False,outer-1-fruits,confidence_threshold,fruits,False
testing/ginger/ginger_6.csv#384:512,testing/ginger/ginger_6.csv,spices,spices,recognize,0.9998619739316009,0.348275648722786,0.9998619739316009,0.0001380260683990775,True,False,outer-1-fruits,confidence_threshold,fruits,False
testing/hazelnut/hazelnut_6.csv#0:128,testing/hazelnut/hazelnut_6.csv,nuts,nuts,recognize,0.8958436352929244,0.5542251067365854,0.8958436352929244,0.10415636470707557,True,False,outer-1-fruits,confidence_threshold,fruits,False
testing/hazelnut/hazelnut_6.csv#128:256,testing/hazelnut/hazelnut_6.csv,nuts,nuts,abstain_unknown,0.6863309256723336,0.7082722671846269,0.6863309256723336,0.31366907432766644,True,False,outer-1-fruits,confidence_threshold,fruits,False
testing/hazelnut/hazelnut_6.csv#256:384,testing/hazelnut/hazelnut_6.csv,nuts,nuts,recognize,0.8238185944358021,0.6158308661853888,0.8238185944358021,0.17618140556419792,True,False,outer-1-fruits,confidence_threshold,fruits,False
testing/hazelnut/hazelnut_6.csv#384:512,testing/hazelnut/hazelnut_6.csv,nuts,nuts,recognize,0.8136459860861777,0.6649217018665966,0.8136459860861777,0.18635401391382234,True,False,outer-1-fruits,confidence_threshold,fruits,False
testing/mustard/mustard_6.csv#0:128,testing/mustard/mustard_6.csv,spices,nuts,abstain_unknown,0.7057283268751264,0.43631205403501905,0.7057283268751264,0.29427167312487357,False,False,outer-1-fruits,confidence_threshold,fruits,False
testing/mustard/mustard_6.csv#128:256,testing/mustard/mustard_6.csv,spices,nuts,abstain_unknown,0.6167128769174448,0.5076461777174741,0.6167128769174448,0.3832871230825552,False,False,outer-1-fruits,confidence_threshold,fruits,False
testing/mustard/mustard_6.csv#256:384,testing/mustard/mustard_6.csv,spices,nuts,abstain_unknown,0.5601923861499334,0.7139118434906426,0.5601923861499334,0.4398076138500666,False,False,outer-1-fruits,confidence_threshold,fruits,False
testing/mustard/mustard_6.csv#384:512,testing/mustard/mustard_6.csv,spices,spices,abstain_unknown,0.5004373878077961,0.5524807258240828,0.5004373878077961,0.4995626121922039,True,False,outer-1-fruits,confidence_threshold,fruits,False
testing/nutmeg/nutmeg_6.csv#0:128,testing/nutmeg/nutmeg_6.csv,spices,spices,recognize,1.0,0.011463816668626264,1.0,0.0,True,False,outer-1-fruits,confidence_threshold,fruits,False
testing/nutmeg/nutmeg_6.csv#128:256,testing/nutmeg/nutmeg_6.csv,spices,spices,recognize,1.0,0.05863003222552119,1.0,0.0,True,False,outer-1-fruits,confidence_threshold,fruits,False
testing/nutmeg/nutmeg_6.csv#256:384,testing/nutmeg/nutmeg_6.csv,spices,spices,recognize,0.9999999999999998,0.03342450376372524,0.9999999999999998,2.220446049250313e-16,True,False,outer-1-fruits,confidence_threshold,fruits,False
testing/nutmeg/nutmeg_6.csv#384:512,testing/nutmeg/nutmeg_6.csv,spices,spices,recognize,0.9999999999999996,0.11884028316961115,0.9999999999999996,4.440892098500626e-16,True,False,outer-1-fruits,confidence_threshold,fruits,False
testing/peanuts/peanuts_6.csv#0:128,testing/peanuts/peanuts_6.csv,nuts,nuts,recognize,0.9765373576817313,0.4604248105762436,0.9765373576817313,0.023462642318268667,True,False,outer-1-fruits,confidence_threshold,fruits,False
testing/peanuts/peanuts_6.csv#128:256,testing/peanuts/peanuts_6.csv,nuts,nuts,recognize,0.9477977959019284,0.47012738307551083,0.9477977959019284,0.052202204098071636,True,False,outer-1-fruits,confidence_threshold,fruits,False
testing/peanuts/peanuts_6.csv#256:384,testing/peanuts/peanuts_6.csv,nuts,nuts,recognize,0.9370380704277054,0.48339795327376855,0.9370380704277054,0.06296192957229463,False,False,outer-1-fruits,confidence_threshold,fruits,False
testing/peanuts/peanuts_6.csv#384:512,testing/peanuts/peanuts_6.csv,nuts,nuts,recognize,0.9393109330563721,0.35580181471402195,0.9393109330563721,0.060689066943627856,True,False,outer-1-fruits,confidence_threshold,fruits,False
testing/pecans/pecans_6.csv#0:128,testing/pecans/pecans_6.csv,nuts,nuts,recognize,0.959716576177128,0.23797126785581976,0.959716576177128,0.04028342382287198,True,False,outer-1-fruits,confidence_threshold,fruits,False
testing/pecans/pecans_6.csv#128:256,testing/pecans/pecans_6.csv,nuts,nuts,recognize,0.9782913336093628,0.23629608539788685,0.9782913336093628,0.021708666390637177,False,False,outer-1-fruits,confidence_threshold,fruits,False
testing/pecans/pecans_6.csv#256:384,testing/pecans/pecans_6.csv,nuts,nuts,abstain_unknown,0.6358656068340832,0.3212913708763275,0.6358656068340832,0.3641343931659168,True,False,outer-1-fruits,confidence_threshold,fruits,False
testing/pecans/pecans_6.csv#384:512,testing/pecans/pecans_6.csv,nuts,nuts,abstain_unknown,0.7073265028121616,0.2510863933843295,0.7073265028121616,0.2926734971878384,True,False,outer-1-fruits,confidence_threshold,fruits,False
testing/pili_nut/pili_nut_6.csv#0:128,testing/pili_nut/pili_nut_6.csv,nuts,nuts,recognize,0.864844005696304,0.3103426194016631,0.864844005696304,0.13515599430369596,True,False,outer-1-fruits,confidence_threshold,fruits,False
testing/pili_nut/pili_nut_6.csv#128:256,testing/pili_nut/pili_nut_6.csv,nuts,nuts,recognize,0.8034321678623392,0.33528640736620985,0.8034321678623392,0.19656783213766083,True,False,outer-1-fruits,confidence_threshold,fruits,False
testing/pili_nut/pili_nut_6.csv#256:384,testing/pili_nut/pili_nut_6.csv,nuts,nuts,recognize,0.9603945839332586,0.31156755181318635,0.9603945839332586,0.039605416066741395,True,False,outer-1-fruits,confidence_threshold,fruits,False
testing/pili_nut/pili_nut_6.csv#384:512,testing/pili_nut/pili_nut_6.csv,nuts,nuts,abstain_unknown,0.7113935775057535,0.37752506240054473,0.7113935775057535,0.2886064224942465,True,False,outer-1-fruits,confidence_threshold,fruits,False
testing/pistachios/pistachios_6.csv#0:128,testing/pistachios/pistachios_6.csv,nuts,nuts,recognize,0.9248510474394902,0.6470285758937466,0.9248510474394902,0.0751489525605098,True,False,outer-1-fruits,confidence_threshold,fruits,False
testing/pistachios/pistachios_6.csv#128:256,testing/pistachios/pistachios_6.csv,nuts,nuts,recognize,0.9627642248866056,0.6930660687785789,0.9627642248866056,0.037235775113394376,True,False,outer-1-fruits,confidence_threshold,fruits,False
testing/pistachios/pistachios_6.csv#256:384,testing/pistachios/pistachios_6.csv,nuts,nuts,recognize,0.7971205363677262,0.610382355142258,0.7971205363677262,0.20287946363227383,True,False,outer-1-fruits,confidence_threshold,fruits,False
testing/pistachios/pistachios_6.csv#384:512,testing/pistachios/pistachios_6.csv,nuts,nuts,recognize,0.9762101342353454,0.5167796169728436,0.9762101342353454,0.023789865764654583,True,False,outer-1-fruits,confidence_threshold,fruits,False
testing/pistachios/pistachios_6.csv#512:640,testing/pistachios/pistachios_6.csv,nuts,nuts,recognize,0.8640932635413909,0.6367224621089321,0.8640932635413909,0.13590673645860907,True,False,outer-1-fruits,confidence_threshold,fruits,False
testing/potato/potato_6.csv#0:128,testing/potato/potato_6.csv,vegetables,vegetables,recognize,0.8330995641273913,0.23841053504376875,0.8330995641273913,0.16690043587260872,True,False,outer-1-fruits,confidence_threshold,fruits,False
testing/potato/potato_6.csv#128:256,testing/potato/potato_6.csv,vegetables,vegetables,recognize,0.933657371283011,0.2757420251539825,0.933657371283011,0.06634262871698904,True,False,outer-1-fruits,confidence_threshold,fruits,False
testing/potato/potato_6.csv#256:384,testing/potato/potato_6.csv,vegetables,nuts,abstain_unknown,0.4906213387330488,0.3210277160641003,0.4906213387330488,0.5093786612669512,False,False,outer-1-fruits,confidence_threshold,fruits,False
testing/potato/potato_6.csv#384:512,testing/potato/potato_6.csv,vegetables,vegetables,recognize,0.8219603170879305,0.27552226394533696,0.8219603170879305,0.1780396829120695,True,False,outer-1-fruits,confidence_threshold,fruits,False
testing/radish/radish_6.csv#0:128,testing/radish/radish_6.csv,vegetables,vegetables,recognize,0.9915623633470844,0.3647879309045173,0.9915623633470844,0.008437636652915637,True,False,outer-1-fruits,confidence_threshold,fruits,False
testing/radish/radish_6.csv#128:256,testing/radish/radish_6.csv,vegetables,vegetables,recognize,0.9403866670802554,0.4905352189147223,0.9403866670802554,0.05961333291974458,True,False,outer-1-fruits,confidence_threshold,fruits,False
testing/radish/radish_6.csv#256:384,testing/radish/radish_6.csv,vegetables,vegetables,recognize,0.9552968382350197,0.5001962508978459,0.9552968382350197,0.04470316176498035,True,False,outer-1-fruits,confidence_threshold,fruits,False
testing/radish/radish_6.csv#384:512,testing/radish/radish_6.csv,vegetables,vegetables,recognize,0.954166454227471,0.48635210005510654,0.954166454227471,0.04583354577252896,True,False,outer-1-fruits,confidence_threshold,fruits,False
testing/radish/radish_6.csv#512:640,testing/radish/radish_6.csv,vegetables,vegetables,recognize,0.851315989421353,0.4545181246770434,0.851315989421353,0.148684010578647,True,False,outer-1-fruits,confidence_threshold,fruits,False
testing/saffron/saffron_6.csv#0:128,testing/saffron/saffron_6.csv,spices,spices,abstain_unknown,0.5213526916329625,0.5746792082376659,0.5213526916329625,0.4786473083670375,True,False,outer-1-fruits,confidence_threshold,fruits,False
testing/saffron/saffron_6.csv#128:256,testing/saffron/saffron_6.csv,spices,spices,recognize,0.9028283536969921,0.6093596867889853,0.9028283536969921,0.0971716463030079,True,False,outer-1-fruits,confidence_threshold,fruits,False
testing/saffron/saffron_6.csv#256:384,testing/saffron/saffron_6.csv,spices,spices,recognize,0.7596716328490369,0.6248173802695237,0.7596716328490369,0.24032836715096306,True,False,outer-1-fruits,confidence_threshold,fruits,False
testing/saffron/saffron_6.csv#384:512,testing/saffron/saffron_6.csv,spices,spices,recognize,0.9911569598615982,0.49231252607801995,0.9911569598615982,0.008843040138401759,True,False,outer-1-fruits,confidence_threshold,fruits,False
testing/star_anise/star_anise_6.csv#0:128,testing/star_anise/star_anise_6.csv,spices,spices,recognize,0.9655520032351207,0.445431224037336,0.9655520032351207,0.03444799676487931,True,False,outer-1-fruits,confidence_threshold,fruits,False
testing/star_anise/star_anise_6.csv#128:256,testing/star_anise/star_anise_6.csv,spices,spices,recognize,0.9882578718010355,0.5096655383459704,0.9882578718010355,0.011742128198964474,True,False,outer-1-fruits,confidence_threshold,fruits,False
testing/star_anise/star_anise_6.csv#256:384,testing/star_anise/star_anise_6.csv,spices,spices,recognize,0.9878544183755417,0.4474167048785181,0.9878544183755417,0.012145581624458335,True,False,outer-1-fruits,confidence_threshold,fruits,False
testing/star_anise/star_anise_6.csv#384:512,testing/star_anise/star_anise_6.csv,spices,spices,recognize,0.9846611677470614,0.4070464597548317,0.9846611677470614,0.015338832252938639,True,False,outer-1-fruits,confidence_threshold,fruits,False
testing/sweet_potato/sweet_potato_6.csv#0:128,testing/sweet_potato/sweet_potato_6.csv,vegetables,vegetables,recognize,1.0,1.260927446353292e-11,1.0,0.0,True,False,outer-1-fruits,confidence_threshold,fruits,False
testing/sweet_potato/sweet_potato_6.csv#128:256,testing/sweet_potato/sweet_potato_6.csv,vegetables,vegetables,recognize,1.0,4.869010148681961e-10,1.0,0.0,True,False,outer-1-fruits,confidence_threshold,fruits,False
testing/sweet_potato/sweet_potato_6.csv#256:384,testing/sweet_potato/sweet_potato_6.csv,vegetables,vegetables,recognize,0.9999999999885478,0.00048518816644885275,0.9999999999885478,1.1452172543613415e-11,True,False,outer-1-fruits,confidence_threshold,fruits,False
testing/sweet_potato/sweet_potato_6.csv#384:512,testing/sweet_potato/sweet_potato_6.csv,vegetables,vegetables,recognize,0.999999986321114,0.00827701115884302,0.999999986321114,1.3678886023882342e-08,True,False,outer-1-fruits,confidence_threshold,fruits,False
testing/tomato/tomato_6.csv#0:128,testing/tomato/tomato_6.csv,vegetables,vegetables,recognize,0.9967959758091952,0.47790311269587105,0.9967959758091952,0.0032040241908047884,True,False,outer-1-fruits,confidence_threshold,fruits,False
testing/tomato/tomato_6.csv#128:256,testing/tomato/tomato_6.csv,vegetables,vegetables,recognize,0.9948869771323732,0.41972398662268356,0.9948869771323732,0.005113022867626826,True,False,outer-1-fruits,confidence_threshold,fruits,False
testing/tomato/tomato_6.csv#256:384,testing/tomato/tomato_6.csv,vegetables,vegetables,recognize,0.9759735556261818,0.5052990233047754,0.9759735556261818,0.02402644437381818,True,False,outer-1-fruits,confidence_threshold,fruits,False
testing/tomato/tomato_6.csv#384:512,testing/tomato/tomato_6.csv,vegetables,vegetables,recognize,0.9692146237226903,0.5061733200655861,0.9692146237226903,0.030785376277309706,True,False,outer-1-fruits,confidence_threshold,fruits,False
testing/walnuts/walnuts_6.csv#0:128,testing/walnuts/walnuts_6.csv,nuts,nuts,recognize,0.8596155569669878,0.2680014553234087,0.8596155569669878,0.14038444303301223,True,False,outer-1-fruits,confidence_threshold,fruits,False
testing/walnuts/walnuts_6.csv#128:256,testing/walnuts/walnuts_6.csv,nuts,nuts,recognize,0.9476376491449519,0.3367842479727458,0.9476376491449519,0.052362350855048145,True,False,outer-1-fruits,confidence_threshold,fruits,False
testing/walnuts/walnuts_6.csv#256:384,testing/walnuts/walnuts_6.csv,nuts,nuts,recognize,0.9268209251797964,0.44058063983816553,0.9268209251797964,0.07317907482020358,True,False,outer-1-fruits,confidence_threshold,fruits,False
testing/walnuts/walnuts_6.csv#384:512,testing/walnuts/walnuts_6.csv,nuts,nuts,recognize,0.7702909421579188,0.3358329565153235,0.7702909421579188,0.22970905784208118,True,False,outer-1-fruits,confidence_threshold,fruits,False
testing/walnuts/walnuts_6.csv#512:640,testing/walnuts/walnuts_6.csv,nuts,vegetables,abstain_unknown,0.5645664589460307,0.12273900021837542,0.5645664589460307,0.43543354105396925,True,False,outer-1-fruits,confidence_threshold,fruits,False
testing/walnuts/walnuts_6.csv#640:768,testing/walnuts/walnuts_6.csv,nuts,vegetables,abstain_unknown,0.7120740091747412,0.3619630436610902,0.7120740091747412,0.2879259908252588,False,False,outer-1-fruits,confidence_threshold,fruits,False
testing/apple/apple_6.csv#0:128,testing/apple/apple_6.csv,fruits,nuts,abstain_unknown,0.6460776881253166,0.3190699871363586,0.6460776881253166,0.35392231187468337,True,False,outer-1-fruits,confidence_threshold,fruits,True
testing/apple/apple_6.csv#128:256,testing/apple/apple_6.csv,fruits,nuts,recognize,0.888320648323152,0.5030933685252046,0.888320648323152,0.11167935167684795,True,False,outer-1-fruits,confidence_threshold,fruits,True
testing/apple/apple_6.csv#256:384,testing/apple/apple_6.csv,fruits,nuts,recognize,0.8913854405832647,0.41526886025274284,0.8913854405832647,0.10861455941673526,False,False,outer-1-fruits,confidence_threshold,fruits,True
testing/apple/apple_6.csv#384:512,testing/apple/apple_6.csv,fruits,nuts,recognize,0.9051627563696725,0.3812547720514442,0.9051627563696725,0.09483724363032753,False,False,outer-1-fruits,confidence_threshold,fruits,True
testing/banana/banana_6.csv#0:128,testing/banana/banana_6.csv,fruits,vegetables,recognize,0.987751585769358,0.08500619549656879,0.987751585769358,0.012248414230642046,True,False,outer-1-fruits,confidence_threshold,fruits,True
testing/banana/banana_6.csv#128:256,testing/banana/banana_6.csv,fruits,vegetables,recognize,0.8854800735723307,0.08458255373605593,0.8854800735723307,0.11451992642766928,True,False,outer-1-fruits,confidence_threshold,fruits,True
testing/banana/banana_6.csv#256:384,testing/banana/banana_6.csv,fruits,vegetables,recognize,0.9390820324562733,0.04456912458212787,0.9390820324562733,0.06091796754372669,True,False,outer-1-fruits,confidence_threshold,fruits,True
testing/banana/banana_6.csv#384:512,testing/banana/banana_6.csv,fruits,vegetables,recognize,0.9426275788458047,0.19002856102971608,0.9426275788458047,0.057372421154195274,True,False,outer-1-fruits,confidence_threshold,fruits,True
testing/kiwi/kiwi_6.csv#0:128,testing/kiwi/kiwi_6.csv,fruits,vegetables,abstain_unknown,0.5957864212755388,0.3503313697127265,0.5957864212755388,0.4042135787244612,False,False,outer-1-fruits,confidence_threshold,fruits,True
testing/kiwi/kiwi_6.csv#128:256,testing/kiwi/kiwi_6.csv,fruits,vegetables,recognize,0.7863882291591774,0.3624110315275851,0.7863882291591774,0.2136117708408226,True,False,outer-1-fruits,confidence_threshold,fruits,True
testing/kiwi/kiwi_6.csv#256:384,testing/kiwi/kiwi_6.csv,fruits,vegetables,abstain_unknown,0.5560334065007397,0.34358272645437477,0.5560334065007397,0.44396659349926026,False,False,outer-1-fruits,confidence_threshold,fruits,True
testing/kiwi/kiwi_6.csv#384:512,testing/kiwi/kiwi_6.csv,fruits,vegetables,abstain_unknown,0.6967084225748761,0.3402679010385235,0.6967084225748761,0.3032915774251239,True,False,outer-1-fruits,confidence_threshold,fruits,True
testing/lemon/lemon_6.csv#0:128,testing/lemon/lemon_6.csv,fruits,spices,recognize,0.9999999999983011,0.002991533993786608,0.9999999999983011,1.6988632722814145e-12,True,False,outer-1-fruits,confidence_threshold,fruits,True
testing/lemon/lemon_6.csv#128:256,testing/lemon/lemon_6.csv,fruits,spices,recognize,0.9999999677958421,0.03943546767012672,0.9999999677958421,3.220415789595421e-08,True,False,outer-1-fruits,confidence_threshold,fruits,True
testing/lemon/lemon_6.csv#256:384,testing/lemon/lemon_6.csv,fruits,spices,recognize,0.9999999712896425,0.042239582289803804,0.9999999712896425,2.871035753582163e-08,True,False,outer-1-fruits,confidence_threshold,fruits,True
testing/lemon/lemon_6.csv#384:512,testing/lemon/lemon_6.csv,fruits,spices,recognize,0.9999999895502419,0.04070938270583131,0.9999999895502419,1.0449758058861391e-08,True,False,outer-1-fruits,confidence_threshold,fruits,True
testing/mandarin_orange/mandarin_orange_6.csv#0:128,testing/mandarin_orange/mandarin_orange_6.csv,fruits,nuts,abstain_unknown,0.5251646626489518,0.11994930063971584,0.5251646626489518,0.4748353373510482,False,False,outer-1-fruits,confidence_threshold,fruits,True
testing/mandarin_orange/mandarin_orange_6.csv#128:256,testing/mandarin_orange/mandarin_orange_6.csv,fruits,vegetables,recognize,0.994754433631489,0.3975804176530118,0.994754433631489,0.005245566368511034,True,False,outer-1-fruits,confidence_threshold,fruits,True
testing/mandarin_orange/mandarin_orange_6.csv#256:384,testing/mandarin_orange/mandarin_orange_6.csv,fruits,vegetables,recognize,0.991240598667644,0.38254113847032767,0.991240598667644,0.008759401332355976,True,False,outer-1-fruits,confidence_threshold,fruits,True
testing/mandarin_orange/mandarin_orange_6.csv#384:512,testing/mandarin_orange/mandarin_orange_6.csv,fruits,vegetables,recognize,0.9996000642842536,0.3344093467362962,0.9996000642842536,0.000399935715746369,True,False,outer-1-fruits,confidence_threshold,fruits,True
testing/mango/mango_6.csv#0:128,testing/mango/mango_6.csv,fruits,nuts,abstain_unknown,0.5454723219557307,0.3106714704973225,0.5454723219557307,0.4545276780442693,True,False,outer-1-fruits,confidence_threshold,fruits,True
testing/mango/mango_6.csv#128:256,testing/mango/mango_6.csv,fruits,spices,abstain_unknown,0.4219216493915922,0.2849856831418914,0.4219216493915922,0.5780783506084077,True,False,outer-1-fruits,confidence_threshold,fruits,True
testing/mango/mango_6.csv#256:384,testing/mango/mango_6.csv,fruits,nuts,abstain_unknown,0.5886388469074145,0.32149111204439923,0.5886388469074145,0.4113611530925855,True,False,outer-1-fruits,confidence_threshold,fruits,True
testing/mango/mango_6.csv#384:512,testing/mango/mango_6.csv,fruits,nuts,abstain_unknown,0.6998823487220016,0.3000959046745605,0.6998823487220016,0.3001176512779984,False,False,outer-1-fruits,confidence_threshold,fruits,True
testing/peach/peach_6.csv#0:128,testing/peach/peach_6.csv,fruits,vegetables,recognize,0.9999999999902474,1.8519359260835088e-07,0.9999999999902474,9.752643137517225e-12,True,False,outer-1-fruits,confidence_threshold,fruits,True
testing/peach/peach_6.csv#128:256,testing/peach/peach_6.csv,fruits,vegetables,recognize,0.9999998297210874,2.1704177142935077e-07,0.9999998297210874,1.7027891263676764e-07,True,False,outer-1-fruits,confidence_threshold,fruits,True
testing/peach/peach_6.csv#256:384,testing/peach/peach_6.csv,fruits,vegetables,recognize,0.9999999974457472,1.1970493160344376e-12,0.9999999974457472,2.5542528092614702e-09,True,False,outer-1-fruits,confidence_threshold,fruits,True
testing/peach/peach_6.csv#384:512,testing/peach/peach_6.csv,fruits,vegetables,recognize,1.0,1.127439937810575e-11,1.0,0.0,True,False,outer-1-fruits,confidence_threshold,fruits,True
testing/pear/pear_6.csv#0:128,testing/pear/pear_6.csv,fruits,vegetables,recognize,0.9534004965628884,0.2804718945752293,0.9534004965628884,0.04659950343711161,True,False,outer-1-fruits,confidence_threshold,fruits,True
testing/pear/pear_6.csv#128:256,testing/pear/pear_6.csv,fruits,vegetables,recognize,0.9527547002906445,0.4049585225621223,0.9527547002906445,0.04724529970935554,True,False,outer-1-fruits,confidence_threshold,fruits,True
testing/pear/pear_6.csv#256:384,testing/pear/pear_6.csv,fruits,vegetables,recognize,0.9377487831103598,0.4010826669770443,0.9377487831103598,0.06225121688964019,True,False,outer-1-fruits,confidence_threshold,fruits,True
testing/pear/pear_6.csv#384:512,testing/pear/pear_6.csv,fruits,vegetables,recognize,0.956117902294904,0.32556824084233194,0.956117902294904,0.04388209770509599,True,False,outer-1-fruits,confidence_threshold,fruits,True
testing/pineapple/pineapple_6.csv#0:128,testing/pineapple/pineapple_6.csv,fruits,vegetables,recognize,0.9999999854241903,0.012796314614894956,0.9999999854241903,1.457580967034744e-08,True,False,outer-1-fruits,confidence_threshold,fruits,True
testing/pineapple/pineapple_6.csv#128:256,testing/pineapple/pineapple_6.csv,fruits,vegetables,recognize,0.9999997716420319,0.01589808287281119,0.9999997716420319,2.2835796809062003e-07,True,False,outer-1-fruits,confidence_threshold,fruits,True
testing/pineapple/pineapple_6.csv#256:384,testing/pineapple/pineapple_6.csv,fruits,vegetables,recognize,0.999999877355361,0.028705809203142352,0.999999877355361,1.2264463900013567e-07,True,False,outer-1-fruits,confidence_threshold,fruits,True
testing/pineapple/pineapple_6.csv#384:512,testing/pineapple/pineapple_6.csv,fruits,vegetables,recognize,0.9999989633563556,0.010070841286363222,0.9999989633563556,1.036643644369839e-06,True,False,outer-1-fruits,confidence_threshold,fruits,True
testing/strawberry/strawberry_6.csv#0:128,testing/strawberry/strawberry_6.csv,fruits,nuts,recognize,0.7476349523334367,0.518610475155879,0.7476349523334367,0.2523650476665633,True,False,outer-1-fruits,confidence_threshold,fruits,True
testing/strawberry/strawberry_6.csv#128:256,testing/strawberry/strawberry_6.csv,fruits,nuts,abstain_unknown,0.5307028980288383,0.4692483994737036,0.5307028980288383,0.4692971019711617,True,False,outer-1-fruits,confidence_threshold,fruits,True
testing/strawberry/strawberry_6.csv#256:384,testing/strawberry/strawberry_6.csv,fruits,spices,abstain_unknown,0.5647826072266071,0.5148251463178471,0.5647826072266071,0.4352173927733929,False,False,outer-1-fruits,confidence_threshold,fruits,True
testing/strawberry/strawberry_6.csv#384:512,testing/strawberry/strawberry_6.csv,fruits,nuts,abstain_unknown,0.611831191553321,0.5407613054659706,0.611831191553321,0.388168808446679,True,False,outer-1-fruits,confidence_threshold,fruits,True
testing/strawberry/strawberry_6.csv#512:640,testing/strawberry/strawberry_6.csv,fruits,nuts,abstain_unknown,0.5153044554806478,0.5042606005621326,0.5153044554806478,0.48469554451935215,True,False,outer-1-fruits,confidence_threshold,fruits,True
testing/allspice/allspice_6.csv#0:128,testing/allspice/allspice_6.csv,spices,spices,recognize,0.9986982289833909,0.25338979684889285,0.5030506349816591,0.49694936501834086,True,False,outer-1-fruits,sentinel_initial,fruits,False
testing/allspice/allspice_6.csv#128:256,testing/allspice/allspice_6.csv,spices,spices,recognize,0.9816472960655336,0.26453135628543484,0.5095846255747375,0.4904153744252625,True,False,outer-1-fruits,sentinel_initial,fruits,False
testing/allspice/allspice_6.csv#256:384,testing/allspice/allspice_6.csv,spices,spices,abstain_unknown,0.999732362779906,0.09331133105942938,0.30542815435742227,0.6945718456425778,True,False,outer-1-fruits,sentinel_initial,fruits,False
testing/allspice/allspice_6.csv#384:512,testing/allspice/allspice_6.csv,spices,spices,recognize,0.998752850714126,0.25200180491020974,0.5016846828827616,0.4983153171172384,True,False,outer-1-fruits,sentinel_initial,fruits,False
testing/almond/almond_6.csv#0:128,testing/almond/almond_6.csv,nuts,nuts,recognize,0.7636370816984206,0.5547299389599963,0.6508550927189205,0.3491449072810795,True,False,outer-1-fruits,sentinel_initial,fruits,False
testing/almond/almond_6.csv#128:256,testing/almond/almond_6.csv,nuts,nuts,recognize,0.6875372617123957,0.45342245172373186,0.5583411420064399,0.4416588579935601,True,False,outer-1-fruits,sentinel_initial,fruits,False
testing/almond/almond_6.csv#256:384,testing/almond/almond_6.csv,nuts,nuts,recognize,0.7555541419989887,0.4626765257637417,0.5912505098911094,0.4087494901088906,True,False,outer-1-fruits,sentinel_initial,fruits,False
testing/almond/almond_6.csv#384:512,testing/almond/almond_6.csv,nuts,nuts,recognize,0.8934271168044817,0.5164021536167323,0.6792405223611311,0.3207594776388689,True,False,outer-1-fruits,sentinel_initial,fruits,False
testing/asparagus/asparagus_6.csv#0:128,testing/asparagus/asparagus_6.csv,vegetables,vegetables,recognize,0.846106099616558,0.24667792449107215,0.4568541304975242,0.5431458695024758,True,False,outer-1-fruits,sentinel_initial,fruits,False
testing/asparagus/asparagus_6.csv#128:256,testing/asparagus/asparagus_6.csv,vegetables,nuts,recognize,0.49947933859525956,0.5581197775135762,0.3801499753196999,0.6198500246803,False,False,outer-1-fruits,sentinel_initial,fruits,False
testing/asparagus/asparagus_6.csv#256:384,testing/asparagus/asparagus_6.csv,vegetables,vegetables,abstain_unknown,0.9901018688422586,0.1213780598884158,0.34666503130827614,0.6533349686917238,True,False,outer-1-fruits,sentinel_initial,fruits,False
testing/asparagus/asparagus_6.csv#384:512,testing/asparagus/asparagus_6.csv,vegetables,nuts,abstain_unknown,0.7403507961263125,0.2110647112479545,0.2846158515617463,0.7153841484382537,False,False,outer-1-fruits,sentinel_initial,fruits,False
testing/avocado/avocado_6.csv#0:128,testing/avocado/avocado_6.csv,vegetables,vegetables,recognize,0.9963321647639508,0.24265742494702477,0.49169848229734764,0.5083015177026524,True,False,outer-1-fruits,sentinel_initial,fruits,False
testing/avocado/avocado_6.csv#128:256,testing/avocado/avocado_6.csv,vegetables,vegetables,recognize,0.9823509227362126,0.30756153897003946,0.5496665913127592,0.4503334086872408,True,False,outer-1-fruits,sentinel_initial,fruits,False
testing/avocado/avocado_6.csv#256:384,testing/avocado/avocado_6.csv,vegetables,vegetables,recognize,0.9879100110387792,0.3241880952436648,0.5659228434608464,0.4340771565391536,True,False,outer-1-fruits,sentinel_initial,fruits,False
testing/avocado/avocado_6.csv#384:512,testing/avocado/avocado_6.csv,vegetables,vegetables,recognize,0.9972238062206985,0.3410810626486016,0.5832102155520247,0.4167897844479753,True,False,outer-1-fruits,sentinel_initial,fruits,False
testing/brazil_nut/brazil_nut_6.csv#0:128,testing/brazil_nut/brazil_nut_6.csv,nuts,nuts,recognize,0.8524515526523593,0.500470808479729,0.6531669907043118,0.34683300929568817,True,False,outer-1-fruits,sentinel_initial,fruits,False
testing/brazil_nut/brazil_nut_6.csv#128:256,testing/brazil_nut/brazil_nut_6.csv,nuts,nuts,recognize,0.4350043889048714,0.5356406909700647,0.482707003727951,0.5172929962720489,True,False,outer-1-fruits,sentinel_initial,fruits,False
testing/brazil_nut/brazil_nut_6.csv#256:384,testing/brazil_nut/brazil_nut_6.csv,nuts,nuts,recognize,0.6401435049853155,0.47367056402614305,0.5506515550364555,0.44934844496354454,True,False,outer-1-fruits,sentinel_initial,fruits,False
testing/brazil_nut/brazil_nut_6.csv#384:512,testing/brazil_nut/brazil_nut_6.csv,nuts,nuts,recognize,0.7704705793251658,0.48722748478208305,0.6126944119732078,0.38730558802679216,True,False,outer-1-fruits,sentinel_initial,fruits,False
testing/broccoli/broccoli_6.csv#0:128,testing/broccoli/broccoli_6.csv,vegetables,vegetables,recognize,0.9999834123396889,0.15172209307954584,0.38951197204322763,0.6104880279567724,True,False,outer-1-fruits,sentinel_initial,fruits,False
testing/broccoli/broccoli_6.csv#128:256,testing/broccoli/broccoli_6.csv,vegetables,vegetables,recognize,0.9995595839913273,0.29082472846251206,0.5391629109985027,0.46083708900149734,True,False,outer-1-fruits,sentinel_initial,fruits,False
testing/broccoli/broccoli_6.csv#256:384,testing/broccoli/broccoli_6.csv,vegetables,vegetables,recognize,0.9992784170856044,0.21531313785961623,0.4638510230430583,0.5361489769569416,True,False,outer-1-fruits,sentinel_initial,fruits,False
testing/broccoli/broccoli_6.csv#384:512,testing/broccoli/broccoli_6.csv,vegetables,vegetables,recognize,0.999961832534738,0.163146747439234,0.4039065740259974,0.5960934259740026,True,False,outer-1-fruits,sentinel_initial,fruits,False
testing/brussel_sprouts/brussel_sprouts_6.csv#0:128,testing/brussel_sprouts/brussel_sprouts_6.csv,vegetables,nuts,abstain_unknown,0.41989913222912323,0.20454394647152854,0.21100769844860648,0.7889923015513935,False,False,outer-1-fruits,sentinel_initial,fruits,False
testing/brussel_sprouts/brussel_sprouts_6.csv#128:256,testing/brussel_sprouts/brussel_sprouts_6.csv,vegetables,nuts,recognize,0.6444718750522186,0.45295038531762744,0.3890091331751141,0.6109908668248859,False,False,outer-1-fruits,sentinel_initial,fruits,False
testing/brussel_sprouts/brussel_sprouts_6.csv#256:384,testing/brussel_sprouts/brussel_sprouts_6.csv,vegetables,nuts,abstain_unknown,0.467439967059455,0.3726845024004818,0.3005149516794418,0.6994850483205581,False,False,outer-1-fruits,sentinel_initial,fruits,False
testing/brussel_sprouts/brussel_sprouts_6.csv#384:512,testing/brussel_sprouts/brussel_sprouts_6.csv,vegetables,nuts,abstain_unknown,0.5467661255580684,0.3875321133184079,0.33142643469611976,0.6685735653038802,False,False,outer-1-fruits,sentinel_initial,fruits,False
testing/cabbage/cabbage_6.csv#0:128,testing/cabbage/cabbage_6.csv,vegetables,vegetables,recognize,0.8948985490199151,0.35627291712535925,0.5646486665091633,0.43535133349083666,True,False,outer-1-fruits,sentinel_initial,fruits,False
testing/cabbage/cabbage_6.csv#128:256,testing/cabbage/cabbage_6.csv,vegetables,vegetables,recognize,0.9371027858997643,0.588076712919125,0.7423532353262077,0.25764676467379233,True,False,outer-1-fruits,sentinel_initial,fruits,False
testing/cabbage/cabbage_6.csv#256:384,testing/cabbage/cabbage_6.csv,vegetables,vegetables,recognize,0.9143516703739076,0.6036672754178566,0.7429429194954232,0.25705708050457676,True,False,outer-1-fruits,sentinel_initial,fruits,False
testing/cabbage/cabbage_6.csv#384:512,testing/cabbage/cabbage_6.csv,vegetables,vegetables,recognize,0.9689837206154323,0.5474384417121614,0.7283261206754599,0.2716738793245401,True,False,outer-1-fruits,sentinel_initial,fruits,False
testing/cabbage/cabbage_6.csv#512:640,testing/cabbage/cabbage_6.csv,vegetables,vegetables,recognize,0.9103983223334513,0.39666610157692855,0.6009360643214768,0.39906393567852316,True,False,outer-1-fruits,sentinel_initial,fruits,False
testing/cashew/cashew_6.csv#0:128,testing/cashew/cashew_6.csv,nuts,nuts,abstain_unknown,0.9756672430597897,0.03423807053177311,0.13159457920889372,0.8684054207911063,False,False,outer-1-fruits,sentinel_initial,fruits,False
testing/cashew/cashew_6.csv#128:256,testing/cashew/cashew_6.csv,nuts,nuts,recognize,0.8581203446233705,0.3920715328004941,0.4176276562975828,0.5823723437024172,False,False,outer-1-fruits,sentinel_initial,fruits,False
testing/cashew/cashew_6.csv#256:384,testing/cashew/cashew_6.csv,nuts,nuts,abstain_unknown,0.7085736049348063,0.32369394176795385,0.3448198568791785,0.6551801431208215,False,False,outer-1-fruits,sentinel_initial,fruits,False
testing/cashew/cashew_6.csv#384:512,testing/cashew/cashew_6.csv,nuts,nuts,abstain_unknown,0.5028270670816423,0.19408957956986114,0.3123995743374538,0.6876004256625462,True,False,outer-1-fruits,sentinel_initial,fruits,False
testing/cauliflower/cauliflower_6.csv#0:128,testing/cauliflower/cauliflower_6.csv,vegetables,vegetables,recognize,0.9079674453968859,0.6360861460936256,0.7599641525236435,0.24003584747635653,True,False,outer-1-fruits,sentinel_initial,fruits,False
testing/cauliflower/cauliflower_6.csv#128:256,testing/cauliflower/cauliflower_6.csv,vegetables,vegetables,recognize,0.9207176184079969,0.7105040642240269,0.8088099961558021,0.19119000384419793,True,False,outer-1-fruits,sentinel_initial,fruits,False
testing/cauliflower/cauliflower_6.csv#256:384,testing/cauliflower/cauliflower_6.csv,vegetables,vegetables,recognize,0.8792849653062167,0.6222127037736861,0.7396636233117949,0.2603363766882051,True,False,outer-1-fruits,sentinel_initial,fruits,False
testing/cauliflower/cauliflower_6.csv#384:512,testing/cauliflower/cauliflower_6.csv,vegetables,vegetables,recognize,0.8277442044578711,0.46181431815019447,0.6182751211107292,0.38172487888927076,True,False,outer-1-fruits,sentinel_initial,fruits,False
testing/chervil/chervil_6.csv#0:128,testing/chervil/chervil_6.csv,spices,nuts,recognize,0.7223168021739304,0.31954775197190266,0.4804317957277734,0.5195682042722266,True,False,outer-1-fruits,sentinel_initial,fruits,False
testing/chervil/chervil_6.csv#128:256,testing/chervil/chervil_6.csv,spices,nuts,recognize,0.9372237139614916,0.23655298217117268,0.47085354888662884,0.5291464511133712,True,False,outer-1-fruits,sentinel_initial,fruits,False
testing/chervil/chervil_6.csv#256:384,testing/chervil/chervil_6.csv,spices,nuts,recognize,0.9564640593031922,0.29773016624327875,0.5336367710175721,0.4663632289824279,True,False,outer-1-fruits,sentinel_initial,fruits,False
testing/chervil/chervil_6.csv#384:512,testing/chervil/chervil_6.csv,spices,nuts,abstain_unknown,0.9260771749677635,0.07912417109053294,0.2706937177608426,0.7293062822391574,True,False,outer-1-fruits,sentinel_initial,fruits,False
testing/chestnuts/chestnuts_6.csv#0:128,testing/chestnuts/chestnuts_6.csv,nuts,vegetables,abstain_unknown,0.9854945953443703,0.02703554195126031,0.11752416108328405,0.882475838916716,False,False,outer-1-fruits,sentinel_initial,fruits,False
testing/chestnuts/chestnuts_6.csv#128:256,testing/chestnuts/chestnuts_6.csv,nuts,vegetables,abstain_unknown,0.5423293507263175,0.16779879896990707,0.2171993268429856,0.7828006731570144,False,False,outer-1-fruits,sentinel_initial,fruits,False
testing/chestnuts/chestnuts_6.csv#256:384,testing/chestnuts/chestnuts_6.csv,nuts,nuts,abstain_unknown,0.538600187473156,0.17717518369576815,0.3089119407762212,0.6910880592237788,True,False,outer-1-fruits,sentinel_initial,fruits,False
testing/chestnuts/chestnuts_6.csv#384:512,testing/chestnuts/chestnuts_6.csv,nuts,nuts,abstain_unknown,0.5287565304800317,0.03229015943708124,0.130666111416075,0.869333888583925,True,False,outer-1-fruits,sentinel_initial,fruits,False
testing/cinnamon/cinnamon_6.csv#0:128,testing/cinnamon/cinnamon_6.csv,spices,spices,recognize,0.9335717007152038,0.18196520289464976,0.4121620602837497,0.5878379397162503,True,False,outer-1-fruits,sentinel_initial,fruits,False
testing/cinnamon/cinnamon_6.csv#128:256,testing/cinnamon/cinnamon_6.csv,spices,spices,abstain_unknown,0.9981395954725963,0.051842138449630794,0.22747679244386407,0.7725232075561359,True,False,outer-1-fruits,sentinel_initial,fruits,False
testing/cinnamon/cinnamon_6.csv#256:384,testing/cinnamon/cinnamon_6.csv,spices,spices,recognize,0.9906416481149736,0.3046336739135876,0.5493476174491666,0.4506523825508334,True,False,outer-1-fruits,sentinel_initial,fruits,False
testing/cinnamon/cinnamon_6.csv#384:512,testing/cinnamon/cinnamon_6.csv,spices,spices,recognize,0.9479951828376372,0.25706910129186367,0.49366007503249376,0.5063399249675062,True,False,outer-1-fruits,sentinel_initial,fruits,False
testing/cloves/cloves_6.csv#0:128,testing/cloves/cloves_6.csv,spices,spices,recognize,0.9331031587728202,0.17213093898227183,0.40076916409186153,0.5992308359081384,True,False,outer-1-fruits,sentinel_initial,fruits,False
testing/cloves/cloves_6.csv#128:256,testing/cloves/cloves_6.csv,spices,spices,recognize,0.9968993095440118,0.29122934522058186,0.5388193882641499,0.4611806117358501,True,False,outer-1-fruits,sentinel_initial,fruits,False
testing/cloves/cloves_6.csv#256:384,testing/cloves/cloves_6.csv,spices,spices,recognize,0.9638310891409797,0.27055021837329674,0.5106512622544513,0.48934873774554866,True,False,outer-1-fruits,sentinel_initial,fruits,False
testing/cloves/cloves_6.csv#384:512,testing/cloves/cloves_6.csv,spices,spices,recognize,0.9959401680116453,0.31760858301924766,0.5624225684786575,0.43757743152134254,True,False,outer-1-fruits,sentinel_initial,fruits,False
testing/cumin/cumin_6.csv#0:128,testing/cumin/cumin_6.csv,spices,spices,abstain_unknown,0.9999999999989413,0.0008397059980282353,0.02897768103260415,0.9710223189673959,True,False,outer-1-fruits,sentinel_initial,fruits,False
testing/cumin/cumin_6.csv#128:256,testing/cumin/cumin_6.csv,spices,spices,abstain_unknown,0.9999973429044566,0.0755681395063999,0.27489623263084784,0.7251037673691522,True,False,outer-1-fruits,sentinel_initial,fruits,False
testing/cumin/cumin_6.csv#256:384,testing/cumin/cumin_6.csv,spices,spices,recognize,0.9999999966844042,0.13758239396058222,0.37092100709506143,0.6290789929049385,True,False,outer-1-fruits,sentinel_initial,fruits,False
testing/cumin/cumin_6.csv#384:512,testing/cumin/cumin_6.csv,spices,spices,recognize,0.9999999375197545,0.17560878684136302,0.4190570078990243,0.5809429921009757,True,False,outer-1-fruits,sentinel_initial,fruits,False
testing/ginger/ginger_6.csv#0:128,testing/ginger/ginger_6.csv,spices,spices,recognize,0.999959665954393,0.2758353505628022,0.5251897038282382,0.47481029617176185,True,False,outer-1-fruits,sentinel_initial,fruits,False
testing/ginger/ginger_6.csv#128:256,testing/ginger/ginger_6.csv,spices,spices,recognize,0.9998677652305136,0.38861490492698797,0.6233486316056336,0.3766513683943664,True,False,outer-1-fruits,sentinel_initial,fruits,False
testing/ginger/ginger_6.csv#256:384,testing/ginger/ginger_6.csv,spices,spices,recognize,0.9998254164170306,0.37723698247120135,0.6141425918198257,0.38585740818017433,True,False,outer-1-fruits,sentinel_initial,fruits,False
testing/ginger/ginger_6.csv#384:512,testing/ginger/ginger_6.csv,spices,spices,recognize,0.9998619739316009,0.348275648722786,0.5901081067095025,0.40989189329049747,True,False,outer-1-fruits,sentinel_initial,fruits,False
testing/hazelnut/hazelnut_6.csv#0:128,testing/hazelnut/hazelnut_6.csv,nuts,nuts,recognize,0.8958436352929244,0.5542251067365854,0.7046268760056713,0.2953731239943287,True,False,outer-1-fruits,sentinel_initial,fruits,False
testing/hazelnut/hazelnut_6.csv#128:256,testing/hazelnut/hazelnut_6.csv,nuts,nuts,recognize,0.6863309256723336,0.7082722671846269,0.6972152901112162,0.3027847098887838,True,False,outer-1-fruits,sentinel_initial,fruits,False
testing/hazelnut/hazelnut_6.csv#256:384,testing/hazelnut/hazelnut_6.csv,nuts,nuts,recognize,0.8238185944358021,0.6158308661853888,0.7122730646255195,0.28772693537448046,True,False,outer-1-fruits,sentinel_initial,fruits,False
testing/hazelnut/hazelnut_6.csv#384:512,testing/hazelnut/hazelnut_6.csv,nuts,nuts,recognize,0.8136459860861777,0.6649217018665966,0.735534413732863,0.264465586267137,True,False,outer-1-fruits,sentinel_initial,fruits,False
testing/mustard/mustard_6.csv#0:128,testing/mustard/mustard_6.csv,spices,nuts,recognize,0.7057283268751264,0.43631205403501905,0.39953044317193176,0.6004695568280682,False,False,outer-1-fruits,sentinel_initial,fruits,False
testing/mustard/mustard_6.csv#128:256,testing/mustard/mustard_6.csv,spices,nuts,recognize,0.6167128769174448,0.5076461777174741,0.4028603864329721,0.5971396135670279,False,False,outer-1-fruits,sentinel_initial,fruits,False
testing/mustard/mustard_6.csv#256:384,testing/mustard/mustard_6.csv,spices,nuts,recognize,0.5601923861499334,0.7139118434906426,0.45532698620706163,0.5446730137929383,False,False,outer-1-fruits,sentinel_initial,fruits,False
testing/mustard/mustard_6.csv#384:512,testing/mustard/mustard_6.csv,spices,spices,recognize,0.5004373878077961,0.5524807258240828,0.5258155677094005,0.4741844322905995,True,False,outer-1-fruits,sentinel_initial,fruits,False
testing/nutmeg/nutmeg_6.csv#0:128,testing/nutmeg/nutmeg_6.csv,spices,spices,abstain_unknown,1.0,0.011463816668626264,0.10706921438315621,0.8929307856168438,True,False,outer-1-fruits,sentinel_initial,fruits,False
testing/nutmeg/nutmeg_6.csv#128:256,testing/nutmeg/nutmeg_6.csv,spices,spices,abstain_unknown,1.0,0.05863003222552119,0.24213639178265045,0.7578636082173495,True,False,outer-1-fruits,sentinel_initial,fruits,False
testing/nutmeg/nutmeg_6.csv#256:384,testing/nutmeg/nutmeg_6.csv,spices,spices,abstain_unknown,0.9999999999999998,0.03342450376372524,0.18282369584855576,0.8171763041514443,True,False,outer-1-fruits,sentinel_initial,fruits,False
testing/nutmeg/nutmeg_6.csv#384:512,testing/nutmeg/nutmeg_6.csv,spices,spices,abstain_unknown,0.9999999999999996,0.11884028316961115,0.34473219050389114,0.6552678094961089,True,False,outer-1-fruits,sentinel_initial,fruits,False
testing/peanuts/peanuts_6.csv#0:128,testing/peanuts/peanuts_6.csv,nuts,nuts,recognize,0.9765373576817313,0.4604248105762436,0.6705386103210139,0.3294613896789861,True,False,outer-1-fruits,sentinel_initial,fruits,False
testing/peanuts/peanuts_6.csv#128:256,testing/peanuts/peanuts_6.csv,nuts,nuts,recognize,0.9477977959019284,0.47012738307551083,0.6675220576670936,0.3324779423329064,True,False,outer-1-fruits,sentinel_initial,fruits,False
testing/peanuts/peanuts_6.csv#256:384,testing/peanuts/peanuts_6.csv,nuts,nuts,recognize,0.9370380704277054,0.48339795327376855,0.48457780463332123,0.5154221953666788,False,False,outer-1-fruits,sentinel_initial,fruits,False
testing/peanuts/peanuts_6.csv#384:512,testing/peanuts/peanuts_6.csv,nuts,nuts,recognize,0.9393109330563721,0.35580181471402195,0.5781077188225205,0.42189228117747946,True,False,outer-1-fruits,sentinel_initial,fruits,False
testing/pecans/pecans_6.csv#0:128,testing/pecans/pecans_6.csv,nuts,nuts,recognize,0.959716576177128,0.23797126785581976,0.4778964013414598,0.5221035986585403,True,False,outer-1-fruits,sentinel_initial,fruits,False
testing/pecans/pecans_6.csv#128:256,testing/pecans/pecans_6.csv,nuts,nuts,abstain_unknown,0.9782913336093628,0.23629608539788685,0.3461743321586391,0.653825667841361,False,False,outer-1-fruits,sentinel_initial,fruits,False
testing/pecans/pecans_6.csv#256:384,testing/pecans/pecans_6.csv,nuts,nuts,recognize,0.6358656068340832,0.3212913708763275,0.4519935093702458,0.5480064906297542,True,False,outer-1-fruits,sentinel_initial,fruits,False
testing/pecans/pecans_6.csv#384:512,testing/pecans/pecans_6.csv,nuts,nuts,recognize,0.7073265028121616,0.2510863933843295,0.4214262219371932,0.5785737780628069,True,False,outer-1-fruits,sentinel_initial,fruits,False
testing/pili_nut/pili_nut_6.csv#0:128,testing/pili_nut/pili_nut_6.csv,nuts,nuts,recognize,0.864844005696304,0.3103426194016631,0.518071379350006,0.481928620649994,True,False,outer-1-fruits,sentinel_initial,fruits,False
testing/pili_nut/pili_nut_6.csv#128:256,testing/pili_nut/pili_nut_6.csv,nuts,nuts,recognize,0.8034321678623392,0.33528640736620985,0.5190181934431676,0.4809818065568324,True,False,outer-1-fruits,sentinel_initial,fruits,False
testing/pili_nut/pili_nut_6.csv#256:384,testing/pili_nut/pili_nut_6.csv,nuts,nuts,recognize,0.9603945839332586,0.31156755181318635,0.5470171745847923,0.45298282541520773,True,False,outer-1-fruits,sentinel_initial,fruits,False
testing/pili_nut/pili_nut_6.csv#384:512,testing/pili_nut/pili_nut_6.csv,nuts,nuts,recognize,0.7113935775057535,0.37752506240054473,0.5182363406199978,0.4817636593800022,True,False,outer-1-fruits,sentinel_initial,fruits,False
testing/pistachios/pistachios_6.csv#0:128,testing/pistachios/pistachios_6.csv,nuts,nuts,recognize,0.9248510474394902,0.6470285758937466,0.7735664523094401,0.2264335476905599,True,False,outer-1-fruits,sentinel_initial,fruits,False
testing/pistachios/pistachios_6.csv#128:256,testing/pistachios/pistachios_6.csv,nuts,nuts,recognize,0.9627642248866056,0.6930660687785789,0.8168593615199714,0.1831406384800286,True,False,outer-1-fruits,sentinel_initial,fruits,False
testing/pistachios/pistachios_6.csv#256:384,testing/pistachios/pistachios_6.csv,nuts,nuts,recognize,0.7971205363677262,0.610382355142258,0.6975301501156725,0.30246984988432746,True,False,outer-1-fruits,sentinel_initial,fruits,False
testing/pistachios/pistachios_6.csv#384:512,testing/pistachios/pistachios_6.csv,nuts,nuts,recognize,0.9762101342353454,0.5167796169728436,0.7102714264667769,0.2897285735332231,True,False,outer-1-fruits,sentinel_initial,fruits,False
testing/pistachios/pistachios_6.csv#512:640,testing/pistachios/pistachios_6.csv,nuts,nuts,recognize,0.8640932635413909,0.6367224621089321,0.7417463112505628,0.2582536887494372,True,False,outer-1-fruits,sentinel_initial,fruits,False
testing/potato/potato_6.csv#0:128,testing/potato/potato_6.csv,vegetables,vegetables,recognize,0.8330995641273913,0.23841053504376875,0.44566771571243735,0.5543322842875626,True,False,outer-1-fruits,sentinel_initial,fruits,False
testing/potato/potato_6.csv#128:256,testing/potato/potato_6.csv,vegetables,vegetables,recognize,0.933657371283011,0.2757420251539825,0.507393904533274,0.49260609546672596,True,False,outer-1-fruits,sentinel_initial,fruits,False
testing/potato/potato_6.csv#256:384,testing/potato/potato_6.csv,vegetables,nuts,abstain_unknown,0.4906213387330488,0.3210277160641003,0.2857439063092779,0.7142560936907221,False,False,outer-1-fruits,sentinel_initial,fruits,False
testing/potato/potato_6.csv#384:512,testing/potato/potato_6.csv,vegetables,vegetables,recognize,0.8219603170879305,0.27552226394533696,0.4758869271552788,0.5241130728447212,True,False,outer-1-fruits,sentinel_initial,fruits,False
testing/radish/radish_6.csv#0:128,testing/radish/radish_6.csv,vegetables,vegetables,recognize,0.9915623633470844,0.3647879309045173,0.6014232975934471,0.39857670240655285,True,False,outer-1-fruits,sentinel_initial,fruits,False
testing/radish/radish_6.csv#128:256,testing/radish/radish_6.csv,vegetables,vegetables,recognize,0.9403866670802554,0.4905352189147223,0.679185379407345,0.320814620592655,True,False,outer-1-fruits,sentinel_initial,fruits,False
testing/radish/radish_6.csv#256:384,testing/radish/radish_6.csv,vegetables,vegetables,recognize,0.9552968382350197,0.5001962508978459,0.6912567518510925,0.3087432481489075,True,False,outer-1-fruits,sentinel_initial,fruits,False
testing/radish/radish_6.csv#384:512,testing/radish/radish_6.csv,vegetables,vegetables,recognize,0.954166454227471,0.48635210005510654,0.6812201250812143,0.3187798749187857,True,False,outer-1-fruits,sentinel_initial,fruits,False
testing/radish/radish_6.csv#512:640,testing/radish/radish_6.csv,vegetables,vegetables,recognize,0.851315989421353,0.4545181246770434,0.622043846540881,0.37795615345911904,True,False,outer-1-fruits,sentinel_initial,fruits,False
testing/saffron/saffron_6.csv#0:128,testing/saffron/saffron_6.csv,spices,spices,recognize,0.5213526916329625,0.5746792082376659,0.5473669263302331,0.4526330736697669,True,False,outer-1-fruits,sentinel_initial,fruits,False
testing/saffron/saffron_6.csv#128:256,testing/saffron/saffron_6.csv,spices,spices,recognize,0.9028283536969921,0.6093596867889853,0.7417190861997649,0.2582809138002351,True,False,outer-1-fruits,sentinel_initial,fruits,False
testing/saffron/saffron_6.csv#256:384,testing/saffron/saffron_6.csv,spices,spices,recognize,0.7596716328490369,0.6248173802695237,0.688952857241921,0.311047142758079,True,False,outer-1-fruits,sentinel_initial,fruits,False
testing/saffron/saffron_6.csv#384:512,testing/saffron/saffron_6.csv,spices,spices,recognize,0.9911569598615982,0.49231252607801995,0.6985406120257247,0.3014593879742753,True,False,outer-1-fruits,sentinel_initial,fruits,False
testing/star_anise/star_anise_6.csv#0:128,testing/star_anise/star_anise_6.csv,spices,spices,recognize,0.9655520032351207,0.445431224037336,0.6558101940902731,0.3441898059097269,True,False,outer-1-fruits,sentinel_initial,fruits,False
testing/star_anise/star_anise_6.csv#128:256,testing/star_anise/star_anise_6.csv,spices,spices,recognize,0.9882578718010355,0.5096655383459704,0.7097048543275702,0.29029514567242976,True,False,outer-1-fruits,sentinel_initial,fruits,False
testing/star_anise/star_anise_6.csv#256:384,testing/star_anise/star_anise_6.csv,spices,spices,recognize,0.9878544183755417,0.4474167048785181,0.6648176958905877,0.3351823041094123,True,False,outer-1-fruits,sentinel_initial,fruits,False
testing/star_anise/star_anise_6.csv#384:512,testing/star_anise/star_anise_6.csv,spices,spices,recognize,0.9846611677470614,0.4070464597548317,0.6330899165122595,0.36691008348774046,True,False,outer-1-fruits,sentinel_initial,fruits,False
testing/sweet_potato/sweet_potato_6.csv#0:128,testing/sweet_potato/sweet_potato_6.csv,vegetables,vegetables,abstain_unknown,1.0,1.260927446353292e-11,3.5509540216022116e-06,0.9999964490459784,True,False,outer-1-fruits,sentinel_initial,fruits,False
testing/sweet_potato/sweet_potato_6.csv#128:256,testing/sweet_potato/sweet_potato_6.csv,vegetables,vegetables,abstain_unknown,1.0,4.869010148681961e-10,2.2065833654502977e-05,0.9999779341663455,True,False,outer-1-fruits,sentinel_initial,fruits,False
testing/sweet_potato/sweet_potato_6.csv#256:384,testing/sweet_potato/sweet_potato_6.csv,vegetables,vegetables,abstain_unknown,0.9999999999885478,0.00048518816644885275,0.02202698723028858,0.9779730127697114,True,False,outer-1-fruits,sentinel_initial,fruits,False
testing/sweet_potato/sweet_potato_6.csv#384:512,testing/sweet_potato/sweet_potato_6.csv,vegetables,vegetables,abstain_unknown,0.999999986321114,0.00827701115884302,0.09097808002822838,0.9090219199717716,True,False,outer-1-fruits,sentinel_initial,fruits,False
testing/tomato/tomato_6.csv#0:128,testing/tomato/tomato_6.csv,vegetables,vegetables,recognize,0.9967959758091952,0.47790311269587105,0.6901970005454475,0.3098029994545525,True,False,outer-1-fruits,sentinel_initial,fruits,False
testing/tomato/tomato_6.csv#128:256,testing/tomato/tomato_6.csv,vegetables,vegetables,recognize,0.9948869771323732,0.41972398662268356,0.6462026990666243,0.3537973009333757,True,False,outer-1-fruits,sentinel_initial,fruits,False
testing/tomato/tomato_6.csv#256:384,testing/tomato/tomato_6.csv,vegetables,vegetables,recognize,0.9759735556261818,0.5052990233047754,0.7022524363996173,0.2977475636003827,True,False,outer-1-fruits,sentinel_initial,fruits,False
testing/tomato/tomato_6.csv#384:512,testing/tomato/tomato_6.csv,vegetables,vegetables,recognize,0.9692146237226903,0.5061733200655861,0.7004217186422991,0.2995782813577009,True,False,outer-1-fruits,sentinel_initial,fruits,False
testing/walnuts/walnuts_6.csv#0:128,testing/walnuts/walnuts_6.csv,nuts,nuts,recognize,0.8596155569669878,0.2680014553234087,0.4799773122615227,0.5200226877384773,True,False,outer-1-fruits,sentinel_initial,fruits,False
testing/walnuts/walnuts_6.csv#128:256,testing/walnuts/walnuts_6.csv,nuts,nuts,recognize,0.9476376491449519,0.3367842479727458,0.5649331226065112,0.4350668773934888,True,False,outer-1-fruits,sentinel_initial,fruits,False
testing/walnuts/walnuts_6.csv#256:384,testing/walnuts/walnuts_6.csv,nuts,nuts,recognize,0.9268209251797964,0.44058063983816553,0.6390143630867112,0.3609856369132888,True,False,outer-1-fruits,sentinel_initial,fruits,False
testing/walnuts/walnuts_6.csv#384:512,testing/walnuts/walnuts_6.csv,nuts,nuts,recognize,0.7702909421579188,0.3358329565153235,0.5086148685222129,0.49138513147778706,True,False,outer-1-fruits,sentinel_initial,fruits,False
testing/walnuts/walnuts_6.csv#512:640,testing/walnuts/walnuts_6.csv,nuts,vegetables,abstain_unknown,0.5645664589460307,0.12273900021837542,0.26323814831415354,0.7367618516858465,True,False,outer-1-fruits,sentinel_initial,fruits,False
testing/walnuts/walnuts_6.csv#640:768,testing/walnuts/walnuts_6.csv,nuts,vegetables,recognize,0.7120740091747412,0.3619630436610902,0.3655334953035119,0.6344665046964881,False,False,outer-1-fruits,sentinel_initial,fruits,False
testing/apple/apple_6.csv#0:128,testing/apple/apple_6.csv,fruits,nuts,recognize,0.6460776881253166,0.3190699871363586,0.45403083555991336,0.5459691644400866,True,False,outer-1-fruits,sentinel_initial,fruits,True
testing/apple/apple_6.csv#128:256,testing/apple/apple_6.csv,fruits,nuts,recognize,0.888320648323152,0.5030933685252046,0.668511950001934,0.331488049998066,True,False,outer-1-fruits,sentinel_initial,fruits,True
testing/apple/apple_6.csv#256:384,testing/apple/apple_6.csv,fruits,nuts,recognize,0.8913854405832647,0.41526886025274284,0.43805631705530473,0.5619436829446953,False,False,outer-1-fruits,sentinel_initial,fruits,True
testing/apple/apple_6.csv#384:512,testing/apple/apple_6.csv,fruits,nuts,recognize,0.9051627563696725,0.3812547720514442,0.4229640722201037,0.5770359277798963,False,False,outer-1-fruits,sentinel_initial,fruits,True
testing/banana/banana_6.csv#0:128,testing/banana/banana_6.csv,fruits,vegetables,abstain_unknown,0.987751585769358,0.08500619549656879,0.28976715549205345,0.7102328445079465,True,False,outer-1-fruits,sentinel_initial,fruits,True
testing/banana/banana_6.csv#128:256,testing/banana/banana_6.csv,fruits,vegetables,abstain_unknown,0.8854800735723307,0.08458255373605593,0.27367163883957435,0.7263283611604257,True,False,outer-1-fruits,sentinel_initial,fruits,True
testing/banana/banana_6.csv#256:384,testing/banana/banana_6.csv,fruits,vegetables,abstain_unknown,0.9390820324562733,0.04456912458212787,0.20458265834958125,0.7954173416504188,True,False,outer-1-fruits,sentinel_initial,fruits,True
testing/banana/banana_6.csv#384:512,testing/banana/banana_6.csv,fruits,vegetables,recognize,0.9426275788458047,0.19002856102971608,0.4232329883113951,0.5767670116886049,True,False,outer-1-fruits,sentinel_initial,fruits,True
testing/kiwi/kiwi_6.csv#0:128,testing/kiwi/kiwi_6.csv,fruits,vegetables,abstain_unknown,0.5957864212755388,0.3503313697127265,0.32894047135378585,0.6710595286462142,False,False,outer-1-fruits,sentinel_initial,fruits,True
testing/kiwi/kiwi_6.csv#128:256,testing/kiwi/kiwi_6.csv,fruits,vegetables,recognize,0.7863882291591774,0.3624110315275851,0.5338499501833155,0.4661500498166845,True,False,outer-1-fruits,sentinel_initial,fruits,True
testing/kiwi/kiwi_6.csv#256:384,testing/kiwi/kiwi_6.csv,fruits,vegetables,abstain_unknown,0.5560334065007397,0.34358272645437477,0.31470134543823497,0.685298654561765,False,False,outer-1-fruits,sentinel_initial,fruits,True
testing/kiwi/kiwi_6.csv#384:512,testing/kiwi/kiwi_6.csv,fruits,vegetables,recognize,0.6967084225748761,0.3402679010385235,0.48689579232666796,0.5131042076733321,True,False,outer-1-fruits,sentinel_initial,fruits,True
testing/lemon/lemon_6.csv#0:128,testing/lemon/lemon_6.csv,fruits,spices,abstain_unknown,0.9999999999983011,0.002991533993786608,0.05469491744011984,0.9453050825598801,True,False,outer-1-fruits,sentinel_initial,fruits,True
testing/lemon/lemon_6.csv#128:256,testing/lemon/lemon_6.csv,fruits,spices,abstain_unknown,0.9999999677958421,0.03943546767012672,0.19858365088833646,0.8014163491116635,True,False,outer-1-fruits,sentinel_initial,fruits,True
testing/lemon/lemon_6.csv#256:384,testing/lemon/lemon_6.csv,fruits,spices,abstain_unknown,0.9999999712896425,0.042239582289803804,0.20552270209660609,0.7944772979033939,True,False,outer-1-fruits,sentinel_initial,fruits,True
testing/lemon/lemon_6.csv#384:512,testing/lemon/lemon_6.csv,fruits,spices,abstain_unknown,0.9999999895502419,0.04070938270583131,0.2017656617971158,0.7982343382028843,True,False,outer-1-fruits,sentinel_initial,fruits,True
testing/mandarin_orange/mandarin_orange_6.csv#0:128,testing/mandarin_orange/mandarin_orange_6.csv,fruits,nuts,abstain_unknown,0.5251646626489518,0.11994930063971584,0.18070871774327052,0.8192912822567295,False,False,outer-1-fruits,sentinel_initial,fruits,True
testing/mandarin_orange/mandarin_orange_6.csv#128:256,testing/mandarin_orange/mandarin_orange_6.csv,fruits,vegetables,recognize,0.994754433631489,0.3975804176530118,0.6288838391828753,0.37111616081712473,True,False,outer-1-fruits,sentinel_initial,fruits,True
testing/mandarin_orange/mandarin_orange_6.csv#256:384,testing/mandarin_orange/mandarin_orange_6.csv,fruits,vegetables,recognize,0.991240598667644,0.38254113847032767,0.6157843024244202,0.38421569757557983,True,False,outer-1-fruits,sentinel_initial,fruits,True
testing/mandarin_orange/mandarin_orange_6.csv#384:512,testing/mandarin_orange/mandarin_orange_6.csv,fruits,vegetables,recognize,0.9996000642842536,0.3344093467362962,0.5781657240747301,0.4218342759252699,True,False,outer-1-fruits,sentinel_initial,fruits,True
testing/mango/mango_6.csv#0:128,testing/mango/mango_6.csv,fruits,nuts,recognize,0.5454723219557307,0.3106714704973225,0.4116584608356493,0.5883415391643507,True,False,outer-1-fruits,sentinel_initial,fruits,True
testing/mango/mango_6.csv#128:256,testing/mango/mango_6.csv,fruits,spices,abstain_unknown,0.4219216493915922,0.2849856831418914,0.3467587482446787,0.6532412517553212,True,False,outer-1-fruits,sentinel_initial,fruits,True
testing/mango/mango_6.csv#256:384,testing/mango/mango_6.csv,fruits,nuts,recognize,0.5886388469074145,0.32149111204439923,0.43501972079987083,0.5649802792001292,True,False,outer-1-fruits,sentinel_initial,fruits,True
testing/mango/mango_6.csv#384:512,testing/mango/mango_6.csv,fruits,nuts,abstain_unknown,0.6998823487220016,0.3000959046745605,0.3299704515745063,0.6700295484254937,False,False,outer-1-fruits,sentinel_initial,fruits,True
testing/peach/peach_6.csv#0:128,testing/peach/peach_6.csv,fruits,vegetables,abstain_unknown,0.9999999999902474,1.8519359260835088e-07,0.00043034125134193765,0.9995696587486581,True,False,outer-1-fruits,sentinel_initial,fruits,True
testing/peach/peach_6.csv#128:256,testing/peach/peach_6.csv,fruits,vegetables,abstain_unknown,0.9999998297210874,2.1704177142935077e-07,0.0004658773813695122,0.9995341226186305,True,False,outer-1-fruits,sentinel_initial,fruits,True
testing/peach/peach_6.csv#256:384,testing/peach/peach_6.csv,fruits,vegetables,abstain_unknown,0.9999999974457472,1.1970493160344376e-12,1.0940974878761359e-06,0.9999989059025122,True,False,outer-1-fruits,sentinel_initial,fruits,True
testing/peach/peach_6.csv#384:512,testing/peach/peach_6.csv,fruits,vegetables,abstain_unknown,1.0,1.127439937810575e-11,3.357737240777746e-06,0.9999966422627592,True,False,outer-1-fruits,sentinel_initial,fruits,True
testing/pear/pear_6.csv#0:128,testing/pear/pear_6.csv,fruits,vegetables,recognize,0.9534004965628884,0.2804718945752293,0.5171093149034909,0.4828906850965091,True,False,outer-1-fruits,sentinel_initial,fruits,True
testing/pear/pear_6.csv#128:256,testing/pear/pear_6.csv,fruits,vegetables,recognize,0.9527547002906445,0.4049585225621223,0.6211490447499834,0.37885095525001655,True,False,outer-1-fruits,sentinel_initial,fruits,True
testing/pear/pear_6.csv#256:384,testing/pear/pear_6.csv,fruits,vegetables,recognize,0.9377487831103598,0.4010826669770443,0.6132819766505299,0.38671802334947014,True,False,outer-1-fruits,sentinel_initial,fruits,True
testing/pear/pear_6.csv#384:512,testing/pear/pear_6.csv,fruits,vegetables,recognize,0.956117902294904,0.32556824084233194,0.5579261810383275,0.4420738189616725,True,False,outer-1-fruits,sentinel_initial,fruits,True
testing/pineapple/pineapple_6.csv#0:128,testing/pineapple/pineapple_6.csv,fruits,vegetables,abstain_unknown,0.9999999854241903,0.012796314614894956,0.11312079573791156,0.8868792042620884,True,False,outer-1-fruits,sentinel_initial,fruits,True
testing/pineapple/pineapple_6.csv#128:256,testing/pineapple/pineapple_6.csv,fruits,vegetables,abstain_unknown,0.9999997716420319,0.01589808287281119,0.12608758559968258,0.8739124144003174,True,False,outer-1-fruits,sentinel_initial,fruits,True
testing/pineapple/pineapple_6.csv#256:384,testing/pineapple/pineapple_6.csv,fruits,vegetables,abstain_unknown,0.999999877355361,0.028705809203142352,0.1694278775247118,0.8305721224752882,True,False,outer-1-fruits,sentinel_initial,fruits,True
testing/pineapple/pineapple_6.csv#384:512,testing/pineapple/pineapple_6.csv,fruits,vegetables,abstain_unknown,0.9999989633563556,0.010070841286363222,0.10035352931755619,0.8996464706824439,True,False,outer-1-fruits,sentinel_initial,fruits,True
testing/strawberry/strawberry_6.csv#0:128,testing/strawberry/strawberry_6.csv,fruits,nuts,recognize,0.7476349523334367,0.518610475155879,0.6226807511661064,0.37731924883389356,True,False,outer-1-fruits,sentinel_initial,fruits,True
testing/strawberry/strawberry_6.csv#128:256,testing/strawberry/strawberry_6.csv,fruits,nuts,recognize,0.5307028980288383,0.4692483994737036,0.4990305456543602,0.5009694543456398,True,False,outer-1-fruits,sentinel_initial,fruits,True
testing/strawberry/strawberry_6.csv#256:384,testing/strawberry/strawberry_6.csv,fruits,spices,recognize,0.5647826072266071,0.5148251463178471,0.3882424591775424,0.6117575408224576,False,False,outer-1-fruits,sentinel_initial,fruits,True
testing/strawberry/strawberry_6.csv#384:512,testing/strawberry/strawberry_6.csv,fruits,nuts,recognize,0.611831191553321,0.5407613054659706,0.5751996469654465,0.42480035303455355,True,False,outer-1-fruits,sentinel_initial,fruits,True
testing/strawberry/strawberry_6.csv#512:640,testing/strawberry/strawberry_6.csv,fruits,nuts,recognize,0.5153044554806478,0.5042606005621326,0.5097526205847442,0.49024737941525576,True,False,outer-1-fruits,sentinel_initial,fruits,True
testing/allspice/allspice_6.csv#0:128,testing/allspice/allspice_6.csv,spices,spices,recognize,0.9986982289833909,0.25338979684889285,0.5030506349816591,0.49694936501834086,True,False,outer-1-fruits,sentinel_pair_initial,fruits,False
testing/allspice/allspice_6.csv#256:384,testing/allspice/allspice_6.csv,spices,spices,abstain_unknown,0.999732362779906,0.09331133105942938,0.30542815435742227,0.6945718456425778,True,False,outer-1-fruits,sentinel_pair_initial,fruits,False
testing/almond/almond_6.csv#0:128,testing/almond/almond_6.csv,nuts,nuts,recognize,0.7636370816984206,0.5547299389599963,0.6508550927189205,0.3491449072810795,True,False,outer-1-fruits,sentinel_pair_initial,fruits,False
testing/almond/almond_6.csv#256:384,testing/almond/almond_6.csv,nuts,nuts,recognize,0.7555541419989887,0.4626765257637417,0.5912505098911094,0.4087494901088906,True,False,outer-1-fruits,sentinel_pair_initial,fruits,False
testing/apple/apple_6.csv#0:128,testing/apple/apple_6.csv,fruits,nuts,recognize,0.6460776881253166,0.3190699871363586,0.45403083555991336,0.5459691644400866,True,False,outer-1-fruits,sentinel_pair_initial,fruits,True
testing/apple/apple_6.csv#256:384,testing/apple/apple_6.csv,fruits,nuts,recognize,0.8913854405832647,0.41526886025274284,0.43805631705530473,0.5619436829446953,False,False,outer-1-fruits,sentinel_pair_initial,fruits,True
testing/asparagus/asparagus_6.csv#0:128,testing/asparagus/asparagus_6.csv,vegetables,vegetables,recognize,0.846106099616558,0.24667792449107215,0.4568541304975242,0.5431458695024758,True,False,outer-1-fruits,sentinel_pair_initial,fruits,False
testing/asparagus/asparagus_6.csv#256:384,testing/asparagus/asparagus_6.csv,vegetables,vegetables,abstain_unknown,0.9901018688422586,0.1213780598884158,0.34666503130827614,0.6533349686917238,True,False,outer-1-fruits,sentinel_pair_initial,fruits,False
testing/avocado/avocado_6.csv#0:128,testing/avocado/avocado_6.csv,vegetables,vegetables,recognize,0.9963321647639508,0.24265742494702477,0.49169848229734764,0.5083015177026524,True,False,outer-1-fruits,sentinel_pair_initial,fruits,False
testing/avocado/avocado_6.csv#256:384,testing/avocado/avocado_6.csv,vegetables,vegetables,recognize,0.9879100110387792,0.3241880952436648,0.5659228434608464,0.4340771565391536,True,False,outer-1-fruits,sentinel_pair_initial,fruits,False
testing/banana/banana_6.csv#0:128,testing/banana/banana_6.csv,fruits,vegetables,abstain_unknown,0.987751585769358,0.08500619549656879,0.28976715549205345,0.7102328445079465,True,False,outer-1-fruits,sentinel_pair_initial,fruits,True
testing/banana/banana_6.csv#256:384,testing/banana/banana_6.csv,fruits,vegetables,abstain_unknown,0.9390820324562733,0.04456912458212787,0.20458265834958125,0.7954173416504188,True,False,outer-1-fruits,sentinel_pair_initial,fruits,True
testing/brazil_nut/brazil_nut_6.csv#0:128,testing/brazil_nut/brazil_nut_6.csv,nuts,nuts,recognize,0.8524515526523593,0.500470808479729,0.6531669907043118,0.34683300929568817,True,False,outer-1-fruits,sentinel_pair_initial,fruits,False
testing/brazil_nut/brazil_nut_6.csv#256:384,testing/brazil_nut/brazil_nut_6.csv,nuts,nuts,recognize,0.6401435049853155,0.47367056402614305,0.5506515550364555,0.44934844496354454,True,False,outer-1-fruits,sentinel_pair_initial,fruits,False
testing/broccoli/broccoli_6.csv#0:128,testing/broccoli/broccoli_6.csv,vegetables,vegetables,recognize,0.9999834123396889,0.15172209307954584,0.38951197204322763,0.6104880279567724,True,False,outer-1-fruits,sentinel_pair_initial,fruits,False
testing/broccoli/broccoli_6.csv#256:384,testing/broccoli/broccoli_6.csv,vegetables,vegetables,recognize,0.9992784170856044,0.21531313785961623,0.4638510230430583,0.5361489769569416,True,False,outer-1-fruits,sentinel_pair_initial,fruits,False
testing/brussel_sprouts/brussel_sprouts_6.csv#0:128,testing/brussel_sprouts/brussel_sprouts_6.csv,vegetables,nuts,abstain_unknown,0.41989913222912323,0.20454394647152854,0.21100769844860648,0.7889923015513935,False,False,outer-1-fruits,sentinel_pair_initial,fruits,False
testing/brussel_sprouts/brussel_sprouts_6.csv#256:384,testing/brussel_sprouts/brussel_sprouts_6.csv,vegetables,nuts,abstain_unknown,0.467439967059455,0.3726845024004818,0.3005149516794418,0.6994850483205581,False,False,outer-1-fruits,sentinel_pair_initial,fruits,False
testing/cabbage/cabbage_6.csv#0:128,testing/cabbage/cabbage_6.csv,vegetables,vegetables,recognize,0.8948985490199151,0.35627291712535925,0.5646486665091633,0.43535133349083666,True,False,outer-1-fruits,sentinel_pair_initial,fruits,False
testing/cabbage/cabbage_6.csv#256:384,testing/cabbage/cabbage_6.csv,vegetables,vegetables,recognize,0.9143516703739076,0.6036672754178566,0.7429429194954232,0.25705708050457676,True,False,outer-1-fruits,sentinel_pair_initial,fruits,False
testing/cashew/cashew_6.csv#0:128,testing/cashew/cashew_6.csv,nuts,nuts,abstain_unknown,0.9756672430597897,0.03423807053177311,0.13159457920889372,0.8684054207911063,False,False,outer-1-fruits,sentinel_pair_initial,fruits,False
testing/cashew/cashew_6.csv#256:384,testing/cashew/cashew_6.csv,nuts,nuts,abstain_unknown,0.7085736049348063,0.32369394176795385,0.3448198568791785,0.6551801431208215,False,False,outer-1-fruits,sentinel_pair_initial,fruits,False
testing/cauliflower/cauliflower_6.csv#0:128,testing/cauliflower/cauliflower_6.csv,vegetables,vegetables,recognize,0.9079674453968859,0.6360861460936256,0.7599641525236435,0.24003584747635653,True,False,outer-1-fruits,sentinel_pair_initial,fruits,False
testing/cauliflower/cauliflower_6.csv#256:384,testing/cauliflower/cauliflower_6.csv,vegetables,vegetables,recognize,0.8792849653062167,0.6222127037736861,0.7396636233117949,0.2603363766882051,True,False,outer-1-fruits,sentinel_pair_initial,fruits,False
testing/chervil/chervil_6.csv#0:128,testing/chervil/chervil_6.csv,spices,nuts,recognize,0.7223168021739304,0.31954775197190266,0.4804317957277734,0.5195682042722266,True,False,outer-1-fruits,sentinel_pair_initial,fruits,False
testing/chervil/chervil_6.csv#256:384,testing/chervil/chervil_6.csv,spices,nuts,recognize,0.9564640593031922,0.29773016624327875,0.5336367710175721,0.4663632289824279,True,False,outer-1-fruits,sentinel_pair_initial,fruits,False
testing/chestnuts/chestnuts_6.csv#0:128,testing/chestnuts/chestnuts_6.csv,nuts,vegetables,abstain_unknown,0.9854945953443703,0.02703554195126031,0.11752416108328405,0.882475838916716,False,False,outer-1-fruits,sentinel_pair_initial,fruits,False
testing/chestnuts/chestnuts_6.csv#256:384,testing/chestnuts/chestnuts_6.csv,nuts,nuts,abstain_unknown,0.538600187473156,0.17717518369576815,0.3089119407762212,0.6910880592237788,True,False,outer-1-fruits,sentinel_pair_initial,fruits,False
testing/cinnamon/cinnamon_6.csv#0:128,testing/cinnamon/cinnamon_6.csv,spices,spices,recognize,0.9335717007152038,0.18196520289464976,0.4121620602837497,0.5878379397162503,True,False,outer-1-fruits,sentinel_pair_initial,fruits,False
testing/cinnamon/cinnamon_6.csv#256:384,testing/cinnamon/cinnamon_6.csv,spices,spices,recognize,0.9906416481149736,0.3046336739135876,0.5493476174491666,0.4506523825508334,True,False,outer-1-fruits,sentinel_pair_initial,fruits,False
testing/cloves/cloves_6.csv#0:128,testing/cloves/cloves_6.csv,spices,spices,recognize,0.9331031587728202,0.17213093898227183,0.40076916409186153,0.5992308359081384,True,False,outer-1-fruits,sentinel_pair_initial,fruits,False
testing/cloves/cloves_6.csv#256:384,testing/cloves/cloves_6.csv,spices,spices,recognize,0.9638310891409797,0.27055021837329674,0.5106512622544513,0.48934873774554866,True,False,outer-1-fruits,sentinel_pair_initial,fruits,False
testing/cumin/cumin_6.csv#0:128,testing/cumin/cumin_6.csv,spices,spices,abstain_unknown,0.9999999999989413,0.0008397059980282353,0.02897768103260415,0.9710223189673959,True,False,outer-1-fruits,sentinel_pair_initial,fruits,False
testing/cumin/cumin_6.csv#256:384,testing/cumin/cumin_6.csv,spices,spices,recognize,0.9999999966844042,0.13758239396058222,0.37092100709506143,0.6290789929049385,True,False,outer-1-fruits,sentinel_pair_initial,fruits,False
testing/ginger/ginger_6.csv#0:128,testing/ginger/ginger_6.csv,spices,spices,recognize,0.999959665954393,0.2758353505628022,0.5251897038282382,0.47481029617176185,True,False,outer-1-fruits,sentinel_pair_initial,fruits,False
testing/ginger/ginger_6.csv#256:384,testing/ginger/ginger_6.csv,spices,spices,recognize,0.9998254164170306,0.37723698247120135,0.6141425918198257,0.38585740818017433,True,False,outer-1-fruits,sentinel_pair_initial,fruits,False
testing/hazelnut/hazelnut_6.csv#0:128,testing/hazelnut/hazelnut_6.csv,nuts,nuts,recognize,0.8958436352929244,0.5542251067365854,0.7046268760056713,0.2953731239943287,True,False,outer-1-fruits,sentinel_pair_initial,fruits,False
testing/hazelnut/hazelnut_6.csv#256:384,testing/hazelnut/hazelnut_6.csv,nuts,nuts,recognize,0.8238185944358021,0.6158308661853888,0.7122730646255195,0.28772693537448046,True,False,outer-1-fruits,sentinel_pair_initial,fruits,False
testing/kiwi/kiwi_6.csv#0:128,testing/kiwi/kiwi_6.csv,fruits,vegetables,abstain_unknown,0.5957864212755388,0.3503313697127265,0.32894047135378585,0.6710595286462142,False,False,outer-1-fruits,sentinel_pair_initial,fruits,True
testing/kiwi/kiwi_6.csv#256:384,testing/kiwi/kiwi_6.csv,fruits,vegetables,abstain_unknown,0.5560334065007397,0.34358272645437477,0.31470134543823497,0.685298654561765,False,False,outer-1-fruits,sentinel_pair_initial,fruits,True
testing/lemon/lemon_6.csv#0:128,testing/lemon/lemon_6.csv,fruits,spices,abstain_unknown,0.9999999999983011,0.002991533993786608,0.05469491744011984,0.9453050825598801,True,False,outer-1-fruits,sentinel_pair_initial,fruits,True
testing/lemon/lemon_6.csv#256:384,testing/lemon/lemon_6.csv,fruits,spices,abstain_unknown,0.9999999712896425,0.042239582289803804,0.20552270209660609,0.7944772979033939,True,False,outer-1-fruits,sentinel_pair_initial,fruits,True
testing/mandarin_orange/mandarin_orange_6.csv#0:128,testing/mandarin_orange/mandarin_orange_6.csv,fruits,nuts,abstain_unknown,0.5251646626489518,0.11994930063971584,0.18070871774327052,0.8192912822567295,False,False,outer-1-fruits,sentinel_pair_initial,fruits,True
testing/mandarin_orange/mandarin_orange_6.csv#256:384,testing/mandarin_orange/mandarin_orange_6.csv,fruits,vegetables,recognize,0.991240598667644,0.38254113847032767,0.6157843024244202,0.38421569757557983,True,False,outer-1-fruits,sentinel_pair_initial,fruits,True
testing/mango/mango_6.csv#0:128,testing/mango/mango_6.csv,fruits,nuts,recognize,0.5454723219557307,0.3106714704973225,0.4116584608356493,0.5883415391643507,True,False,outer-1-fruits,sentinel_pair_initial,fruits,True
testing/mango/mango_6.csv#256:384,testing/mango/mango_6.csv,fruits,nuts,recognize,0.5886388469074145,0.32149111204439923,0.43501972079987083,0.5649802792001292,True,False,outer-1-fruits,sentinel_pair_initial,fruits,True
testing/mustard/mustard_6.csv#0:128,testing/mustard/mustard_6.csv,spices,nuts,recognize,0.7057283268751264,0.43631205403501905,0.39953044317193176,0.6004695568280682,False,False,outer-1-fruits,sentinel_pair_initial,fruits,False
testing/mustard/mustard_6.csv#256:384,testing/mustard/mustard_6.csv,spices,nuts,recognize,0.5601923861499334,0.7139118434906426,0.45532698620706163,0.5446730137929383,False,False,outer-1-fruits,sentinel_pair_initial,fruits,False
testing/nutmeg/nutmeg_6.csv#0:128,testing/nutmeg/nutmeg_6.csv,spices,spices,abstain_unknown,1.0,0.011463816668626264,0.10706921438315621,0.8929307856168438,True,False,outer-1-fruits,sentinel_pair_initial,fruits,False
testing/nutmeg/nutmeg_6.csv#256:384,testing/nutmeg/nutmeg_6.csv,spices,spices,abstain_unknown,0.9999999999999998,0.03342450376372524,0.18282369584855576,0.8171763041514443,True,False,outer-1-fruits,sentinel_pair_initial,fruits,False
testing/peach/peach_6.csv#0:128,testing/peach/peach_6.csv,fruits,vegetables,abstain_unknown,0.9999999999902474,1.8519359260835088e-07,0.00043034125134193765,0.9995696587486581,True,False,outer-1-fruits,sentinel_pair_initial,fruits,True
testing/peach/peach_6.csv#256:384,testing/peach/peach_6.csv,fruits,vegetables,abstain_unknown,0.9999999974457472,1.1970493160344376e-12,1.0940974878761359e-06,0.9999989059025122,True,False,outer-1-fruits,sentinel_pair_initial,fruits,True
testing/peanuts/peanuts_6.csv#0:128,testing/peanuts/peanuts_6.csv,nuts,nuts,recognize,0.9765373576817313,0.4604248105762436,0.6705386103210139,0.3294613896789861,True,False,outer-1-fruits,sentinel_pair_initial,fruits,False
testing/peanuts/peanuts_6.csv#256:384,testing/peanuts/peanuts_6.csv,nuts,nuts,recognize,0.9370380704277054,0.48339795327376855,0.48457780463332123,0.5154221953666788,False,False,outer-1-fruits,sentinel_pair_initial,fruits,False
testing/pear/pear_6.csv#0:128,testing/pear/pear_6.csv,fruits,vegetables,recognize,0.9534004965628884,0.2804718945752293,0.5171093149034909,0.4828906850965091,True,False,outer-1-fruits,sentinel_pair_initial,fruits,True
testing/pear/pear_6.csv#256:384,testing/pear/pear_6.csv,fruits,vegetables,recognize,0.9377487831103598,0.4010826669770443,0.6132819766505299,0.38671802334947014,True,False,outer-1-fruits,sentinel_pair_initial,fruits,True
testing/pecans/pecans_6.csv#0:128,testing/pecans/pecans_6.csv,nuts,nuts,recognize,0.959716576177128,0.23797126785581976,0.4778964013414598,0.5221035986585403,True,False,outer-1-fruits,sentinel_pair_initial,fruits,False
testing/pecans/pecans_6.csv#256:384,testing/pecans/pecans_6.csv,nuts,nuts,recognize,0.6358656068340832,0.3212913708763275,0.4519935093702458,0.5480064906297542,True,False,outer-1-fruits,sentinel_pair_initial,fruits,False
testing/pili_nut/pili_nut_6.csv#0:128,testing/pili_nut/pili_nut_6.csv,nuts,nuts,recognize,0.864844005696304,0.3103426194016631,0.518071379350006,0.481928620649994,True,False,outer-1-fruits,sentinel_pair_initial,fruits,False
testing/pili_nut/pili_nut_6.csv#256:384,testing/pili_nut/pili_nut_6.csv,nuts,nuts,recognize,0.9603945839332586,0.31156755181318635,0.5470171745847923,0.45298282541520773,True,False,outer-1-fruits,sentinel_pair_initial,fruits,False
testing/pineapple/pineapple_6.csv#0:128,testing/pineapple/pineapple_6.csv,fruits,vegetables,abstain_unknown,0.9999999854241903,0.012796314614894956,0.11312079573791156,0.8868792042620884,True,False,outer-1-fruits,sentinel_pair_initial,fruits,True
testing/pineapple/pineapple_6.csv#256:384,testing/pineapple/pineapple_6.csv,fruits,vegetables,abstain_unknown,0.999999877355361,0.028705809203142352,0.1694278775247118,0.8305721224752882,True,False,outer-1-fruits,sentinel_pair_initial,fruits,True
testing/pistachios/pistachios_6.csv#0:128,testing/pistachios/pistachios_6.csv,nuts,nuts,recognize,0.9248510474394902,0.6470285758937466,0.7735664523094401,0.2264335476905599,True,False,outer-1-fruits,sentinel_pair_initial,fruits,False
testing/pistachios/pistachios_6.csv#256:384,testing/pistachios/pistachios_6.csv,nuts,nuts,recognize,0.7971205363677262,0.610382355142258,0.6975301501156725,0.30246984988432746,True,False,outer-1-fruits,sentinel_pair_initial,fruits,False
testing/potato/potato_6.csv#0:128,testing/potato/potato_6.csv,vegetables,vegetables,recognize,0.8330995641273913,0.23841053504376875,0.44566771571243735,0.5543322842875626,True,False,outer-1-fruits,sentinel_pair_initial,fruits,False
testing/potato/potato_6.csv#256:384,testing/potato/potato_6.csv,vegetables,nuts,abstain_unknown,0.4906213387330488,0.3210277160641003,0.2857439063092779,0.7142560936907221,False,False,outer-1-fruits,sentinel_pair_initial,fruits,False
testing/radish/radish_6.csv#0:128,testing/radish/radish_6.csv,vegetables,vegetables,recognize,0.9915623633470844,0.3647879309045173,0.6014232975934471,0.39857670240655285,True,False,outer-1-fruits,sentinel_pair_initial,fruits,False
testing/radish/radish_6.csv#256:384,testing/radish/radish_6.csv,vegetables,vegetables,recognize,0.9552968382350197,0.5001962508978459,0.6912567518510925,0.3087432481489075,True,False,outer-1-fruits,sentinel_pair_initial,fruits,False
testing/saffron/saffron_6.csv#0:128,testing/saffron/saffron_6.csv,spices,spices,recognize,0.5213526916329625,0.5746792082376659,0.5473669263302331,0.4526330736697669,True,False,outer-1-fruits,sentinel_pair_initial,fruits,False
testing/saffron/saffron_6.csv#256:384,testing/saffron/saffron_6.csv,spices,spices,recognize,0.7596716328490369,0.6248173802695237,0.688952857241921,0.311047142758079,True,False,outer-1-fruits,sentinel_pair_initial,fruits,False
testing/star_anise/star_anise_6.csv#0:128,testing/star_anise/star_anise_6.csv,spices,spices,recognize,0.9655520032351207,0.445431224037336,0.6558101940902731,0.3441898059097269,True,False,outer-1-fruits,sentinel_pair_initial,fruits,False
testing/star_anise/star_anise_6.csv#256:384,testing/star_anise/star_anise_6.csv,spices,spices,recognize,0.9878544183755417,0.4474167048785181,0.6648176958905877,0.3351823041094123,True,False,outer-1-fruits,sentinel_pair_initial,fruits,False
testing/strawberry/strawberry_6.csv#0:128,testing/strawberry/strawberry_6.csv,fruits,nuts,recognize,0.7476349523334367,0.518610475155879,0.6226807511661064,0.37731924883389356,True,False,outer-1-fruits,sentinel_pair_initial,fruits,True
testing/strawberry/strawberry_6.csv#256:384,testing/strawberry/strawberry_6.csv,fruits,spices,recognize,0.5647826072266071,0.5148251463178471,0.3882424591775424,0.6117575408224576,False,False,outer-1-fruits,sentinel_pair_initial,fruits,True
testing/sweet_potato/sweet_potato_6.csv#0:128,testing/sweet_potato/sweet_potato_6.csv,vegetables,vegetables,abstain_unknown,1.0,1.260927446353292e-11,3.5509540216022116e-06,0.9999964490459784,True,False,outer-1-fruits,sentinel_pair_initial,fruits,False
testing/sweet_potato/sweet_potato_6.csv#256:384,testing/sweet_potato/sweet_potato_6.csv,vegetables,vegetables,abstain_unknown,0.9999999999885478,0.00048518816644885275,0.02202698723028858,0.9779730127697114,True,False,outer-1-fruits,sentinel_pair_initial,fruits,False
testing/tomato/tomato_6.csv#0:128,testing/tomato/tomato_6.csv,vegetables,vegetables,recognize,0.9967959758091952,0.47790311269587105,0.6901970005454475,0.3098029994545525,True,False,outer-1-fruits,sentinel_pair_initial,fruits,False
testing/tomato/tomato_6.csv#256:384,testing/tomato/tomato_6.csv,vegetables,vegetables,recognize,0.9759735556261818,0.5052990233047754,0.7022524363996173,0.2977475636003827,True,False,outer-1-fruits,sentinel_pair_initial,fruits,False
testing/walnuts/walnuts_6.csv#0:128,testing/walnuts/walnuts_6.csv,nuts,nuts,recognize,0.8596155569669878,0.2680014553234087,0.4799773122615227,0.5200226877384773,True,False,outer-1-fruits,sentinel_pair_initial,fruits,False
testing/walnuts/walnuts_6.csv#256:384,testing/walnuts/walnuts_6.csv,nuts,nuts,recognize,0.9268209251797964,0.44058063983816553,0.6390143630867112,0.3609856369132888,True,False,outer-1-fruits,sentinel_pair_initial,fruits,False
testing/walnuts/walnuts_6.csv#512:640,testing/walnuts/walnuts_6.csv,nuts,vegetables,abstain_unknown,0.5645664589460307,0.12273900021837542,0.26323814831415354,0.7367618516858465,True,False,outer-1-fruits,sentinel_pair_initial,fruits,False
testing/allspice/allspice_6.csv#0:128,testing/allspice/allspice_6.csv,spices,spices,recognize,0.9986982289833909,0.25338979684889285,0.5030506349816591,0.49694936501834086,True,False,outer-1-fruits,sentinel_asymmetric_repeat_veto,fruits,False
testing/allspice/allspice_6.csv#256:384,testing/allspice/allspice_6.csv,spices,spices,abstain_unknown,0.999732362779906,0.09331133105942938,0.30542815435742227,0.6945718456425778,True,True,outer-1-fruits,sentinel_asymmetric_repeat_veto,fruits,False
testing/almond/almond_6.csv#0:128,testing/almond/almond_6.csv,nuts,nuts,recognize,0.7636370816984206,0.5547299389599963,0.6508550927189205,0.3491449072810795,True,False,outer-1-fruits,sentinel_asymmetric_repeat_veto,fruits,False
testing/almond/almond_6.csv#256:384,testing/almond/almond_6.csv,nuts,nuts,recognize,0.7555541419989887,0.4626765257637417,0.5912505098911094,0.4087494901088906,True,False,outer-1-fruits,sentinel_asymmetric_repeat_veto,fruits,False
testing/apple/apple_6.csv#0:128,testing/apple/apple_6.csv,fruits,nuts,recognize,0.6460776881253166,0.3190699871363586,0.45403083555991336,0.5459691644400866,True,False,outer-1-fruits,sentinel_asymmetric_repeat_veto,fruits,True
testing/apple/apple_6.csv#256:384,testing/apple/apple_6.csv,fruits,nuts,recognize,0.8913854405832647,0.41526886025274284,0.43805631705530473,0.5619436829446953,False,False,outer-1-fruits,sentinel_asymmetric_repeat_veto,fruits,True
testing/asparagus/asparagus_6.csv#0:128,testing/asparagus/asparagus_6.csv,vegetables,vegetables,recognize,0.846106099616558,0.24667792449107215,0.4568541304975242,0.5431458695024758,True,False,outer-1-fruits,sentinel_asymmetric_repeat_veto,fruits,False
testing/asparagus/asparagus_6.csv#256:384,testing/asparagus/asparagus_6.csv,vegetables,vegetables,abstain_unknown,0.9901018688422586,0.1213780598884158,0.34666503130827614,0.6533349686917238,True,True,outer-1-fruits,sentinel_asymmetric_repeat_veto,fruits,False
testing/avocado/avocado_6.csv#0:128,testing/avocado/avocado_6.csv,vegetables,vegetables,recognize,0.9963321647639508,0.24265742494702477,0.49169848229734764,0.5083015177026524,True,False,outer-1-fruits,sentinel_asymmetric_repeat_veto,fruits,False
testing/avocado/avocado_6.csv#256:384,testing/avocado/avocado_6.csv,vegetables,vegetables,recognize,0.9879100110387792,0.3241880952436648,0.5659228434608464,0.4340771565391536,True,False,outer-1-fruits,sentinel_asymmetric_repeat_veto,fruits,False
testing/banana/banana_6.csv#0:128,testing/banana/banana_6.csv,fruits,vegetables,abstain_unknown,0.987751585769358,0.08500619549656879,0.28976715549205345,0.7102328445079465,True,True,outer-1-fruits,sentinel_asymmetric_repeat_veto,fruits,True
testing/banana/banana_6.csv#256:384,testing/banana/banana_6.csv,fruits,vegetables,abstain_unknown,0.9390820324562733,0.04456912458212787,0.20458265834958125,0.7954173416504188,True,False,outer-1-fruits,sentinel_asymmetric_repeat_veto,fruits,True
testing/brazil_nut/brazil_nut_6.csv#0:128,testing/brazil_nut/brazil_nut_6.csv,nuts,nuts,recognize,0.8524515526523593,0.500470808479729,0.6531669907043118,0.34683300929568817,True,False,outer-1-fruits,sentinel_asymmetric_repeat_veto,fruits,False
testing/brazil_nut/brazil_nut_6.csv#256:384,testing/brazil_nut/brazil_nut_6.csv,nuts,nuts,recognize,0.6401435049853155,0.47367056402614305,0.5506515550364555,0.44934844496354454,True,False,outer-1-fruits,sentinel_asymmetric_repeat_veto,fruits,False
testing/broccoli/broccoli_6.csv#0:128,testing/broccoli/broccoli_6.csv,vegetables,vegetables,recognize,0.9999834123396889,0.15172209307954584,0.38951197204322763,0.6104880279567724,True,True,outer-1-fruits,sentinel_asymmetric_repeat_veto,fruits,False
testing/broccoli/broccoli_6.csv#256:384,testing/broccoli/broccoli_6.csv,vegetables,vegetables,recognize,0.9992784170856044,0.21531313785961623,0.4638510230430583,0.5361489769569416,True,False,outer-1-fruits,sentinel_asymmetric_repeat_veto,fruits,False
testing/brussel_sprouts/brussel_sprouts_6.csv#0:128,testing/brussel_sprouts/brussel_sprouts_6.csv,vegetables,nuts,abstain_unknown,0.41989913222912323,0.20454394647152854,0.21100769844860648,0.7889923015513935,False,False,outer-1-fruits,sentinel_asymmetric_repeat_veto,fruits,False
testing/brussel_sprouts/brussel_sprouts_6.csv#256:384,testing/brussel_sprouts/brussel_sprouts_6.csv,vegetables,nuts,abstain_unknown,0.467439967059455,0.3726845024004818,0.3005149516794418,0.6994850483205581,False,True,outer-1-fruits,sentinel_asymmetric_repeat_veto,fruits,False
testing/cabbage/cabbage_6.csv#0:128,testing/cabbage/cabbage_6.csv,vegetables,vegetables,recognize,0.8948985490199151,0.35627291712535925,0.5646486665091633,0.43535133349083666,True,False,outer-1-fruits,sentinel_asymmetric_repeat_veto,fruits,False
testing/cabbage/cabbage_6.csv#256:384,testing/cabbage/cabbage_6.csv,vegetables,vegetables,recognize,0.9143516703739076,0.6036672754178566,0.7429429194954232,0.25705708050457676,True,False,outer-1-fruits,sentinel_asymmetric_repeat_veto,fruits,False
testing/cashew/cashew_6.csv#0:128,testing/cashew/cashew_6.csv,nuts,nuts,abstain_unknown,0.9756672430597897,0.03423807053177311,0.13159457920889372,0.8684054207911063,False,False,outer-1-fruits,sentinel_asymmetric_repeat_veto,fruits,False
testing/cashew/cashew_6.csv#256:384,testing/cashew/cashew_6.csv,nuts,nuts,abstain_unknown,0.7085736049348063,0.32369394176795385,0.3448198568791785,0.6551801431208215,False,True,outer-1-fruits,sentinel_asymmetric_repeat_veto,fruits,False
testing/cauliflower/cauliflower_6.csv#0:128,testing/cauliflower/cauliflower_6.csv,vegetables,vegetables,recognize,0.9079674453968859,0.6360861460936256,0.7599641525236435,0.24003584747635653,True,False,outer-1-fruits,sentinel_asymmetric_repeat_veto,fruits,False
testing/cauliflower/cauliflower_6.csv#256:384,testing/cauliflower/cauliflower_6.csv,vegetables,vegetables,recognize,0.8792849653062167,0.6222127037736861,0.7396636233117949,0.2603363766882051,True,False,outer-1-fruits,sentinel_asymmetric_repeat_veto,fruits,False
testing/chervil/chervil_6.csv#0:128,testing/chervil/chervil_6.csv,spices,nuts,recognize,0.7223168021739304,0.31954775197190266,0.4804317957277734,0.5195682042722266,True,False,outer-1-fruits,sentinel_asymmetric_repeat_veto,fruits,False
testing/chervil/chervil_6.csv#256:384,testing/chervil/chervil_6.csv,spices,nuts,recognize,0.9564640593031922,0.29773016624327875,0.5336367710175721,0.4663632289824279,True,False,outer-1-fruits,sentinel_asymmetric_repeat_veto,fruits,False
testing/chestnuts/chestnuts_6.csv#0:128,testing/chestnuts/chestnuts_6.csv,nuts,vegetables,abstain_unknown,0.9854945953443703,0.02703554195126031,0.11752416108328405,0.882475838916716,False,False,outer-1-fruits,sentinel_asymmetric_repeat_veto,fruits,False
testing/chestnuts/chestnuts_6.csv#256:384,testing/chestnuts/chestnuts_6.csv,nuts,nuts,abstain_unknown,0.538600187473156,0.17717518369576815,0.3089119407762212,0.6910880592237788,True,True,outer-1-fruits,sentinel_asymmetric_repeat_veto,fruits,False
testing/cinnamon/cinnamon_6.csv#0:128,testing/cinnamon/cinnamon_6.csv,spices,spices,recognize,0.9335717007152038,0.18196520289464976,0.4121620602837497,0.5878379397162503,True,False,outer-1-fruits,sentinel_asymmetric_repeat_veto,fruits,False
testing/cinnamon/cinnamon_6.csv#256:384,testing/cinnamon/cinnamon_6.csv,spices,spices,recognize,0.9906416481149736,0.3046336739135876,0.5493476174491666,0.4506523825508334,True,False,outer-1-fruits,sentinel_asymmetric_repeat_veto,fruits,False
testing/cloves/cloves_6.csv#0:128,testing/cloves/cloves_6.csv,spices,spices,recognize,0.9331031587728202,0.17213093898227183,0.40076916409186153,0.5992308359081384,True,True,outer-1-fruits,sentinel_asymmetric_repeat_veto,fruits,False
testing/cloves/cloves_6.csv#256:384,testing/cloves/cloves_6.csv,spices,spices,recognize,0.9638310891409797,0.27055021837329674,0.5106512622544513,0.48934873774554866,True,False,outer-1-fruits,sentinel_asymmetric_repeat_veto,fruits,False
testing/cumin/cumin_6.csv#0:128,testing/cumin/cumin_6.csv,spices,spices,abstain_unknown,0.9999999999989413,0.0008397059980282353,0.02897768103260415,0.9710223189673959,True,False,outer-1-fruits,sentinel_asymmetric_repeat_veto,fruits,False
testing/cumin/cumin_6.csv#256:384,testing/cumin/cumin_6.csv,spices,spices,recognize,0.9999999966844042,0.13758239396058222,0.37092100709506143,0.6290789929049385,True,True,outer-1-fruits,sentinel_asymmetric_repeat_veto,fruits,False
testing/ginger/ginger_6.csv#0:128,testing/ginger/ginger_6.csv,spices,spices,recognize,0.999959665954393,0.2758353505628022,0.5251897038282382,0.47481029617176185,True,False,outer-1-fruits,sentinel_asymmetric_repeat_veto,fruits,False
testing/ginger/ginger_6.csv#256:384,testing/ginger/ginger_6.csv,spices,spices,recognize,0.9998254164170306,0.37723698247120135,0.6141425918198257,0.38585740818017433,True,False,outer-1-fruits,sentinel_asymmetric_repeat_veto,fruits,False
testing/hazelnut/hazelnut_6.csv#0:128,testing/hazelnut/hazelnut_6.csv,nuts,nuts,recognize,0.8958436352929244,0.5542251067365854,0.7046268760056713,0.2953731239943287,True,False,outer-1-fruits,sentinel_asymmetric_repeat_veto,fruits,False
testing/hazelnut/hazelnut_6.csv#256:384,testing/hazelnut/hazelnut_6.csv,nuts,nuts,recognize,0.8238185944358021,0.6158308661853888,0.7122730646255195,0.28772693537448046,True,False,outer-1-fruits,sentinel_asymmetric_repeat_veto,fruits,False
testing/kiwi/kiwi_6.csv#0:128,testing/kiwi/kiwi_6.csv,fruits,vegetables,abstain_unknown,0.5957864212755388,0.3503313697127265,0.32894047135378585,0.6710595286462142,False,True,outer-1-fruits,sentinel_asymmetric_repeat_veto,fruits,True
testing/kiwi/kiwi_6.csv#256:384,testing/kiwi/kiwi_6.csv,fruits,vegetables,abstain_unknown,0.5560334065007397,0.34358272645437477,0.31470134543823497,0.685298654561765,False,True,outer-1-fruits,sentinel_asymmetric_repeat_veto,fruits,True
testing/lemon/lemon_6.csv#0:128,testing/lemon/lemon_6.csv,fruits,spices,abstain_unknown,0.9999999999983011,0.002991533993786608,0.05469491744011984,0.9453050825598801,True,False,outer-1-fruits,sentinel_asymmetric_repeat_veto,fruits,True
testing/lemon/lemon_6.csv#256:384,testing/lemon/lemon_6.csv,fruits,spices,abstain_unknown,0.9999999712896425,0.042239582289803804,0.20552270209660609,0.7944772979033939,True,False,outer-1-fruits,sentinel_asymmetric_repeat_veto,fruits,True
testing/mandarin_orange/mandarin_orange_6.csv#0:128,testing/mandarin_orange/mandarin_orange_6.csv,fruits,nuts,abstain_unknown,0.5251646626489518,0.11994930063971584,0.18070871774327052,0.8192912822567295,False,False,outer-1-fruits,sentinel_asymmetric_repeat_veto,fruits,True
testing/mandarin_orange/mandarin_orange_6.csv#256:384,testing/mandarin_orange/mandarin_orange_6.csv,fruits,vegetables,recognize,0.991240598667644,0.38254113847032767,0.6157843024244202,0.38421569757557983,True,False,outer-1-fruits,sentinel_asymmetric_repeat_veto,fruits,True
testing/mango/mango_6.csv#0:128,testing/mango/mango_6.csv,fruits,nuts,recognize,0.5454723219557307,0.3106714704973225,0.4116584608356493,0.5883415391643507,True,False,outer-1-fruits,sentinel_asymmetric_repeat_veto,fruits,True
testing/mango/mango_6.csv#256:384,testing/mango/mango_6.csv,fruits,nuts,recognize,0.5886388469074145,0.32149111204439923,0.43501972079987083,0.5649802792001292,True,False,outer-1-fruits,sentinel_asymmetric_repeat_veto,fruits,True
testing/mustard/mustard_6.csv#0:128,testing/mustard/mustard_6.csv,spices,nuts,recognize,0.7057283268751264,0.43631205403501905,0.39953044317193176,0.6004695568280682,False,True,outer-1-fruits,sentinel_asymmetric_repeat_veto,fruits,False
testing/mustard/mustard_6.csv#256:384,testing/mustard/mustard_6.csv,spices,nuts,recognize,0.5601923861499334,0.7139118434906426,0.45532698620706163,0.5446730137929383,False,False,outer-1-fruits,sentinel_asymmetric_repeat_veto,fruits,False
testing/nutmeg/nutmeg_6.csv#0:128,testing/nutmeg/nutmeg_6.csv,spices,spices,abstain_unknown,1.0,0.011463816668626264,0.10706921438315621,0.8929307856168438,True,False,outer-1-fruits,sentinel_asymmetric_repeat_veto,fruits,False
testing/nutmeg/nutmeg_6.csv#256:384,testing/nutmeg/nutmeg_6.csv,spices,spices,abstain_unknown,0.9999999999999998,0.03342450376372524,0.18282369584855576,0.8171763041514443,True,False,outer-1-fruits,sentinel_asymmetric_repeat_veto,fruits,False
testing/peach/peach_6.csv#0:128,testing/peach/peach_6.csv,fruits,vegetables,abstain_unknown,0.9999999999902474,1.8519359260835088e-07,0.00043034125134193765,0.9995696587486581,True,False,outer-1-fruits,sentinel_asymmetric_repeat_veto,fruits,True
testing/peach/peach_6.csv#256:384,testing/peach/peach_6.csv,fruits,vegetables,abstain_unknown,0.9999999974457472,1.1970493160344376e-12,1.0940974878761359e-06,0.9999989059025122,True,False,outer-1-fruits,sentinel_asymmetric_repeat_veto,fruits,True
testing/peanuts/peanuts_6.csv#0:128,testing/peanuts/peanuts_6.csv,nuts,nuts,recognize,0.9765373576817313,0.4604248105762436,0.6705386103210139,0.3294613896789861,True,False,outer-1-fruits,sentinel_asymmetric_repeat_veto,fruits,False
testing/peanuts/peanuts_6.csv#256:384,testing/peanuts/peanuts_6.csv,nuts,nuts,recognize,0.9370380704277054,0.48339795327376855,0.48457780463332123,0.5154221953666788,False,False,outer-1-fruits,sentinel_asymmetric_repeat_veto,fruits,False
testing/pear/pear_6.csv#0:128,testing/pear/pear_6.csv,fruits,vegetables,recognize,0.9534004965628884,0.2804718945752293,0.5171093149034909,0.4828906850965091,True,False,outer-1-fruits,sentinel_asymmetric_repeat_veto,fruits,True
testing/pear/pear_6.csv#256:384,testing/pear/pear_6.csv,fruits,vegetables,recognize,0.9377487831103598,0.4010826669770443,0.6132819766505299,0.38671802334947014,True,False,outer-1-fruits,sentinel_asymmetric_repeat_veto,fruits,True
testing/pecans/pecans_6.csv#0:128,testing/pecans/pecans_6.csv,nuts,nuts,recognize,0.959716576177128,0.23797126785581976,0.4778964013414598,0.5221035986585403,True,False,outer-1-fruits,sentinel_asymmetric_repeat_veto,fruits,False
testing/pecans/pecans_6.csv#256:384,testing/pecans/pecans_6.csv,nuts,nuts,recognize,0.6358656068340832,0.3212913708763275,0.4519935093702458,0.5480064906297542,True,False,outer-1-fruits,sentinel_asymmetric_repeat_veto,fruits,False
testing/pili_nut/pili_nut_6.csv#0:128,testing/pili_nut/pili_nut_6.csv,nuts,nuts,recognize,0.864844005696304,0.3103426194016631,0.518071379350006,0.481928620649994,True,False,outer-1-fruits,sentinel_asymmetric_repeat_veto,fruits,False
testing/pili_nut/pili_nut_6.csv#256:384,testing/pili_nut/pili_nut_6.csv,nuts,nuts,recognize,0.9603945839332586,0.31156755181318635,0.5470171745847923,0.45298282541520773,True,False,outer-1-fruits,sentinel_asymmetric_repeat_veto,fruits,False
testing/pineapple/pineapple_6.csv#0:128,testing/pineapple/pineapple_6.csv,fruits,vegetables,abstain_unknown,0.9999999854241903,0.012796314614894956,0.11312079573791156,0.8868792042620884,True,False,outer-1-fruits,sentinel_asymmetric_repeat_veto,fruits,True
testing/pineapple/pineapple_6.csv#256:384,testing/pineapple/pineapple_6.csv,fruits,vegetables,abstain_unknown,0.999999877355361,0.028705809203142352,0.1694278775247118,0.8305721224752882,True,False,outer-1-fruits,sentinel_asymmetric_repeat_veto,fruits,True
testing/pistachios/pistachios_6.csv#0:128,testing/pistachios/pistachios_6.csv,nuts,nuts,recognize,0.9248510474394902,0.6470285758937466,0.7735664523094401,0.2264335476905599,True,False,outer-1-fruits,sentinel_asymmetric_repeat_veto,fruits,False
testing/pistachios/pistachios_6.csv#256:384,testing/pistachios/pistachios_6.csv,nuts,nuts,recognize,0.7971205363677262,0.610382355142258,0.6975301501156725,0.30246984988432746,True,False,outer-1-fruits,sentinel_asymmetric_repeat_veto,fruits,False
testing/potato/potato_6.csv#0:128,testing/potato/potato_6.csv,vegetables,vegetables,recognize,0.8330995641273913,0.23841053504376875,0.44566771571243735,0.5543322842875626,True,False,outer-1-fruits,sentinel_asymmetric_repeat_veto,fruits,False
testing/potato/potato_6.csv#256:384,testing/potato/potato_6.csv,vegetables,nuts,abstain_unknown,0.4906213387330488,0.3210277160641003,0.2857439063092779,0.7142560936907221,False,False,outer-1-fruits,sentinel_asymmetric_repeat_veto,fruits,False
testing/radish/radish_6.csv#0:128,testing/radish/radish_6.csv,vegetables,vegetables,recognize,0.9915623633470844,0.3647879309045173,0.6014232975934471,0.39857670240655285,True,False,outer-1-fruits,sentinel_asymmetric_repeat_veto,fruits,False
testing/radish/radish_6.csv#256:384,testing/radish/radish_6.csv,vegetables,vegetables,recognize,0.9552968382350197,0.5001962508978459,0.6912567518510925,0.3087432481489075,True,False,outer-1-fruits,sentinel_asymmetric_repeat_veto,fruits,False
testing/saffron/saffron_6.csv#0:128,testing/saffron/saffron_6.csv,spices,spices,recognize,0.5213526916329625,0.5746792082376659,0.5473669263302331,0.4526330736697669,True,False,outer-1-fruits,sentinel_asymmetric_repeat_veto,fruits,False
testing/saffron/saffron_6.csv#256:384,testing/saffron/saffron_6.csv,spices,spices,recognize,0.7596716328490369,0.6248173802695237,0.688952857241921,0.311047142758079,True,False,outer-1-fruits,sentinel_asymmetric_repeat_veto,fruits,False
testing/star_anise/star_anise_6.csv#0:128,testing/star_anise/star_anise_6.csv,spices,spices,recognize,0.9655520032351207,0.445431224037336,0.6558101940902731,0.3441898059097269,True,False,outer-1-fruits,sentinel_asymmetric_repeat_veto,fruits,False
testing/star_anise/star_anise_6.csv#256:384,testing/star_anise/star_anise_6.csv,spices,spices,recognize,0.9878544183755417,0.4474167048785181,0.6648176958905877,0.3351823041094123,True,False,outer-1-fruits,sentinel_asymmetric_repeat_veto,fruits,False
testing/strawberry/strawberry_6.csv#0:128,testing/strawberry/strawberry_6.csv,fruits,nuts,recognize,0.7476349523334367,0.518610475155879,0.6226807511661064,0.37731924883389356,True,False,outer-1-fruits,sentinel_asymmetric_repeat_veto,fruits,True
testing/strawberry/strawberry_6.csv#256:384,testing/strawberry/strawberry_6.csv,fruits,spices,recognize,0.5647826072266071,0.5148251463178471,0.3882424591775424,0.6117575408224576,False,True,outer-1-fruits,sentinel_asymmetric_repeat_veto,fruits,True
testing/sweet_potato/sweet_potato_6.csv#0:128,testing/sweet_potato/sweet_potato_6.csv,vegetables,vegetables,abstain_unknown,1.0,1.260927446353292e-11,3.5509540216022116e-06,0.9999964490459784,True,False,outer-1-fruits,sentinel_asymmetric_repeat_veto,fruits,False
testing/sweet_potato/sweet_potato_6.csv#256:384,testing/sweet_potato/sweet_potato_6.csv,vegetables,vegetables,abstain_unknown,0.9999999999885478,0.00048518816644885275,0.02202698723028858,0.9779730127697114,True,False,outer-1-fruits,sentinel_asymmetric_repeat_veto,fruits,False
testing/tomato/tomato_6.csv#0:128,testing/tomato/tomato_6.csv,vegetables,vegetables,recognize,0.9967959758091952,0.47790311269587105,0.6901970005454475,0.3098029994545525,True,False,outer-1-fruits,sentinel_asymmetric_repeat_veto,fruits,False
testing/tomato/tomato_6.csv#256:384,testing/tomato/tomato_6.csv,vegetables,vegetables,recognize,0.9759735556261818,0.5052990233047754,0.7022524363996173,0.2977475636003827,True,False,outer-1-fruits,sentinel_asymmetric_repeat_veto,fruits,False
testing/walnuts/walnuts_6.csv#0:128,testing/walnuts/walnuts_6.csv,nuts,nuts,recognize,0.8596155569669878,0.2680014553234087,0.4799773122615227,0.5200226877384773,True,False,outer-1-fruits,sentinel_asymmetric_repeat_veto,fruits,False
testing/walnuts/walnuts_6.csv#256:384,testing/walnuts/walnuts_6.csv,nuts,nuts,recognize,0.9268209251797964,0.44058063983816553,0.6390143630867112,0.3609856369132888,True,False,outer-1-fruits,sentinel_asymmetric_repeat_veto,fruits,False
testing/walnuts/walnuts_6.csv#512:640,testing/walnuts/walnuts_6.csv,nuts,vegetables,abstain_unknown,0.5645664589460307,0.12273900021837542,0.26323814831415354,0.7367618516858465,True,False,outer-1-fruits,sentinel_asymmetric_repeat_veto,fruits,False
testing/allspice/allspice_6.csv#0:128,testing/allspice/allspice_6.csv,spices,fruits,recognize,0.5325921114521541,0.2775698588512734,0.2768318235265553,0.7231681764734448,False,False,outer-2-herbs,closed_set,herbs,False
testing/allspice/allspice_6.csv#128:256,testing/allspice/allspice_6.csv,spices,fruits,recognize,0.6811627842806977,0.27061888454587657,0.30912704487803255,0.6908729551219674,False,False,outer-2-herbs,closed_set,herbs,False
testing/allspice/allspice_6.csv#256:384,testing/allspice/allspice_6.csv,spices,spices,recognize,0.8310161777054097,0.043881781284627795,0.19096195996599996,0.809038040034,True,False,outer-2-herbs,closed_set,herbs,False
testing/allspice/allspice_6.csv#384:512,testing/allspice/allspice_6.csv,spices,spices,recognize,0.7822804911089891,0.23348792527956552,0.4273792798624162,0.5726207201375838,True,False,outer-2-herbs,closed_set,herbs,False
testing/apple/apple_6.csv#0:128,testing/apple/apple_6.csv,fruits,vegetables,recognize,0.616530999455331,0.38985820598090415,0.352990725949299,0.647009274050701,False,False,outer-2-herbs,closed_set,herbs,False
testing/apple/apple_6.csv#128:256,testing/apple/apple_6.csv,fruits,vegetables,recognize,0.5427262949904763,0.5142484182530181,0.38037276233250594,0.6196272376674941,False,False,outer-2-herbs,closed_set,herbs,False
testing/apple/apple_6.csv#256:384,testing/apple/apple_6.csv,fruits,vegetables,recognize,0.5192509813999387,0.4787283636232327,0.358976268706116,0.641023731293884,False,False,outer-2-herbs,closed_set,herbs,False
testing/apple/apple_6.csv#384:512,testing/apple/apple_6.csv,fruits,fruits,recognize,0.6923448309227213,0.4317731410864642,0.5467503108023628,0.4532496891976372,True,False,outer-2-herbs,closed_set,herbs,False
testing/asparagus/asparagus_6.csv#0:128,testing/asparagus/asparagus_6.csv,vegetables,vegetables,recognize,0.9255819772147819,0.20613973812420391,0.43680570783305706,0.563194292166943,True,False,outer-2-herbs,closed_set,herbs,False
testing/asparagus/asparagus_6.csv#128:256,testing/asparagus/asparagus_6.csv,vegetables,fruits,recognize,0.5852265901552828,0.5214205335616895,0.3977302163616234,0.6022697836383766,False,False,outer-2-herbs,closed_set,herbs,False
testing/asparagus/asparagus_6.csv#256:384,testing/asparagus/asparagus_6.csv,vegetables,vegetables,recognize,0.9259149541306183,0.05580166761576825,0.22730507805780772,0.7726949219421922,True,False,outer-2-herbs,closed_set,herbs,False
testing/asparagus/asparagus_6.csv#384:512,testing/asparagus/asparagus_6.csv,vegetables,spices,recognize,0.353051645845073,0.09425480858365425,0.1313419241946086,0.8686580758053914,False,False,outer-2-herbs,closed_set,herbs,False
testing/avocado/avocado_6.csv#0:128,testing/avocado/avocado_6.csv,vegetables,vegetables,recognize,0.9163414627460018,0.24480560418749367,0.4736301567991492,0.5263698432008508,True,False,outer-2-herbs,closed_set,herbs,False
testing/avocado/avocado_6.csv#128:256,testing/avocado/avocado_6.csv,vegetables,vegetables,recognize,0.8921773756901431,0.28229808431715325,0.5018565173716811,0.49814348262831887,True,False,outer-2-herbs,closed_set,herbs,False
testing/avocado/avocado_6.csv#256:384,testing/avocado/avocado_6.csv,vegetables,vegetables,recognize,0.8466273058073083,0.3589555388812601,0.5512726737175095,0.44872732628249046,True,False,outer-2-herbs,closed_set,herbs,False
testing/avocado/avocado_6.csv#384:512,testing/avocado/avocado_6.csv,vegetables,vegetables,recognize,0.9231778115837418,0.3706354751709946,0.5849465333375855,0.4150534666624145,True,False,outer-2-herbs,closed_set,herbs,False
testing/banana/banana_6.csv#0:128,testing/banana/banana_6.csv,fruits,fruits,recognize,0.7678802936964763,0.10168826863221078,0.2794358917225706,0.7205641082774294,True,False,outer-2-herbs,closed_set,herbs,False
testing/banana/banana_6.csv#128:256,testing/banana/banana_6.csv,fruits,fruits,recognize,0.8768247726923217,0.1133154531591753,0.2269517166364973,0.7730482833635027,False,False,outer-2-herbs,closed_set,herbs,False
testing/banana/banana_6.csv#256:384,testing/banana/banana_6.csv,fruits,fruits,recognize,0.5241083154291789,0.045176405235687764,0.11078956488804897,0.889210435111951,False,False,outer-2-herbs,closed_set,herbs,False
testing/banana/banana_6.csv#384:512,testing/banana/banana_6.csv,fruits,fruits,recognize,0.9750612605675104,0.5148497168641063,0.7085266501186397,0.2914733498813603,True,False,outer-2-herbs,closed_set,herbs,False
testing/broccoli/broccoli_6.csv#0:128,testing/broccoli/broccoli_6.csv,vegetables,vegetables,recognize,0.7348706758445644,0.18733659017629176,0.3710366109068857,0.6289633890931143,True,False,outer-2-herbs,closed_set,herbs,False
testing/broccoli/broccoli_6.csv#128:256,testing/broccoli/broccoli_6.csv,vegetables,vegetables,recognize,0.7151997822680453,0.320136700931897,0.4784994240357067,0.5215005759642932,True,False,outer-2-herbs,closed_set,herbs,False
testing/broccoli/broccoli_6.csv#256:384,testing/broccoli/broccoli_6.csv,vegetables,vegetables,recognize,0.8151316239567136,0.2633710472582756,0.46333796461634624,0.5366620353836538,True,False,outer-2-herbs,closed_set,herbs,False
testing/broccoli/broccoli_6.csv#384:512,testing/broccoli/broccoli_6.csv,vegetables,vegetables,recognize,0.9257342708416785,0.13879105705378572,0.35844614379433926,0.6415538562056607,True,False,outer-2-herbs,closed_set,herbs,False
testing/brussel_sprouts/brussel_sprouts_6.csv#0:128,testing/brussel_sprouts/brussel_sprouts_6.csv,vegetables,vegetables,recognize,0.747113227410555,0.1373121085090147,0.32029313534747866,0.6797068646525213,True,False,outer-2-herbs,closed_set,herbs,False
testing/brussel_sprouts/brussel_sprouts_6.csv#128:256,testing/brussel_sprouts/brussel_sprouts_6.csv,vegetables,vegetables,recognize,0.7416348655884438,0.4737817471485699,0.5927672919154596,0.4072327080845404,True,False,outer-2-herbs,closed_set,herbs,False
testing/brussel_sprouts/brussel_sprouts_6.csv#256:384,testing/brussel_sprouts/brussel_sprouts_6.csv,vegetables,spices,recognize,0.49935147352675746,0.4020258315929869,0.3225987229092541,0.6774012770907458,False,False,outer-2-herbs,closed_set,herbs,False
testing/brussel_sprouts/brussel_sprouts_6.csv#384:512,testing/brussel_sprouts/brussel_sprouts_6.csv,vegetables,vegetables,recognize,0.4363214441552412,0.412373902769641,0.3054086701570498,0.6945913298429502,False,False,outer-2-herbs,closed_set,herbs,False
testing/cabbage/cabbage_6.csv#0:128,testing/cabbage/cabbage_6.csv,vegetables,vegetables,recognize,0.9078446256400724,0.36781306832237287,0.5778556197846059,0.42214438021539413,True,False,outer-2-herbs,closed_set,herbs,False
testing/cabbage/cabbage_6.csv#128:256,testing/cabbage/cabbage_6.csv,vegetables,vegetables,recognize,0.7939489170373667,0.6253628848611078,0.7046319501632324,0.29536804983676757,True,False,outer-2-herbs,closed_set,herbs,False
testing/cabbage/cabbage_6.csv#256:384,testing/cabbage/cabbage_6.csv,vegetables,vegetables,recognize,0.8552243023973146,0.6722684369863039,0.7582481816960359,0.24175181830396408,True,False,outer-2-herbs,closed_set,herbs,False
testing/cabbage/cabbage_6.csv#384:512,testing/cabbage/cabbage_6.csv,vegetables,vegetables,recognize,0.9284508668696188,0.5426374598579007,0.709797309096756,0.290202690903244,True,False,outer-2-herbs,closed_set,herbs,False
testing/cabbage/cabbage_6.csv#512:640,testing/cabbage/cabbage_6.csv,vegetables,vegetables,recognize,0.9553479327628239,0.31915248042249833,0.5521790130091522,0.4478209869908478,True,False,outer-2-herbs,closed_set,herbs,False
testing/cauliflower/cauliflower_6.csv#0:128,testing/cauliflower/cauliflower_6.csv,vegetables,vegetables,recognize,0.6371300998422502,0.6552215772275761,0.6461125203227394,0.35388747967726064,True,False,outer-2-herbs,closed_set,herbs,False
testing/cauliflower/cauliflower_6.csv#128:256,testing/cauliflower/cauliflower_6.csv,vegetables,vegetables,recognize,0.8070786839455596,0.7530359580578008,0.7795891674420402,0.2204108325579598,True,False,outer-2-herbs,closed_set,herbs,False
testing/cauliflower/cauliflower_6.csv#256:384,testing/cauliflower/cauliflower_6.csv,vegetables,vegetables,recognize,0.7688961102757975,0.6230610211988395,0.6921482468837539,0.30785175311624613,True,False,outer-2-herbs,closed_set,herbs,False
testing/cauliflower/cauliflower_6.csv#384:512,testing/cauliflower/cauliflower_6.csv,vegetables,vegetables,recognize,0.7121267406101707,0.35358988902466576,0.5017975838760557,0.49820241612394434,True,False,outer-2-herbs,closed_set,herbs,False
testing/chervil/chervil_6.csv#0:128,testing/chervil/chervil_6.csv,spices,spices,recognize,0.927732369022772,0.14284790427868022,0.36403931744579204,0.6359606825542079,True,False,outer-2-herbs,closed_set,herbs,False
testing/chervil/chervil_6.csv#128:256,testing/chervil/chervil_6.csv,spices,spices,recognize,0.6756265177804558,0.046432384711737315,0.12752529429405524,0.8724747057059448,False,False,outer-2-herbs,closed_set,herbs,False
testing/chervil/chervil_6.csv#256:384,testing/chervil/chervil_6.csv,spices,spices,recognize,0.7099673964566211,0.21244937238037329,0.3883711212071989,0.611628878792801,True,False,outer-2-herbs,closed_set,herbs,False
testing/chervil/chervil_6.csv#384:512,testing/chervil/chervil_6.csv,spices,spices,recognize,0.5751731942229408,0.007101659910996142,0.04601630581530544,0.9539836941846945,False,False,outer-2-herbs,closed_set,herbs,False
testing/cinnamon/cinnamon_6.csv#0:128,testing/cinnamon/cinnamon_6.csv,spices,spices,recognize,0.6923610715578926,0.17961494002340547,0.3526448529929391,0.6473551470070609,True,False,outer-2-herbs,closed_set,herbs,False
testing/cinnamon/cinnamon_6.csv#128:256,testing/cinnamon/cinnamon_6.csv,spices,spices,recognize,0.9923864599627548,0.012041417944977454,0.10931486690907219,0.8906851330909278,True,False,outer-2-herbs,closed_set,herbs,False
testing/cinnamon/cinnamon_6.csv#256:384,testing/cinnamon/cinnamon_6.csv,spices,spices,recognize,0.9259047338998876,0.2550079679245216,0.48591468868877097,0.514085311311229,True,False,outer-2-herbs,closed_set,herbs,False
testing/cinnamon/cinnamon_6.csv#384:512,testing/cinnamon/cinnamon_6.csv,spices,spices,recognize,0.8834263356664941,0.2138615871196245,0.43466188957500124,0.5653381104249988,True,False,outer-2-herbs,closed_set,herbs,False
testing/cloves/cloves_6.csv#0:128,testing/cloves/cloves_6.csv,spices,spices,recognize,0.8281715264200509,0.09679106360959898,0.283124712615098,0.716875287384902,True,False,outer-2-herbs,closed_set,herbs,False
testing/cloves/cloves_6.csv#128:256,testing/cloves/cloves_6.csv,spices,spices,recognize,0.987451347223963,0.23200777406226109,0.4786401456879819,0.5213598543120181,True,False,outer-2-herbs,closed_set,herbs,False
testing/cloves/cloves_6.csv#256:384,testing/cloves/cloves_6.csv,spices,spices,recognize,0.9892776164355057,0.15429852994051316,0.3906969182359305,0.6093030817640694,True,False,outer-2-herbs,closed_set,herbs,False
testing/cloves/cloves_6.csv#384:512,testing/cloves/cloves_6.csv,spices,spices,recognize,0.9835411289600826,0.21558462710713738,0.4604740465339956,0.5395259534660044,True,False,outer-2-herbs,closed_set,herbs,False
testing/cumin/cumin_6.csv#0:128,testing/cumin/cumin_6.csv,spices,spices,recognize,0.999999673534381,0.0006923353992586112,0.026312262791993137,0.9736877372080068,True,False,outer-2-herbs,closed_set,herbs,False
testing/cumin/cumin_6.csv#128:256,testing/cumin/cumin_6.csv,spices,spices,recognize,0.9719360230422562,0.06379101412108905,0.24899956741063567,0.7510004325893643,True,False,outer-2-herbs,closed_set,herbs,False
testing/cumin/cumin_6.csv#256:384,testing/cumin/cumin_6.csv,spices,spices,recognize,0.9921799350270629,0.11623321413551921,0.33959426209664695,0.660405737903353,True,False,outer-2-herbs,closed_set,herbs,False
testing/cumin/cumin_6.csv#384:512,testing/cumin/cumin_6.csv,spices,spices,recognize,0.9819528853924775,0.09920266247380843,0.31210950106456586,0.6878904989354342,True,False,outer-2-herbs,closed_set,herbs,False
testing/ginger/ginger_6.csv#0:128,testing/ginger/ginger_6.csv,spices,spices,recognize,0.9718312103886664,0.304108822079483,0.5436381559929137,0.45636184400708635,True,False,outer-2-herbs,closed_set,herbs,False
testing/ginger/ginger_6.csv#128:256,testing/ginger/ginger_6.csv,spices,spices,recognize,0.9726974045035351,0.41269564239104245,0.6335834437575576,0.3664165562424424,True,False,outer-2-herbs,closed_set,herbs,False
testing/ginger/ginger_6.csv#256:384,testing/ginger/ginger_6.csv,spices,spices,recognize,0.9820478363936997,0.353806191999787,0.5894528016356226,0.41054719836437736,True,False,outer-2-herbs,closed_set,herbs,False
testing/ginger/ginger_6.csv#384:512,testing/ginger/ginger_6.csv,spices,spices,recognize,0.9905545615129596,0.33283104000251235,0.5741840339887473,0.4258159660112527,True,False,outer-2-herbs,closed_set,herbs,False
testing/kiwi/kiwi_6.csv#0:128,testing/kiwi/kiwi_6.csv,fruits,vegetables,recognize,0.5598539193311287,0.5391608210183211,0.39557516769422096,0.604424832305779,False,False,outer-2-herbs,closed_set,herbs,False
testing/kiwi/kiwi_6.csv#128:256,testing/kiwi/kiwi_6.csv,fruits,vegetables,recognize,0.7179878725408847,0.5639766188366313,0.4581646739096428,0.5418353260903572,False,False,outer-2-herbs,closed_set,herbs,False
testing/kiwi/kiwi_6.csv#256:384,testing/kiwi/kiwi_6.csv,fruits,vegetables,recognize,0.5591303137195905,0.7434320446822853,0.46420482914964767,0.5357951708503523,False,False,outer-2-herbs,closed_set,herbs,False
testing/kiwi/kiwi_6.csv#384:512,testing/kiwi/kiwi_6.csv,fruits,fruits,recognize,0.5169315429607805,0.5707466945735764,0.5431730566455631,0.45682694335443685,True,False,outer-2-herbs,closed_set,herbs,False
testing/lemon/lemon_6.csv#0:128,testing/lemon/lemon_6.csv,fruits,fruits,recognize,0.9991161787447626,0.005842440524636664,0.0764020736074521,0.9235979263925479,True,False,outer-2-herbs,closed_set,herbs,False
testing/lemon/lemon_6.csv#128:256,testing/lemon/lemon_6.csv,fruits,fruits,recognize,0.5288362306554416,0.06784156683560169,0.18941245599774797,0.8105875440022521,True,False,outer-2-herbs,closed_set,herbs,False
testing/lemon/lemon_6.csv#256:384,testing/lemon/lemon_6.csv,fruits,fruits,recognize,0.6799589923752856,0.08013437707268949,0.23342684140639683,0.7665731585936032,True,False,outer-2-herbs,closed_set,herbs,False
testing/lemon/lemon_6.csv#384:512,testing/lemon/lemon_6.csv,fruits,spices,recognize,0.6448298589924344,0.10841266311551696,0.1903684932562381,0.8096315067437618,False,False,outer-2-herbs,closed_set,herbs,False
testing/mandarin_orange/mandarin_orange_6.csv#0:128,testing/mandarin_orange/mandarin_orange_6.csv,fruits,fruits,recognize,0.9219378904738795,0.1346548479707304,0.35233990191321807,0.6476600980867819,True,False,outer-2-herbs,closed_set,herbs,False
testing/mandarin_orange/mandarin_orange_6.csv#128:256,testing/mandarin_orange/mandarin_orange_6.csv,fruits,fruits,recognize,0.8721033355617964,0.3380923584608997,0.39096163991371324,0.6090383600862868,False,False,outer-2-herbs,closed_set,herbs,False
testing/mandarin_orange/mandarin_orange_6.csv#256:384,testing/mandarin_orange/mandarin_orange_6.csv,fruits,fruits,recognize,0.6292746455123512,0.36993475921143787,0.3473882966061206,0.6526117033938794,False,False,outer-2-herbs,closed_set,herbs,False
testing/mandarin_orange/mandarin_orange_6.csv#384:512,testing/mandarin_orange/mandarin_orange_6.csv,fruits,vegetables,recognize,0.5668431050304042,0.3438138847627454,0.44146181034318266,0.5585381896568173,True,False,outer-2-herbs,closed_set,herbs,False
testing/mango/mango_6.csv#0:128,testing/mango/mango_6.csv,fruits,fruits,recognize,0.7198002444250207,0.3797997081529167,0.5228574593146978,0.47714254068530215,True,False,outer-2-herbs,closed_set,herbs,False
testing/mango/mango_6.csv#128:256,testing/mango/mango_6.csv,fruits,fruits,recognize,0.8395166377884846,0.4143429422653246,0.5897862271891177,0.41021377281088234,True,False,outer-2-herbs,closed_set,herbs,False
testing/mango/mango_6.csv#256:384,testing/mango/mango_6.csv,fruits,fruits,recognize,0.6520643956346587,0.4997578505717913,0.5708540100557857,0.42914598994421427,True,False,outer-2-herbs,closed_set,herbs,False
testing/mango/mango_6.csv#384:512,testing/mango/mango_6.csv,fruits,fruits,recognize,0.6956519115053501,0.42404867810500346,0.5431300705126375,0.4568699294873625,True,False,outer-2-herbs,closed_set,herbs,False
testing/mustard/mustard_6.csv#0:128,testing/mustard/mustard_6.csv,spices,vegetables,recognize,0.7022348173453917,0.4047510637183705,0.5331325250822941,0.46686747491770586,True,False,outer-2-herbs,closed_set,herbs,False
testing/mustard/mustard_6.csv#128:256,testing/mustard/mustard_6.csv,spices,vegetables,recognize,0.6030335655371386,0.4806583875032052,0.3876336781152642,0.6123663218847357,False,False,outer-2-herbs,closed_set,herbs,False
testing/mustard/mustard_6.csv#256:384,testing/mustard/mustard_6.csv,spices,vegetables,recognize,0.4431334928599355,0.7368050595482654,0.4114111750910353,0.5885888249089647,False,False,outer-2-herbs,closed_set,herbs,False
testing/mustard/mustard_6.csv#384:512,testing/mustard/mustard_6.csv,spices,fruits,recognize,0.3848904916973549,0.572271882741741,0.3379109706461863,0.6620890293538138,False,False,outer-2-herbs,closed_set,herbs,False
testing/nutmeg/nutmeg_6.csv#0:128,testing/nutmeg/nutmeg_6.csv,spices,spices,recognize,0.9945749857724717,0.013846729773870699,0.11735250771859419,0.8826474922814058,True,False,outer-2-herbs,closed_set,herbs,False
testing/nutmeg/nutmeg_6.csv#128:256,testing/nutmeg/nutmeg_6.csv,spices,spices,recognize,0.9999633267513924,0.05880803297760679,0.24249922947505065,0.7575007705249494,True,False,outer-2-herbs,closed_set,herbs,False
testing/nutmeg/nutmeg_6.csv#256:384,testing/nutmeg/nutmeg_6.csv,spices,spices,recognize,0.999869904079749,0.041840371561013515,0.20453588511401036,0.7954641148859897,True,False,outer-2-herbs,closed_set,herbs,False
testing/nutmeg/nutmeg_6.csv#384:512,testing/nutmeg/nutmeg_6.csv,spices,spices,recognize,0.9999892771852152,0.1571153388320928,0.3963756477300474,0.6036243522699526,True,False,outer-2-herbs,closed_set,herbs,False
testing/peach/peach_6.csv#0:128,testing/peach/peach_6.csv,fruits,fruits,recognize,0.9570048506991795,0.0021744490086075836,0.0456175212921031,0.9543824787078969,True,False,outer-2-herbs,closed_set,herbs,False
testing/peach/peach_6.csv#128:256,testing/peach/peach_6.csv,fruits,fruits,recognize,0.994628923084268,0.0024061700875836096,0.04892081727619505,0.951079182723805,True,False,outer-2-herbs,closed_set,herbs,False
testing/peach/peach_6.csv#256:384,testing/peach/peach_6.csv,fruits,fruits,recognize,0.9999978391268305,0.0011143371151693172,0.03338165225431694,0.9666183477456831,True,False,outer-2-herbs,closed_set,herbs,False
testing/peach/peach_6.csv#384:512,testing/peach/peach_6.csv,fruits,vegetables,recognize,0.9400046464418723,0.00040658696246591904,0.014075836735842652,0.9859241632641573,False,False,outer-2-herbs,closed_set,herbs,False
testing/pear/pear_6.csv#0:128,testing/pear/pear_6.csv,fruits,vegetables,recognize,0.553638795481329,0.30264409030554534,0.40933544876580713,0.5906645512341928,True,False,outer-2-herbs,closed_set,herbs,False
testing/pear/pear_6.csv#128:256,testing/pear/pear_6.csv,fruits,vegetables,recognize,0.661452741150841,0.5236436482683435,0.4237403555892151,0.5762596444107849,False,False,outer-2-herbs,closed_set,herbs,False
testing/pear/pear_6.csv#256:384,testing/pear/pear_6.csv,fruits,fruits,recognize,0.560584275435117,0.5112198637614832,0.5353333698871856,0.4646666301128144,True,False,outer-2-herbs,closed_set,herbs,False
testing/pear/pear_6.csv#384:512,testing/pear/pear_6.csv,fruits,vegetables,recognize,0.6267701753345384,0.3884769111110778,0.3552787757414738,0.6447212242585262,False,False,outer-2-herbs,closed_set,herbs,False
testing/pineapple/pineapple_6.csv#0:128,testing/pineapple/pineapple_6.csv,fruits,fruits,recognize,0.7600352340475985,0.07245014553357886,0.23465861014971554,0.7653413898502844,True,False,outer-2-herbs,closed_set,herbs,False
testing/pineapple/pineapple_6.csv#128:256,testing/pineapple/pineapple_6.csv,fruits,fruits,recognize,0.8230973677636334,0.07104521565503524,0.24182044991658416,0.7581795500834159,True,False,outer-2-herbs,closed_set,herbs,False
testing/pineapple/pineapple_6.csv#256:384,testing/pineapple/pineapple_6.csv,fruits,fruits,recognize,0.6388002837354909,0.08385658166788289,0.2314467717695193,0.7685532282304807,True,False,outer-2-herbs,closed_set,herbs,False
testing/pineapple/pineapple_6.csv#384:512,testing/pineapple/pineapple_6.csv,fruits,vegetables,recognize,0.5236818026216518,0.06276510597422812,0.13053451836884578,0.8694654816311542,False,False,outer-2-herbs,closed_set,herbs,False
testing/potato/potato_6.csv#0:128,testing/potato/potato_6.csv,vegetables,vegetables,recognize,0.657319398166239,0.15520188809965157,0.3194013332469465,0.6805986667530535,True,False,outer-2-herbs,closed_set,herbs,False
testing/potato/potato_6.csv#128:256,testing/potato/potato_6.csv,vegetables,vegetables,recognize,0.8241137550140792,0.28443241927306695,0.4841535594156736,0.5158464405843264,True,False,outer-2-herbs,closed_set,herbs,False
testing/potato/potato_6.csv#256:384,testing/potato/potato_6.csv,vegetables,vegetables,recognize,0.7896842060047787,0.18735852562089517,0.3846479800326041,0.6153520199673959,True,False,outer-2-herbs,closed_set,herbs,False
testing/potato/potato_6.csv#384:512,testing/potato/potato_6.csv,vegetables,vegetables,recognize,0.9117538961649172,0.22739995215451064,0.45533810774477335,0.5446618922552267,True,False,outer-2-herbs,closed_set,herbs,False
testing/radish/radish_6.csv#0:128,testing/radish/radish_6.csv,vegetables,fruits,recognize,0.8263466010432645,0.5134614082067511,0.46899425493809366,0.5310057450619063,False,False,outer-2-herbs,closed_set,herbs,False
testing/radish/radish_6.csv#128:256,testing/radish/radish_6.csv,vegetables,fruits,recognize,0.8019300389404566,0.640101232692229,0.5158519410724332,0.48414805892756685,False,False,outer-2-herbs,closed_set,herbs,False
testing/radish/radish_6.csv#256:384,testing/radish/radish_6.csv,vegetables,fruits,recognize,0.6171893032662396,0.6614510158548285,0.4600346409303384,0.5399653590696616,False,False,outer-2-herbs,closed_set,herbs,False
testing/radish/radish_6.csv#384:512,testing/radish/radish_6.csv,vegetables,fruits,recognize,0.8206669487225484,0.580175208978262,0.49681597460055477,0.5031840253994453,False,False,outer-2-herbs,closed_set,herbs,False
testing/radish/radish_6.csv#512:640,testing/radish/radish_6.csv,vegetables,fruits,recognize,0.8594451696446681,0.5160574496034926,0.4795022063297918,0.5204977936702082,False,False,outer-2-herbs,closed_set,herbs,False
testing/saffron/saffron_6.csv#0:128,testing/saffron/saffron_6.csv,spices,spices,recognize,0.6344713602744337,0.6212137910454522,0.6278075812108722,0.3721924187891278,True,False,outer-2-herbs,closed_set,herbs,False
testing/saffron/saffron_6.csv#128:256,testing/saffron/saffron_6.csv,spices,spices,recognize,0.8643395531706172,0.6690721153258752,0.7604639986216879,0.2395360013783121,True,False,outer-2-herbs,closed_set,herbs,False
testing/saffron/saffron_6.csv#256:384,testing/saffron/saffron_6.csv,spices,spices,recognize,0.7358850760339835,0.690539390130335,0.7128517599126218,0.28714824008737816,True,False,outer-2-herbs,closed_set,herbs,False
testing/saffron/saffron_6.csv#384:512,testing/saffron/saffron_6.csv,spices,spices,recognize,0.986960979437367,0.47364186454319546,0.6837148810228522,0.31628511897714784,True,False,outer-2-herbs,closed_set,herbs,False
testing/star_anise/star_anise_6.csv#0:128,testing/star_anise/star_anise_6.csv,spices,spices,recognize,0.9233195198010496,0.48480524454149976,0.6690516763203632,0.3309483236796368,True,False,outer-2-herbs,closed_set,herbs,False
testing/star_anise/star_anise_6.csv#128:256,testing/star_anise/star_anise_6.csv,spices,spices,recognize,0.9506540887288422,0.4907235141987441,0.6830141398305178,0.31698586016948216,True,False,outer-2-herbs,closed_set,herbs,False
testing/star_anise/star_anise_6.csv#256:384,testing/star_anise/star_anise_6.csv,spices,spices,recognize,0.9655809200533187,0.45358327648423435,0.6617940445700957,0.3382059554299043,True,False,outer-2-herbs,closed_set,herbs,False
testing/star_anise/star_anise_6.csv#384:512,testing/star_anise/star_anise_6.csv,spices,spices,recognize,0.9346303206607393,0.41097096761407453,0.6197627991767469,0.3802372008232531,True,False,outer-2-herbs,closed_set,herbs,False
testing/strawberry/strawberry_6.csv#0:128,testing/strawberry/strawberry_6.csv,fruits,spices,recognize,0.6138615962241148,0.551301807513389,0.41885377773136323,0.5811462222686368,False,False,outer-2-herbs,closed_set,herbs,False
testing/strawberry/strawberry_6.csv#128:256,testing/strawberry/strawberry_6.csv,fruits,fruits,recognize,0.5345749871168268,0.5281173931378588,0.5313363799259778,0.4686636200740222,True,False,outer-2-herbs,closed_set,herbs,False
testing/strawberry/strawberry_6.csv#256:384,testing/strawberry/strawberry_6.csv,fruits,spices,recognize,0.48580070000309056,0.6246126650267264,0.3966130112799681,0.6033869887200318,False,False,outer-2-herbs,closed_set,herbs,False
testing/strawberry/strawberry_6.csv#384:512,testing/strawberry/strawberry_6.csv,fruits,spices,recognize,0.6172834503501334,0.5489415233191787,0.4191194878557557,0.5808805121442443,False,False,outer-2-herbs,closed_set,herbs,False
testing/strawberry/strawberry_6.csv#512:640,testing/strawberry/strawberry_6.csv,fruits,fruits,recognize,0.5047065994543215,0.7013003138562128,0.5949377249785204,0.4050622750214796,True,False,outer-2-herbs,closed_set,herbs,False
testing/sweet_potato/sweet_potato_6.csv#0:128,testing/sweet_potato/sweet_potato_6.csv,vegetables,vegetables,recognize,0.9999156889437596,1.9489407031647634e-05,0.003178436216850372,0.9968215637831497,False,False,outer-2-herbs,closed_set,herbs,False
testing/sweet_potato/sweet_potato_6.csv#128:256,testing/sweet_potato/sweet_potato_6.csv,vegetables,vegetables,recognize,0.999510307985926,1.9986556565203102e-05,0.00446953793003978,0.9955304620699602,True,False,outer-2-herbs,closed_set,herbs,False
testing/sweet_potato/sweet_potato_6.csv#256:384,testing/sweet_potato/sweet_potato_6.csv,vegetables,vegetables,recognize,0.6438259160268172,0.011960131023301356,0.08775102456312261,0.9122489754368774,True,False,outer-2-herbs,closed_set,herbs,False
testing/sweet_potato/sweet_potato_6.csv#384:512,testing/sweet_potato/sweet_potato_6.csv,vegetables,vegetables,recognize,0.9335491103872728,0.03982449851068897,0.1928162989901864,0.8071837010098136,True,False,outer-2-herbs,closed_set,herbs,False
testing/tomato/tomato_6.csv#0:128,testing/tomato/tomato_6.csv,vegetables,vegetables,recognize,0.9445938350989869,0.4420819859054822,0.6462104289584281,0.35378957104157194,True,False,outer-2-herbs,closed_set,herbs,False
testing/tomato/tomato_6.csv#128:256,testing/tomato/tomato_6.csv,vegetables,vegetables,recognize,0.9228433694767229,0.375469636193913,0.5886422208790242,0.4113577791209758,True,False,outer-2-herbs,closed_set,herbs,False
testing/tomato/tomato_6.csv#256:384,testing/tomato/tomato_6.csv,vegetables,vegetables,recognize,0.9589878710344564,0.5227761087028733,0.708050808567186,0.29194919143281395,True,False,outer-2-herbs,closed_set,herbs,False
testing/tomato/tomato_6.csv#384:512,testing/tomato/tomato_6.csv,vegetables,vegetables,recognize,0.9586231789244429,0.5180150898427617,0.704685229131347,0.295314770868653,True,False,outer-2-herbs,closed_set,herbs,False
testing/angelica/angelica_6.csv#0:128,testing/angelica/angelica_6.csv,herbs,spices,recognize,0.8305363178141731,0.11441756401457989,0.30826602522810814,0.6917339747718918,True,False,outer-2-herbs,closed_set,herbs,True
testing/angelica/angelica_6.csv#128:256,testing/angelica/angelica_6.csv,herbs,fruits,recognize,0.6126591304881964,0.11213350434015805,0.18871640245284008,0.81128359754716,False,False,outer-2-herbs,closed_set,herbs,True
testing/angelica/angelica_6.csv#256:384,testing/angelica/angelica_6.csv,herbs,spices,recognize,0.7377723402474226,0.12358814526168467,0.30196012179847775,0.6980398782015222,True,False,outer-2-herbs,closed_set,herbs,True
testing/angelica/angelica_6.csv#384:512,testing/angelica/angelica_6.csv,herbs,spices,recognize,0.8290744829625972,0.11913431372285394,0.3142788881755804,0.6857211118244195,True,False,outer-2-herbs,closed_set,herbs,True
testing/angelica/angelica_6.csv#512:640,testing/angelica/angelica_6.csv,herbs,spices,recognize,0.7745468210735753,0.09334950367980384,0.2688932154666385,0.7311067845333614,True,False,outer-2-herbs,closed_set,herbs,True
testing/chamomile/chamomile_6.csv#0:128,testing/chamomile/chamomile_6.csv,herbs,fruits,recognize,0.6704683724709585,0.596447050677028,0.6323755872363592,0.3676244127636408,True,False,outer-2-herbs,closed_set,herbs,True
testing/chamomile/chamomile_6.csv#128:256,testing/chamomile/chamomile_6.csv,herbs,vegetables,recognize,0.4327645647019975,0.4373734185735822,0.31324527984516043,0.6867547201548396,False,False,outer-2-herbs,closed_set,herbs,True
testing/chamomile/chamomile_6.csv#256:384,testing/chamomile/chamomile_6.csv,herbs,fruits,recognize,0.4687519095054683,0.5771135326665755,0.520118323498513,0.47988167650148705,True,False,outer-2-herbs,closed_set,herbs,True
testing/chamomile/chamomile_6.csv#384:512,testing/chamomile/chamomile_6.csv,herbs,spices,recognize,0.43255823812434113,0.46705643934764113,0.3236230691526558,0.6763769308473442,False,False,outer-2-herbs,closed_set,herbs,True
testing/chives/chives_6.csv#0:128,testing/chives/chives_6.csv,herbs,vegetables,recognize,0.8760260170972524,0.1451099356049684,0.3565390286199524,0.6434609713800477,True,False,outer-2-herbs,closed_set,herbs,True
testing/chives/chives_6.csv#128:256,testing/chives/chives_6.csv,herbs,vegetables,recognize,0.8442547167733941,0.3051284511523987,0.5075491445241267,0.4924508554758733,True,False,outer-2-herbs,closed_set,herbs,True
testing/chives/chives_6.csv#256:384,testing/chives/chives_6.csv,herbs,vegetables,recognize,0.89923486507978,0.1437200273232466,0.35949695322670255,0.6405030467732975,True,False,outer-2-herbs,closed_set,herbs,True
testing/chives/chives_6.csv#384:512,testing/chives/chives_6.csv,herbs,vegetables,recognize,0.528068725589404,0.22644400776577736,0.34580051850486165,0.6541994814951384,True,False,outer-2-herbs,closed_set,herbs,True
testing/coriander/coriander_6.csv#0:128,testing/coriander/coriander_6.csv,herbs,fruits,recognize,0.6400938132401106,0.06759299363994466,0.1497632140858489,0.8502367859141511,False,False,outer-2-herbs,closed_set,herbs,True
testing/coriander/coriander_6.csv#128:256,testing/coriander/coriander_6.csv,herbs,spices,recognize,0.5805486898665049,0.14227072823902137,0.2873936062015253,0.7126063937984747,True,False,outer-2-herbs,closed_set,herbs,True
testing/coriander/coriander_6.csv#256:384,testing/coriander/coriander_6.csv,herbs,fruits,recognize,0.7392634262591924,0.10523423305197747,0.2008216943587013,0.7991783056412987,False,False,outer-2-herbs,closed_set,herbs,True
testing/coriander/coriander_6.csv#384:512,testing/coriander/coriander_6.csv,herbs,fruits,recognize,0.7387334328498308,0.11801176724033846,0.21258813923401185,0.7874118607659881,False,False,outer-2-herbs,closed_set,herbs,True
testing/dill/dill_6.csv#0:128,testing/dill/dill_6.csv,herbs,fruits,recognize,0.9506421124014626,0.0063204994065941345,0.05581060346522916,0.9441893965347709,False,False,outer-2-herbs,closed_set,herbs,True
testing/dill/dill_6.csv#128:256,testing/dill/dill_6.csv,herbs,fruits,recognize,0.9196490582749305,0.04297201099446968,0.14313188826874915,0.8568681117312509,False,False,outer-2-herbs,closed_set,herbs,True
testing/dill/dill_6.csv#256:384,testing/dill/dill_6.csv,herbs,fruits,recognize,0.8685147644120884,0.022846061935067746,0.10142073981324734,0.8985792601867526,False,False,outer-2-herbs,closed_set,herbs,True
testing/dill/dill_6.csv#384:512,testing/dill/dill_6.csv,herbs,fruits,recognize,0.7433381435192383,0.02375837300011934,0.09568283926204199,0.904317160737958,False,False,outer-2-herbs,closed_set,herbs,True
testing/garlic/garlic_6.csv#0:128,testing/garlic/garlic_6.csv,herbs,vegetables,recognize,0.6847937144617758,0.12573014070609756,0.29342666898891495,0.7065733310110851,True,False,outer-2-herbs,closed_set,herbs,True
testing/garlic/garlic_6.csv#128:256,testing/garlic/garlic_6.csv,herbs,fruits,recognize,0.564337313384111,0.3523681908627162,0.44593106883629996,0.5540689311637,True,False,outer-2-herbs,closed_set,herbs,True
testing/garlic/garlic_6.csv#256:384,testing/garlic/garlic_6.csv,herbs,fruits,recognize,0.7676431994288996,0.34703248777517665,0.5161367350048891,0.4838632649951109,True,False,outer-2-herbs,closed_set,herbs,True
testing/garlic/garlic_6.csv#384:512,testing/garlic/garlic_6.csv,herbs,fruits,recognize,0.7541595049871286,0.26153494224093116,0.4441160462956252,0.5558839537043748,True,False,outer-2-herbs,closed_set,herbs,True
testing/mint/mint_6.csv#0:128,testing/mint/mint_6.csv,herbs,vegetables,recognize,0.9686720422750275,0.043842647092028265,0.20608043695940262,0.7939195630405974,True,False,outer-2-herbs,closed_set,herbs,True
testing/mint/mint_6.csv#128:256,testing/mint/mint_6.csv,herbs,vegetables,recognize,0.778132459059037,0.21562175518908624,0.4096123613758615,0.5903876386241385,True,False,outer-2-herbs,closed_set,herbs,True
testing/mint/mint_6.csv#256:384,testing/mint/mint_6.csv,herbs,vegetables,recognize,0.9995917542358186,0.027696813115461866,0.1663896210970689,0.8336103789029311,True,False,outer-2-herbs,closed_set,herbs,True
testing/mint/mint_6.csv#384:512,testing/mint/mint_6.csv,herbs,vegetables,recognize,0.8479888866187015,0.25612622508730337,0.46603883147827213,0.5339611685217278,True,False,outer-2-herbs,closed_set,herbs,True
testing/mugwort/mugwort_6.csv#0:128,testing/mugwort/mugwort_6.csv,herbs,fruits,recognize,0.7504468663250456,0.3146812928044362,0.3498871022137051,0.6501128977862949,False,False,outer-2-herbs,closed_set,herbs,True
testing/mugwort/mugwort_6.csv#128:256,testing/mugwort/mugwort_6.csv,herbs,spices,recognize,0.558610906926925,0.3224075282367975,0.4243823296844788,0.5756176703155211,True,False,outer-2-herbs,closed_set,herbs,True
testing/mugwort/mugwort_6.csv#256:384,testing/mugwort/mugwort_6.csv,herbs,fruits,recognize,0.7497466622892839,0.28948984408074707,0.33543349951880247,0.6645665004811976,False,False,outer-2-herbs,closed_set,herbs,True
testing/mugwort/mugwort_6.csv#384:512,testing/mugwort/mugwort_6.csv,herbs,fruits,recognize,0.783607844217602,0.2847084891269945,0.3400807832220163,0.6599192167779837,False,False,outer-2-herbs,closed_set,herbs,True
testing/oregano/oregano_6.csv#0:128,testing/oregano/oregano_6.csv,herbs,spices,recognize,0.9200163397048978,0.008060508474220844,0.08611503644900217,0.9138849635509978,True,False,outer-2-herbs,closed_set,herbs,True
testing/oregano/oregano_6.csv#128:256,testing/oregano/oregano_6.csv,herbs,spices,recognize,0.9844225108953462,0.023503649600907783,0.1521102289635054,0.8478897710364945,True,False,outer-2-herbs,closed_set,herbs,True
testing/oregano/oregano_6.csv#256:384,testing/oregano/oregano_6.csv,herbs,spices,recognize,0.9690038598508033,0.02532331836835179,0.15664735313168757,0.8433526468683125,True,False,outer-2-herbs,closed_set,herbs,True
testing/oregano/oregano_6.csv#384:512,testing/oregano/oregano_6.csv,herbs,spices,recognize,0.9899534193930158,0.030690439488126452,0.1743046342296877,0.8256953657703123,True,False,outer-2-herbs,closed_set,herbs,True
testing/turnip/turnip_6.csv#0:128,testing/turnip/turnip_6.csv,herbs,fruits,recognize,0.587736745212014,0.11953037484263525,0.26505168074166674,0.7349483192583333,True,False,outer-2-herbs,closed_set,herbs,True
testing/turnip/turnip_6.csv#128:256,testing/turnip/turnip_6.csv,herbs,fruits,recognize,0.6879482269758256,0.20507436096380158,0.37560689959483934,0.6243931004051606,True,False,outer-2-herbs,closed_set,herbs,True
testing/turnip/turnip_6.csv#256:384,testing/turnip/turnip_6.csv,herbs,fruits,recognize,0.5745929200930663,0.20208289861974993,0.3407571023746874,0.6592428976253126,True,False,outer-2-herbs,closed_set,herbs,True
testing/turnip/turnip_6.csv#384:512,testing/turnip/turnip_6.csv,herbs,vegetables,recognize,0.7457195514506448,0.04989174259664001,0.192886619313672,0.807113380686328,True,False,outer-2-herbs,closed_set,herbs,True
testing/allspice/allspice_6.csv#0:128,testing/allspice/allspice_6.csv,spices,fruits,abstain_unknown,0.5325921114521541,0.2775698588512734,0.5325921114521541,0.4674078885478459,False,False,outer-2-herbs,confidence_threshold,herbs,False
testing/allspice/allspice_6.csv#128:256,testing/allspice/allspice_6.csv,spices,fruits,recognize,0.6811627842806977,0.27061888454587657,0.6811627842806977,0.31883721571930235,False,False,outer-2-herbs,confidence_threshold,herbs,False
testing/allspice/allspice_6.csv#256:384,testing/allspice/allspice_6.csv,spices,spices,recognize,0.8310161777054097,0.043881781284627795,0.8310161777054097,0.1689838222945903,True,False,outer-2-herbs,confidence_threshold,herbs,False
testing/allspice/allspice_6.csv#384:512,testing/allspice/allspice_6.csv,spices,spices,recognize,0.7822804911089891,0.23348792527956552,0.7822804911089891,0.21771950889101088,True,False,outer-2-herbs,confidence_threshold,herbs,False
testing/apple/apple_6.csv#0:128,testing/apple/apple_6.csv,fruits,vegetables,abstain_unknown,0.616530999455331,0.38985820598090415,0.616530999455331,0.38346900054466904,False,False,outer-2-herbs,confidence_threshold,herbs,False
testing/apple/apple_6.csv#128:256,testing/apple/apple_6.csv,fruits,vegetables,abstain_unknown,0.5427262949904763,0.5142484182530181,0.5427262949904763,0.4572737050095237,False,False,outer-2-herbs,confidence_threshold,herbs,False
testing/apple/apple_6.csv#256:384,testing/apple/apple_6.csv,fruits,vegetables,abstain_unknown,0.5192509813999387,0.4787283636232327,0.5192509813999387,0.48074901860006125,False,False,outer-2-herbs,confidence_threshold,herbs,False
testing/apple/apple_6.csv#384:512,testing/apple/apple_6.csv,fruits,fruits,recognize,0.6923448309227213,0.4317731410864642,0.6923448309227213,0.30765516907727875,True,False,outer-2-herbs,confidence_threshold,herbs,False
testing/asparagus/asparagus_6.csv#0:128,testing/asparagus/asparagus_6.csv,vegetables,vegetables,recognize,0.9255819772147819,0.20613973812420391,0.9255819772147819,0.07441802278521814,True,False,outer-2-herbs,confidence_threshold,herbs,False
testing/asparagus/asparagus_6.csv#128:256,testing/asparagus/asparagus_6.csv,vegetables,fruits,abstain_unknown,0.5852265901552828,0.5214205335616895,0.5852265901552828,0.4147734098447172,False,False,outer-2-herbs,confidence_threshold,herbs,False
testing/asparagus/asparagus_6.csv#256:384,testing/asparagus/asparagus_6.csv,vegetables,vegetables,recognize,0.9259149541306183,0.05580166761576825,0.9259149541306183,0.0740850458693817,True,False,outer-2-herbs,confidence_threshold,herbs,False
testing/asparagus/asparagus_6.csv#384:512,testing/asparagus/asparagus_6.csv,vegetables,spices,abstain_unknown,0.353051645845073,0.09425480858365425,0.353051645845073,0.646948354154927,False,False,outer-2-herbs,confidence_threshold,herbs,False
testing/avocado/avocado_6.csv#0:128,testing/avocado/avocado_6.csv,vegetables,vegetables,recognize,0.9163414627460018,0.24480560418749367,0.9163414627460018,0.08365853725399819,True,False,outer-2-herbs,confidence_threshold,herbs,False
testing/avocado/avocado_6.csv#128:256,testing/avocado/avocado_6.csv,vegetables,vegetables,recognize,0.8921773756901431,0.28229808431715325,0.8921773756901431,0.1078226243098569,True,False,outer-2-herbs,confidence_threshold,herbs,False
testing/avocado/avocado_6.csv#256:384,testing/avocado/avocado_6.csv,vegetables,vegetables,recognize,0.8466273058073083,0.3589555388812601,0.8466273058073083,0.15337269419269173,True,False,outer-2-herbs,confidence_threshold,herbs,False
testing/avocado/avocado_6.csv#384:512,testing/avocado/avocado_6.csv,vegetables,vegetables,recognize,0.9231778115837418,0.3706354751709946,0.9231778115837418,0.07682218841625821,True,False,outer-2-herbs,confidence_threshold,herbs,False
testing/banana/banana_6.csv#0:128,testing/banana/banana_6.csv,fruits,fruits,recognize,0.7678802936964763,0.10168826863221078,0.7678802936964763,0.23211970630352374,True,False,outer-2-herbs,confidence_threshold,herbs,False
testing/banana/banana_6.csv#128:256,testing/banana/banana_6.csv,fruits,fruits,recognize,0.8768247726923217,0.1133154531591753,0.8768247726923217,0.12317522730767827,False,False,outer-2-herbs,confidence_threshold,herbs,False
testing/banana/banana_6.csv#256:384,testing/banana/banana_6.csv,fruits,fruits,abstain_unknown,0.5241083154291789,0.045176405235687764,0.5241083154291789,0.4758916845708211,False,False,outer-2-herbs,confidence_threshold,herbs,False
testing/banana/banana_6.csv#384:512,testing/banana/banana_6.csv,fruits,fruits,recognize,0.9750612605675104,0.5148497168641063,0.9750612605675104,0.024938739432489587,True,False,outer-2-herbs,confidence_threshold,herbs,False
testing/broccoli/broccoli_6.csv#0:128,testing/broccoli/broccoli_6.csv,vegetables,vegetables,recognize,0.7348706758445644,0.18733659017629176,0.7348706758445644,0.26512932415543555,True,False,outer-2-herbs,confidence_threshold,herbs,False
testing/broccoli/broccoli_6.csv#128:256,testing/broccoli/broccoli_6.csv,vegetables,vegetables,recognize,0.7151997822680453,0.320136700931897,0.7151997822680453,0.28480021773195474,True,False,outer-2-herbs,confidence_threshold,herbs,False
testing/broccoli/broccoli_6.csv#256:384,testing/broccoli/broccoli_6.csv,vegetables,vegetables,recognize,0.8151316239567136,0.2633710472582756,0.8151316239567136,0.18486837604328643,True,False,outer-2-herbs,confidence_threshold,herbs,False
testing/broccoli/broccoli_6.csv#384:512,testing/broccoli/broccoli_6.csv,vegetables,vegetables,recognize,0.9257342708416785,0.13879105705378572,0.9257342708416785,0.07426572915832153,True,False,outer-2-herbs,confidence_threshold,herbs,False
testing/brussel_sprouts/brussel_sprouts_6.csv#0:128,testing/brussel_sprouts/brussel_sprouts_6.csv,vegetables,vegetables,recognize,0.747113227410555,0.1373121085090147,0.747113227410555,0.25288677258944503,True,False,outer-2-herbs,confidence_threshold,herbs,False
testing/brussel_sprouts/brussel_sprouts_6.csv#128:256,testing/brussel_sprouts/brussel_sprouts_6.csv,vegetables,vegetables,recognize,0.7416348655884438,0.4737817471485699,0.7416348655884438,0.2583651344115562,True,False,outer-2-herbs,confidence_threshold,herbs,False
testing/brussel_sprouts/brussel_sprouts_6.csv#256:384,testing/brussel_sprouts/brussel_sprouts_6.csv,vegetables,spices,abstain_unknown,0.49935147352675746,0.4020258315929869,0.49935147352675746,0.5006485264732425,False,False,outer-2-herbs,confidence_threshold,herbs,False
testing/brussel_sprouts/brussel_sprouts_6.csv#384:512,testing/brussel_sprouts/brussel_sprouts_6.csv,vegetables,vegetables,abstain_unknown,0.4363214441552412,0.412373902769641,0.4363214441552412,0.5636785558447588,False,False,outer-2-herbs,confidence_threshold,herbs,False
testing/cabbage/cabbage_6.csv#0:128,testing/cabbage/cabbage_6.csv,vegetables,vegetables,recognize,0.9078446256400724,0.36781306832237287,0.9078446256400724,0.0921553743599276,True,False,outer-2-herbs,confidence_threshold,herbs,False
testing/cabbage/cabbage_6.csv#128:256,testing/cabbage/cabbage_6.csv,vegetables,vegetables,recognize,0.7939489170373667,0.6253628848611078,0.7939489170373667,0.2060510829626333,True,False,outer-2-herbs,confidence_threshold,herbs,False
testing/cabbage/cabbage_6.csv#256:384,testing/cabbage/cabbage_6.csv,vegetables,vegetables,recognize,0.8552243023973146,0.6722684369863039,0.8552243023973146,0.14477569760268538,True,False,outer-2-herbs,confidence_threshold,herbs,False
testing/cabbage/cabbage_6.csv#384:512,testing/cabbage/cabbage_6.csv,vegetables,vegetables,recognize,0.9284508668696188,0.5426374598579007,0.9284508668696188,0.07154913313038125,True,False,outer-2-herbs,confidence_threshold,herbs,False
testing/cabbage/cabbage_6.csv#512:640,testing/cabbage/cabbage_6.csv,vegetables,vegetables,recognize,0.9553479327628239,0.31915248042249833,0.9553479327628239,0.044652067237176074,True,False,outer-2-herbs,confidence_threshold,herbs,False
testing/cauliflower/cauliflower_6.csv#0:128,testing/cauliflower/cauliflower_6.csv,vegetables,vegetables,recognize,0.6371300998422502,0.6552215772275761,0.6371300998422502,0.3628699001577498,True,False,outer-2-herbs,confidence_threshold,herbs,False
testing/cauliflower/cauliflower_6.csv#128:256,testing/cauliflower/cauliflower_6.csv,vegetables,vegetables,recognize,0.8070786839455596,0.7530359580578008,0.8070786839455596,0.1929213160544404,True,False,outer-2-herbs,confidence_threshold,herbs,False
testing/cauliflower/cauliflower_6.csv#256:384,testing/cauliflower/cauliflower_6.csv,vegetables,vegetables,recognize,0.7688961102757975,0.6230610211988395,0.7688961102757975,0.23110388972420248,True,False,outer-2-herbs,confidence_threshold,herbs,False
testing/cauliflower/cauliflower_6.csv#384:512,testing/cauliflower/cauliflower_6.csv,vegetables,vegetables,recognize,0.7121267406101707,0.35358988902466576,0.7121267406101707,0.28787325938982933,True,False,outer-2-herbs,confidence_threshold,herbs,False
testing/chervil/chervil_6.csv#0:128,testing/chervil/chervil_6.csv,spices,spices,recognize,0.927732369022772,0.14284790427868022,0.927732369022772,0.07226763097722799,True,False,outer-2-herbs,confidence_threshold,herbs,False
testing/chervil/chervil_6.csv#128:256,testing/chervil/chervil_6.csv,spices,spices,recognize,0.6756265177804558,0.046432384711737315,0.6756265177804558,0.3243734822195442,False,False,outer-2-herbs,confidence_threshold,herbs,False
testing/chervil/chervil_6.csv#256:384,testing/chervil/chervil_6.csv,spices,spices,recognize,0.7099673964566211,0.21244937238037329,0.7099673964566211,0.2900326035433789,True,False,outer-2-herbs,confidence_threshold,herbs,False
testing/chervil/chervil_6.csv#384:512,testing/chervil/chervil_6.csv,spices,spices,abstain_unknown,0.5751731942229408,0.007101659910996142,0.5751731942229408,0.4248268057770592,False,False,outer-2-herbs,confidence_threshold,herbs,False
testing/cinnamon/cinnamon_6.csv#0:128,testing/cinnamon/cinnamon_6.csv,spices,spices,recognize,0.6923610715578926,0.17961494002340547,0.6923610715578926,0.3076389284421074,True,False,outer-2-herbs,confidence_threshold,herbs,False
testing/cinnamon/cinnamon_6.csv#128:256,testing/cinnamon/cinnamon_6.csv,spices,spices,recognize,0.9923864599627548,0.012041417944977454,0.9923864599627548,0.007613540037245237,True,False,outer-2-herbs,confidence_threshold,herbs,False
testing/cinnamon/cinnamon_6.csv#256:384,testing/cinnamon/cinnamon_6.csv,spices,spices,recognize,0.9259047338998876,0.2550079679245216,0.9259047338998876,0.07409526610011241,True,False,outer-2-herbs,confidence_threshold,herbs,False
testing/cinnamon/cinnamon_6.csv#384:512,testing/cinnamon/cinnamon_6.csv,spices,spices,recognize,0.8834263356664941,0.2138615871196245,0.8834263356664941,0.11657366433350591,True,False,outer-2-herbs,confidence_threshold,herbs,False
testing/cloves/cloves_6.csv#0:128,testing/cloves/cloves_6.csv,spices,spices,recognize,0.8281715264200509,0.09679106360959898,0.8281715264200509,0.17182847357994913,True,False,outer-2-herbs,confidence_threshold,herbs,False
testing/cloves/cloves_6.csv#128:256,testing/cloves/cloves_6.csv,spices,spices,recognize,0.987451347223963,0.23200777406226109,0.987451347223963,0.012548652776037006,True,False,outer-2-herbs,confidence_threshold,herbs,False
testing/cloves/cloves_6.csv#256:384,testing/cloves/cloves_6.csv,spices,spices,recognize,0.9892776164355057,0.15429852994051316,0.9892776164355057,0.010722383564494287,True,False,outer-2-herbs,confidence_threshold,herbs,False
testing/cloves/cloves_6.csv#384:512,testing/cloves/cloves_6.csv,spices,spices,recognize,0.9835411289600826,0.21558462710713738,0.9835411289600826,0.01645887103991739,True,False,outer-2-herbs,confidence_threshold,herbs,False
testing/cumin/cumin_6.csv#0:128,testing/cumin/cumin_6.csv,spices,spices,recognize,0.999999673534381,0.0006923353992586112,0.999999673534381,3.2646561898275195e-07,True,False,outer-2-herbs,confidence_threshold,herbs,False
testing/cumin/cumin_6.csv#128:256,testing/cumin/cumin_6.csv,spices,spices,recognize,0.9719360230422562,0.06379101412108905,0.9719360230422562,0.028063976957743764,True,False,outer-2-herbs,confidence_threshold,herbs,False
testing/cumin/cumin_6.csv#256:384,testing/cumin/cumin_6.csv,spices,spices,recognize,0.9921799350270629,0.11623321413551921,0.9921799350270629,0.00782006497293708,True,False,outer-2-herbs,confidence_threshold,herbs,False
testing/cumin/cumin_6.csv#384:512,testing/cumin/cumin_6.csv,spices,spices,recognize,0.9819528853924775,0.09920266247380843,0.9819528853924775,0.018047114607522508,True,False,outer-2-herbs,confidence_threshold,herbs,False
testing/ginger/ginger_6.csv#0:128,testing/ginger/ginger_6.csv,spices,spices,recognize,0.9718312103886664,0.304108822079483,0.9718312103886664,0.028168789611333622,True,False,outer-2-herbs,confidence_threshold,herbs,False
testing/ginger/ginger_6.csv#128:256,testing/ginger/ginger_6.csv,spices,spices,recognize,0.9726974045035351,0.41269564239104245,0.9726974045035351,0.027302595496464854,True,False,outer-2-herbs,confidence_threshold,herbs,False
testing/ginger/ginger_6.csv#256:384,testing/ginger/ginger_6.csv,spices,spices,recognize,0.9820478363936997,0.353806191999787,0.9820478363936997,0.017952163606300253,True,False,outer-2-herbs,confidence_threshold,herbs,False
testing/ginger/ginger_6.csv#384:512,testing/ginger/ginger_6.csv,spices,spices,recognize,0.9905545615129596,0.33283104000251235,0.9905545615129596,0.00944543848704038,True,False,outer-2-herbs,confidence_threshold,herbs,False
testing/kiwi/kiwi_6.csv#0:128,testing/kiwi/kiwi_6.csv,fruits,vegetables,abstain_unknown,0.5598539193311287,0.5391608210183211,0.5598539193311287,0.4401460806688713,False,False,outer-2-herbs,confidence_threshold,herbs,False
testing/kiwi/kiwi_6.csv#128:256,testing/kiwi/kiwi_6.csv,fruits,vegetables,recognize,0.7179878725408847,0.5639766188366313,0.7179878725408847,0.2820121274591153,False,False,outer-2-herbs,confidence_threshold,herbs,False
testing/kiwi/kiwi_6.csv#256:384,testing/kiwi/kiwi_6.csv,fruits,vegetables,abstain_unknown,0.5591303137195905,0.7434320446822853,0.5591303137195905,0.44086968628040946,False,False,outer-2-herbs,confidence_threshold,herbs,False
testing/kiwi/kiwi_6.csv#384:512,testing/kiwi/kiwi_6.csv,fruits,fruits,abstain_unknown,0.5169315429607805,0.5707466945735764,0.5169315429607805,0.4830684570392195,True,False,outer-2-herbs,confidence_threshold,herbs,False
testing/lemon/lemon_6.csv#0:128,testing/lemon/lemon_6.csv,fruits,fruits,recognize,0.9991161787447626,0.005842440524636664,0.9991161787447626,0.0008838212552374491,True,False,outer-2-herbs,confidence_threshold,herbs,False
testing/lemon/lemon_6.csv#128:256,testing/lemon/lemon_6.csv,fruits,fruits,abstain_unknown,0.5288362306554416,0.06784156683560169,0.5288362306554416,0.4711637693445584,True,False,outer-2-herbs,confidence_threshold,herbs,False
testing/lemon/lemon_6.csv#256:384,testing/lemon/lemon_6.csv,fruits,fruits,recognize,0.6799589923752856,0.08013437707268949,0.6799589923752856,0.32004100762471444,True,False,outer-2-herbs,confidence_threshold,herbs,False
testing/lemon/lemon_6.csv#384:512,testing/lemon/lemon_6.csv,fruits,spices,recognize,0.6448298589924344,0.10841266311551696,0.6448298589924344,0.3551701410075656,False,False,outer-2-herbs,confidence_threshold,herbs,False
testing/mandarin_orange/mandarin_orange_6.csv#0:128,testing/mandarin_orange/mandarin_orange_6.csv,fruits,fruits,recognize,0.9219378904738795,0.1346548479707304,0.9219378904738795,0.07806210952612047,True,False,outer-2-herbs,confidence_threshold,herbs,False
testing/mandarin_orange/mandarin_orange_6.csv#128:256,testing/mandarin_orange/mandarin_orange_6.csv,fruits,fruits,recognize,0.8721033355617964,0.3380923584608997,0.8721033355617964,0.12789666443820358,False,False,outer-2-herbs,confidence_threshold,herbs,False
testing/mandarin_orange/mandarin_orange_6.csv#256:384,testing/mandarin_orange/mandarin_orange_6.csv,fruits,fruits,recognize,0.6292746455123512,0.36993475921143787,0.6292746455123512,0.37072535448764876,False,False,outer-2-herbs,confidence_threshold,herbs,False
testing/mandarin_orange/mandarin_orange_6.csv#384:512,testing/mandarin_orange/mandarin_orange_6.csv,fruits,vegetables,abstain_unknown,0.5668431050304042,0.3438138847627454,0.5668431050304042,0.43315689496959575,True,False,outer-2-herbs,confidence_threshold,herbs,False
testing/mango/mango_6.csv#0:128,testing/mango/mango_6.csv,fruits,fruits,recognize,0.7198002444250207,0.3797997081529167,0.7198002444250207,0.28019975557497934,True,False,outer-2-herbs,confidence_threshold,herbs,False
testing/mango/mango_6.csv#128:256,testing/mango/mango_6.csv,fruits,fruits,recognize,0.8395166377884846,0.4143429422653246,0.8395166377884846,0.16048336221151538,True,False,outer-2-herbs,confidence_threshold,herbs,False
testing/mango/mango_6.csv#256:384,testing/mango/mango_6.csv,fruits,fruits,recognize,0.6520643956346587,0.4997578505717913,0.6520643956346587,0.3479356043653413,True,False,outer-2-herbs,confidence_threshold,herbs,False
testing/mango/mango_6.csv#384:512,testing/mango/mango_6.csv,fruits,fruits,recognize,0.6956519115053501,0.42404867810500346,0.6956519115053501,0.3043480884946499,True,False,outer-2-herbs,confidence_threshold,herbs,False
testing/mustard/mustard_6.csv#0:128,testing/mustard/mustard_6.csv,spices,vegetables,recognize,0.7022348173453917,0.4047510637183705,0.7022348173453917,0.2977651826546083,True,False,outer-2-herbs,confidence_threshold,herbs,False
testing/mustard/mustard_6.csv#128:256,testing/mustard/mustard_6.csv,spices,vegetables,abstain_unknown,0.6030335655371386,0.4806583875032052,0.6030335655371386,0.3969664344628614,False,False,outer-2-herbs,confidence_threshold,herbs,False
testing/mustard/mustard_6.csv#256:384,testing/mustard/mustard_6.csv,spices,vegetables,abstain_unknown,0.4431334928599355,0.7368050595482654,0.4431334928599355,0.5568665071400645,False,False,outer-2-herbs,confidence_threshold,herbs,False
testing/mustard/mustard_6.csv#384:512,testing/mustard/mustard_6.csv,spices,fruits,abstain_unknown,0.3848904916973549,0.572271882741741,0.3848904916973549,0.6151095083026451,False,False,outer-2-herbs,confidence_threshold,herbs,False
testing/nutmeg/nutmeg_6.csv#0:128,testing/nutmeg/nutmeg_6.csv,spices,spices,recognize,0.9945749857724717,0.013846729773870699,0.9945749857724717,0.00542501422752828,True,False,outer-2-herbs,confidence_threshold,herbs,False
testing/nutmeg/nutmeg_6.csv#128:256,testing/nutmeg/nutmeg_6.csv,spices,spices,recognize,0.9999633267513924,0.05880803297760679,0.9999633267513924,3.6673248607566045e-05,True,False,outer-2-herbs,confidence_threshold,herbs,False
testing/nutmeg/nutmeg_6.csv#256:384,testing/nutmeg/nutmeg_6.csv,spices,spices,recognize,0.999869904079749,0.041840371561013515,0.999869904079749,0.00013009592025103878,True,False,outer-2-herbs,confidence_threshold,herbs,False
testing/nutmeg/nutmeg_6.csv#384:512,testing/nutmeg/nutmeg_6.csv,spices,spices,recognize,0.9999892771852152,0.1571153388320928,0.9999892771852152,1.0722814784758228e-05,True,False,outer-2-herbs,confidence_threshold,herbs,False
testing/peach/peach_6.csv#0:128,testing/peach/peach_6.csv,fruits,fruits,recognize,0.9570048506991795,0.0021744490086075836,0.9570048506991795,0.04299514930082049,True,False,outer-2-herbs,confidence_threshold,herbs,False
testing/peach/peach_6.csv#128:256,testing/peach/peach_6.csv,fruits,fruits,recognize,0.994628923084268,0.0024061700875836096,0.994628923084268,0.00537107691573202,True,False,outer-2-herbs,confidence_threshold,herbs,False
testing/peach/peach_6.csv#256:384,testing/peach/peach_6.csv,fruits,fruits,recognize,0.9999978391268305,0.0011143371151693172,0.9999978391268305,2.1608731695099692e-06,True,False,outer-2-herbs,confidence_threshold,herbs,False
testing/peach/peach_6.csv#384:512,testing/peach/peach_6.csv,fruits,vegetables,recognize,0.9400046464418723,0.00040658696246591904,0.9400046464418723,0.059995353558127684,False,False,outer-2-herbs,confidence_threshold,herbs,False
testing/pear/pear_6.csv#0:128,testing/pear/pear_6.csv,fruits,vegetables,abstain_unknown,0.553638795481329,0.30264409030554534,0.553638795481329,0.446361204518671,True,False,outer-2-herbs,confidence_threshold,herbs,False
testing/pear/pear_6.csv#128:256,testing/pear/pear_6.csv,fruits,vegetables,recognize,0.661452741150841,0.5236436482683435,0.661452741150841,0.33854725884915904,False,False,outer-2-herbs,confidence_threshold,herbs,False
testing/pear/pear_6.csv#256:384,testing/pear/pear_6.csv,fruits,fruits,abstain_unknown,0.560584275435117,0.5112198637614832,0.560584275435117,0.439415724564883,True,False,outer-2-herbs,confidence_threshold,herbs,False
testing/pear/pear_6.csv#384:512,testing/pear/pear_6.csv,fruits,vegetables,recognize,0.6267701753345384,0.3884769111110778,0.6267701753345384,0.3732298246654616,False,False,outer-2-herbs,confidence_threshold,herbs,False
testing/pineapple/pineapple_6.csv#0:128,testing/pineapple/pineapple_6.csv,fruits,fruits,recognize,0.7600352340475985,0.07245014553357886,0.7600352340475985,0.23996476595240146,True,False,outer-2-herbs,confidence_threshold,herbs,False
testing/pineapple/pineapple_6.csv#128:256,testing/pineapple/pineapple_6.csv,fruits,fruits,recognize,0.8230973677636334,0.07104521565503524,0.8230973677636334,0.1769026322363666,True,False,outer-2-herbs,confidence_threshold,herbs,False
testing/pineapple/pineapple_6.csv#256:384,testing/pineapple/pineapple_6.csv,fruits,fruits,recognize,0.6388002837354909,0.08385658166788289,0.6388002837354909,0.3611997162645091,True,False,outer-2-herbs,confidence_threshold,herbs,False
testing/pineapple/pineapple_6.csv#384:512,testing/pineapple/pineapple_6.csv,fruits,vegetables,abstain_unknown,0.5236818026216518,0.06276510597422812,0.5236818026216518,0.47631819737834824,False,False,outer-2-herbs,confidence_threshold,herbs,False
testing/potato/potato_6.csv#0:128,testing/potato/potato_6.csv,vegetables,vegetables,recognize,0.657319398166239,0.15520188809965157,0.657319398166239,0.34268060183376103,True,False,outer-2-herbs,confidence_threshold,herbs,False
testing/potato/potato_6.csv#128:256,testing/potato/potato_6.csv,vegetables,vegetables,recognize,0.8241137550140792,0.28443241927306695,0.8241137550140792,0.17588624498592076,True,False,outer-2-herbs,confidence_threshold,herbs,False
testing/potato/potato_6.csv#256:384,testing/potato/potato_6.csv,vegetables,vegetables,recognize,0.7896842060047787,0.18735852562089517,0.7896842060047787,0.21031579399522127,True,False,outer-2-herbs,confidence_threshold,herbs,False
testing/potato/potato_6.csv#384:512,testing/potato/potato_6.csv,vegetables,vegetables,recognize,0.9117538961649172,0.22739995215451064,0.9117538961649172,0.0882461038350828,True,False,outer-2-herbs,confidence_threshold,herbs,False
testing/radish/radish_6.csv#0:128,testing/radish/radish_6.csv,vegetables,fruits,recognize,0.8263466010432645,0.5134614082067511,0.8263466010432645,0.17365339895673548,False,False,outer-2-herbs,confidence_threshold,herbs,False
testing/radish/radish_6.csv#128:256,testing/radish/radish_6.csv,vegetables,fruits,recognize,0.8019300389404566,0.640101232692229,0.8019300389404566,0.19806996105954344,False,False,outer-2-herbs,confidence_threshold,herbs,False
testing/radish/radish_6.csv#256:384,testing/radish/radish_6.csv,vegetables,fruits,abstain_unknown,0.6171893032662396,0.6614510158548285,0.6171893032662396,0.38281069673376045,False,False,outer-2-herbs,confidence_threshold,herbs,False
testing/radish/radish_6.csv#384:512,testing/radish/radish_6.csv,vegetables,fruits,recognize,0.8206669487225484,0.580175208978262,0.8206669487225484,0.17933305127745158,False,False,outer-2-herbs,confidence_threshold,herbs,False
testing/radish/radish_6.csv#512:640,testing/radish/radish_6.csv,vegetables,fruits,recognize,0.8594451696446681,0.5160574496034926,0.8594451696446681,0.1405548303553319,False,False,outer-2-herbs,confidence_threshold,herbs,False
testing/saffron/saffron_6.csv#0:128,testing/saffron/saffron_6.csv,spices,spices,recognize,0.6344713602744337,0.6212137910454522,0.6344713602744337,0.36552863972556626,True,False,outer-2-herbs,confidence_threshold,herbs,False
testing/saffron/saffron_6.csv#128:256,testing/saffron/saffron_6.csv,spices,spices,recognize,0.8643395531706172,0.6690721153258752,0.8643395531706172,0.13566044682938283,True,False,outer-2-herbs,confidence_threshold,herbs,False
testing/saffron/saffron_6.csv#256:384,testing/saffron/saffron_6.csv,spices,spices,recognize,0.7358850760339835,0.690539390130335,0.7358850760339835,0.26411492396601655,True,False,outer-2-herbs,confidence_threshold,herbs,False
testing/saffron/saffron_6.csv#384:512,testing/saffron/saffron_6.csv,spices,spices,recognize,0.986960979437367,0.47364186454319546,0.986960979437367,0.013039020562632953,True,False,outer-2-herbs,confidence_threshold,herbs,False
testing/star_anise/star_anise_6.csv#0:128,testing/star_anise/star_anise_6.csv,spices,spices,recognize,0.9233195198010496,0.48480524454149976,0.9233195198010496,0.07668048019895035,True,False,outer-2-herbs,confidence_threshold,herbs,False
testing/star_anise/star_anise_6.csv#128:256,testing/star_anise/star_anise_6.csv,spices,spices,recognize,0.9506540887288422,0.4907235141987441,0.9506540887288422,0.04934591127115784,True,False,outer-2-herbs,confidence_threshold,herbs,False
testing/star_anise/star_anise_6.csv#256:384,testing/star_anise/star_anise_6.csv,spices,spices,recognize,0.9655809200533187,0.45358327648423435,0.9655809200533187,0.03441907994668125,True,False,outer-2-herbs,confidence_threshold,herbs,False
testing/star_anise/star_anise_6.csv#384:512,testing/star_anise/star_anise_6.csv,spices,spices,recognize,0.9346303206607393,0.41097096761407453,0.9346303206607393,0.06536967933926074,True,False,outer-2-herbs,confidence_threshold,herbs,False
testing/strawberry/strawberry_6.csv#0:128,testing/strawberry/strawberry_6.csv,fruits,spices,abstain_unknown,0.6138615962241148,0.551301807513389,0.6138615962241148,0.38613840377588515,False,False,outer-2-herbs,confidence_threshold,herbs,False
testing/strawberry/strawberry_6.csv#128:256,testing/strawberry/strawberry_6.csv,fruits,fruits,abstain_unknown,0.5345749871168268,0.5281173931378588,0.5345749871168268,0.4654250128831732,True,False,outer-2-herbs,confidence_threshold,herbs,False
testing/strawberry/strawberry_6.csv#256:384,testing/strawberry/strawberry_6.csv,fruits,spices,abstain_unknown,0.48580070000309056,0.6246126650267264,0.48580070000309056,0.5141992999969094,False,False,outer-2-herbs,confidence_threshold,herbs,False
testing/strawberry/strawberry_6.csv#384:512,testing/strawberry/strawberry_6.csv,fruits,spices,abstain_unknown,0.6172834503501334,0.5489415233191787,0.6172834503501334,0.38271654964986657,False,False,outer-2-herbs,confidence_threshold,herbs,False
testing/strawberry/strawberry_6.csv#512:640,testing/strawberry/strawberry_6.csv,fruits,fruits,abstain_unknown,0.5047065994543215,0.7013003138562128,0.5047065994543215,0.4952934005456785,True,False,outer-2-herbs,confidence_threshold,herbs,False
testing/sweet_potato/sweet_potato_6.csv#0:128,testing/sweet_potato/sweet_potato_6.csv,vegetables,vegetables,recognize,0.9999156889437596,1.9489407031647634e-05,0.9999156889437596,8.43110562404048e-05,False,False,outer-2-herbs,confidence_threshold,herbs,False
testing/sweet_potato/sweet_potato_6.csv#128:256,testing/sweet_potato/sweet_potato_6.csv,vegetables,vegetables,recognize,0.999510307985926,1.9986556565203102e-05,0.999510307985926,0.0004896920140740058,True,False,outer-2-herbs,confidence_threshold,herbs,False
testing/sweet_potato/sweet_potato_6.csv#256:384,testing/sweet_potato/sweet_potato_6.csv,vegetables,vegetables,recognize,0.6438259160268172,0.011960131023301356,0.6438259160268172,0.35617408397318284,True,False,outer-2-herbs,confidence_threshold,herbs,False
testing/sweet_potato/sweet_potato_6.csv#384:512,testing/sweet_potato/sweet_potato_6.csv,vegetables,vegetables,recognize,0.9335491103872728,0.03982449851068897,0.9335491103872728,0.06645088961272716,True,False,outer-2-herbs,confidence_threshold,herbs,False
testing/tomato/tomato_6.csv#0:128,testing/tomato/tomato_6.csv,vegetables,vegetables,recognize,0.9445938350989869,0.4420819859054822,0.9445938350989869,0.05540616490101313,True,False,outer-2-herbs,confidence_threshold,herbs,False
testing/tomato/tomato_6.csv#128:256,testing/tomato/tomato_6.csv,vegetables,vegetables,recognize,0.9228433694767229,0.375469636193913,0.9228433694767229,0.07715663052327715,True,False,outer-2-herbs,confidence_threshold,herbs,False
testing/tomato/tomato_6.csv#256:384,testing/tomato/tomato_6.csv,vegetables,vegetables,recognize,0.9589878710344564,0.5227761087028733,0.9589878710344564,0.041012128965543626,True,False,outer-2-herbs,confidence_threshold,herbs,False
testing/tomato/tomato_6.csv#384:512,testing/tomato/tomato_6.csv,vegetables,vegetables,recognize,0.9586231789244429,0.5180150898427617,0.9586231789244429,0.04137682107555707,True,False,outer-2-herbs,confidence_threshold,herbs,False
testing/angelica/angelica_6.csv#0:128,testing/angelica/angelica_6.csv,herbs,spices,recognize,0.8305363178141731,0.11441756401457989,0.8305363178141731,0.16946368218582686,True,False,outer-2-herbs,confidence_threshold,herbs,True
testing/angelica/angelica_6.csv#128:256,testing/angelica/angelica_6.csv,herbs,fruits,abstain_unknown,0.6126591304881964,0.11213350434015805,0.6126591304881964,0.3873408695118036,False,False,outer-2-herbs,confidence_threshold,herbs,True
testing/angelica/angelica_6.csv#256:384,testing/angelica/angelica_6.csv,herbs,spices,recognize,0.7377723402474226,0.12358814526168467,0.7377723402474226,0.26222765975257745,True,False,outer-2-herbs,confidence_threshold,herbs,True
testing/angelica/angelica_6.csv#384:512,testing/angelica/angelica_6.csv,herbs,spices,recognize,0.8290744829625972,0.11913431372285394,0.8290744829625972,0.17092551703740277,True,False,outer-2-herbs,confidence_threshold,herbs,True
testing/angelica/angelica_6.csv#512:640,testing/angelica/angelica_6.csv,herbs,spices,recognize,0.7745468210735753,0.09334950367980384,0.7745468210735753,0.2254531789264247,True,False,outer-2-herbs,confidence_threshold,herbs,True
testing/chamomile/chamomile_6.csv#0:128,testing/chamomile/chamomile_6.csv,herbs,fruits,recognize,0.6704683724709585,0.596447050677028,0.6704683724709585,0.3295316275290415,True,False,outer-2-herbs,confidence_threshold,herbs,True
testing/chamomile/chamomile_6.csv#128:256,testing/chamomile/chamomile_6.csv,herbs,vegetables,abstain_unknown,0.4327645647019975,0.4373734185735822,0.4327645647019975,0.5672354352980025,False,False,outer-2-herbs,confidence_threshold,herbs,True
testing/chamomile/chamomile_6.csv#256:384,testing/chamomile/chamomile_6.csv,herbs,fruits,abstain_unknown,0.4687519095054683,0.5771135326665755,0.4687519095054683,0.5312480904945317,True,False,outer-2-herbs,confidence_threshold,herbs,True
testing/chamomile/chamomile_6.csv#384:512,testing/chamomile/chamomile_6.csv,herbs,spices,abstain_unknown,0.43255823812434113,0.46705643934764113,0.43255823812434113,0.5674417618756589,False,False,outer-2-herbs,confidence_threshold,herbs,True
testing/chives/chives_6.csv#0:128,testing/chives/chives_6.csv,herbs,vegetables,recognize,0.8760260170972524,0.1451099356049684,0.8760260170972524,0.12397398290274764,True,False,outer-2-herbs,confidence_threshold,herbs,True
testing/chives/chives_6.csv#128:256,testing/chives/chives_6.csv,herbs,vegetables,recognize,0.8442547167733941,0.3051284511523987,0.8442547167733941,0.15574528322660586,True,False,outer-2-herbs,confidence_threshold,herbs,True
testing/chives/chives_6.csv#256:384,testing/chives/chives_6.csv,herbs,vegetables,recognize,0.89923486507978,0.1437200273232466,0.89923486507978,0.10076513492021999,True,False,outer-2-herbs,confidence_threshold,herbs,True
testing/chives/chives_6.csv#384:512,testing/chives/chives_6.csv,herbs,vegetables,abstain_unknown,0.528068725589404,0.22644400776577736,0.528068725589404,0.471931274410596,True,False,outer-2-herbs,confidence_threshold,herbs,True
testing/coriander/coriander_6.csv#0:128,testing/coriander/coriander_6.csv,herbs,fruits,recognize,0.6400938132401106,0.06759299363994466,0.6400938132401106,0.3599061867598894,False,False,outer-2-herbs,confidence_threshold,herbs,True
testing/coriander/coriander_6.csv#128:256,testing/coriander/coriander_6.csv,herbs,spices,abstain_unknown,0.5805486898665049,0.14227072823902137,0.5805486898665049,0.4194513101334951,True,False,outer-2-herbs,confidence_threshold,herbs,True
testing/coriander/coriander_6.csv#256:384,testing/coriander/coriander_6.csv,herbs,fruits,recognize,0.7392634262591924,0.10523423305197747,0.7392634262591924,0.2607365737408076,False,False,outer-2-herbs,confidence_threshold,herbs,True
testing/coriander/coriander_6.csv#384:512,testing/coriander/coriander_6.csv,herbs,fruits,recognize,0.7387334328498308,0.11801176724033846,0.7387334328498308,0.26126656715016916,False,False,outer-2-herbs,confidence_threshold,herbs,True
testing/dill/dill_6.csv#0:128,testing/dill/dill_6.csv,herbs,fruits,recognize,0.9506421124014626,0.0063204994065941345,0.9506421124014626,0.04935788759853743,False,False,outer-2-herbs,confidence_threshold,herbs,True
testing/dill/dill_6.csv#128:256,testing/dill/dill_6.csv,herbs,fruits,recognize,0.9196490582749305,0.04297201099446968,0.9196490582749305,0.08035094172506951,False,False,outer-2-herbs,confidence_threshold,herbs,True
testing/dill/dill_6.csv#256:384,testing/dill/dill_6.csv,herbs,fruits,recognize,0.8685147644120884,0.022846061935067746,0.8685147644120884,0.1314852355879116,False,False,outer-2-herbs,confidence_threshold,herbs,True
testing/dill/dill_6.csv#384:512,testing/dill/dill_6.csv,herbs,fruits,recognize,0.7433381435192383,0.02375837300011934,0.7433381435192383,0.2566618564807617,False,False,outer-2-herbs,confidence_threshold,herbs,True
testing/garlic/garlic_6.csv#0:128,testing/garlic/garlic_6.csv,herbs,vegetables,recognize,0.6847937144617758,0.12573014070609756,0.6847937144617758,0.31520628553822416,True,False,outer-2-herbs,confidence_threshold,herbs,True
testing/garlic/garlic_6.csv#128:256,testing/garlic/garlic_6.csv,herbs,fruits,abstain_unknown,0.564337313384111,0.3523681908627162,0.564337313384111,0.435662686615889,True,False,outer-2-herbs,confidence_threshold,herbs,True
testing/garlic/garlic_6.csv#256:384,testing/garlic/garlic_6.csv,herbs,fruits,recognize,0.7676431994288996,0.34703248777517665,0.7676431994288996,0.23235680057110042,True,False,outer-2-herbs,confidence_threshold,herbs,True
testing/garlic/garlic_6.csv#384:512,testing/garlic/garlic_6.csv,herbs,fruits,recognize,0.7541595049871286,0.26153494224093116,0.7541595049871286,0.24584049501287142,True,False,outer-2-herbs,confidence_threshold,herbs,True
testing/mint/mint_6.csv#0:128,testing/mint/mint_6.csv,herbs,vegetables,recognize,0.9686720422750275,0.043842647092028265,0.9686720422750275,0.031327957724972544,True,False,outer-2-herbs,confidence_threshold,herbs,True
testing/mint/mint_6.csv#128:256,testing/mint/mint_6.csv,herbs,vegetables,recognize,0.778132459059037,0.21562175518908624,0.778132459059037,0.22186754094096295,True,False,outer-2-herbs,confidence_threshold,herbs,True
testing/mint/mint_6.csv#256:384,testing/mint/mint_6.csv,herbs,vegetables,recognize,0.9995917542358186,0.027696813115461866,0.9995917542358186,0.0004082457641814141,True,False,outer-2-herbs,confidence_threshold,herbs,True
testing/mint/mint_6.csv#384:512,testing/mint/mint_6.csv,herbs,vegetables,recognize,0.8479888866187015,0.25612622508730337,0.8479888866187015,0.15201111338129847,True,False,outer-2-herbs,confidence_threshold,herbs,True
testing/mugwort/mugwort_6.csv#0:128,testing/mugwort/mugwort_6.csv,herbs,fruits,recognize,0.7504468663250456,0.3146812928044362,0.7504468663250456,0.24955313367495435,False,False,outer-2-herbs,confidence_threshold,herbs,True
testing/mugwort/mugwort_6.csv#128:256,testing/mugwort/mugwort_6.csv,herbs,spices,abstain_unknown,0.558610906926925,0.3224075282367975,0.558610906926925,0.44138909307307495,True,False,outer-2-herbs,confidence_threshold,herbs,True
testing/mugwort/mugwort_6.csv#256:384,testing/mugwort/mugwort_6.csv,herbs,fruits,recognize,0.7497466622892839,0.28948984408074707,0.7497466622892839,0.2502533377107161,False,False,outer-2-herbs,confidence_threshold,herbs,True
testing/mugwort/mugwort_6.csv#384:512,testing/mugwort/mugwort_6.csv,herbs,fruits,recognize,0.783607844217602,0.2847084891269945,0.783607844217602,0.216392155782398,False,False,outer-2-herbs,confidence_threshold,herbs,True
testing/oregano/oregano_6.csv#0:128,testing/oregano/oregano_6.csv,herbs,spices,recognize,0.9200163397048978,0.008060508474220844,0.9200163397048978,0.07998366029510218,True,False,outer-2-herbs,confidence_threshold,herbs,True
testing/oregano/oregano_6.csv#128:256,testing/oregano/oregano_6.csv,herbs,spices,recognize,0.9844225108953462,0.023503649600907783,0.9844225108953462,0.015577489104653841,True,False,outer-2-herbs,confidence_threshold,herbs,True
testing/oregano/oregano_6.csv#256:384,testing/oregano/oregano_6.csv,herbs,spices,recognize,0.9690038598508033,0.02532331836835179,0.9690038598508033,0.030996140149196716,True,False,outer-2-herbs,confidence_threshold,herbs,True
testing/oregano/oregano_6.csv#384:512,testing/oregano/oregano_6.csv,herbs,spices,recognize,0.9899534193930158,0.030690439488126452,0.9899534193930158,0.010046580606984157,True,False,outer-2-herbs,confidence_threshold,herbs,True
testing/turnip/turnip_6.csv#0:128,testing/turnip/turnip_6.csv,herbs,fruits,abstain_unknown,0.587736745212014,0.11953037484263525,0.587736745212014,0.412263254787986,True,False,outer-2-herbs,confidence_threshold,herbs,True
testing/turnip/turnip_6.csv#128:256,testing/turnip/turnip_6.csv,herbs,fruits,recognize,0.6879482269758256,0.20507436096380158,0.6879482269758256,0.3120517730241744,True,False,outer-2-herbs,confidence_threshold,herbs,True
testing/turnip/turnip_6.csv#256:384,testing/turnip/turnip_6.csv,herbs,fruits,abstain_unknown,0.5745929200930663,0.20208289861974993,0.5745929200930663,0.4254070799069337,True,False,outer-2-herbs,confidence_threshold,herbs,True
testing/turnip/turnip_6.csv#384:512,testing/turnip/turnip_6.csv,herbs,vegetables,recognize,0.7457195514506448,0.04989174259664001,0.7457195514506448,0.25428044854935516,True,False,outer-2-herbs,confidence_threshold,herbs,True
testing/allspice/allspice_6.csv#0:128,testing/allspice/allspice_6.csv,spices,fruits,abstain_unknown,0.5325921114521541,0.2775698588512734,0.2768318235265553,0.7231681764734448,False,False,outer-2-herbs,sentinel_initial,herbs,False
testing/allspice/allspice_6.csv#128:256,testing/allspice/allspice_6.csv,spices,fruits,recognize,0.6811627842806977,0.27061888454587657,0.30912704487803255,0.6908729551219674,False,False,outer-2-herbs,sentinel_initial,herbs,False
testing/allspice/allspice_6.csv#256:384,testing/allspice/allspice_6.csv,spices,spices,abstain_unknown,0.8310161777054097,0.043881781284627795,0.19096195996599996,0.809038040034,True,False,outer-2-herbs,sentinel_initial,herbs,False
testing/allspice/allspice_6.csv#384:512,testing/allspice/allspice_6.csv,spices,spices,recognize,0.7822804911089891,0.23348792527956552,0.4273792798624162,0.5726207201375838,True,False,outer-2-herbs,sentinel_initial,herbs,False
testing/apple/apple_6.csv#0:128,testing/apple/apple_6.csv,fruits,vegetables,recognize,0.616530999455331,0.38985820598090415,0.352990725949299,0.647009274050701,False,False,outer-2-herbs,sentinel_initial,herbs,False
testing/apple/apple_6.csv#128:256,testing/apple/apple_6.csv,fruits,vegetables,recognize,0.5427262949904763,0.5142484182530181,0.38037276233250594,0.6196272376674941,False,False,outer-2-herbs,sentinel_initial,herbs,False
testing/apple/apple_6.csv#256:384,testing/apple/apple_6.csv,fruits,vegetables,recognize,0.5192509813999387,0.4787283636232327,0.358976268706116,0.641023731293884,False,False,outer-2-herbs,sentinel_initial,herbs,False
testing/apple/apple_6.csv#384:512,testing/apple/apple_6.csv,fruits,fruits,recognize,0.6923448309227213,0.4317731410864642,0.5467503108023628,0.4532496891976372,True,False,outer-2-herbs,sentinel_initial,herbs,False
testing/asparagus/asparagus_6.csv#0:128,testing/asparagus/asparagus_6.csv,vegetables,vegetables,recognize,0.9255819772147819,0.20613973812420391,0.43680570783305706,0.563194292166943,True,False,outer-2-herbs,sentinel_initial,herbs,False
testing/asparagus/asparagus_6.csv#128:256,testing/asparagus/asparagus_6.csv,vegetables,fruits,recognize,0.5852265901552828,0.5214205335616895,0.3977302163616234,0.6022697836383766,False,False,outer-2-herbs,sentinel_initial,herbs,False
testing/asparagus/asparagus_6.csv#256:384,testing/asparagus/asparagus_6.csv,vegetables,vegetables,abstain_unknown,0.9259149541306183,0.05580166761576825,0.22730507805780772,0.7726949219421922,True,False,outer-2-herbs,sentinel_initial,herbs,False
testing/asparagus/asparagus_6.csv#384:512,testing/asparagus/asparagus_6.csv,vegetables,spices,abstain_unknown,0.353051645845073,0.09425480858365425,0.1313419241946086,0.8686580758053914,False,False,outer-2-herbs,sentinel_initial,herbs,False
testing/avocado/avocado_6.csv#0:128,testing/avocado/avocado_6.csv,vegetables,vegetables,recognize,0.9163414627460018,0.24480560418749367,0.4736301567991492,0.5263698432008508,True,False,outer-2-herbs,sentinel_initial,herbs,False
testing/avocado/avocado_6.csv#128:256,testing/avocado/avocado_6.csv,vegetables,vegetables,recognize,0.8921773756901431,0.28229808431715325,0.5018565173716811,0.49814348262831887,True,False,outer-2-herbs,sentinel_initial,herbs,False
testing/avocado/avocado_6.csv#256:384,testing/avocado/avocado_6.csv,vegetables,vegetables,recognize,0.8466273058073083,0.3589555388812601,0.5512726737175095,0.44872732628249046,True,False,outer-2-herbs,sentinel_initial,herbs,False
testing/avocado/avocado_6.csv#384:512,testing/avocado/avocado_6.csv,vegetables,vegetables,recognize,0.9231778115837418,0.3706354751709946,0.5849465333375855,0.4150534666624145,True,False,outer-2-herbs,sentinel_initial,herbs,False
testing/banana/banana_6.csv#0:128,testing/banana/banana_6.csv,fruits,fruits,abstain_unknown,0.7678802936964763,0.10168826863221078,0.2794358917225706,0.7205641082774294,True,False,outer-2-herbs,sentinel_initial,herbs,False
testing/banana/banana_6.csv#128:256,testing/banana/banana_6.csv,fruits,fruits,abstain_unknown,0.8768247726923217,0.1133154531591753,0.2269517166364973,0.7730482833635027,False,False,outer-2-herbs,sentinel_initial,herbs,False
testing/banana/banana_6.csv#256:384,testing/banana/banana_6.csv,fruits,fruits,abstain_unknown,0.5241083154291789,0.045176405235687764,0.11078956488804897,0.889210435111951,False,False,outer-2-herbs,sentinel_initial,herbs,False
testing/banana/banana_6.csv#384:512,testing/banana/banana_6.csv,fruits,fruits,recognize,0.9750612605675104,0.5148497168641063,0.7085266501186397,0.2914733498813603,True,False,outer-2-herbs,sentinel_initial,herbs,False
testing/broccoli/broccoli_6.csv#0:128,testing/broccoli/broccoli_6.csv,vegetables,vegetables,recognize,0.7348706758445644,0.18733659017629176,0.3710366109068857,0.6289633890931143,True,False,outer-2-herbs,sentinel_initial,herbs,False
testing/broccoli/broccoli_6.csv#128:256,testing/broccoli/broccoli_6.csv,vegetables,vegetables,recognize,0.7151997822680453,0.320136700931897,0.4784994240357067,0.5215005759642932,True,False,outer-2-herbs,sentinel_initial,herbs,False
testing/broccoli/broccoli_6.csv#256:384,testing/broccoli/broccoli_6.csv,vegetables,vegetables,recognize,0.8151316239567136,0.2633710472582756,0.46333796461634624,0.5366620353836538,True,False,outer-2-herbs,sentinel_initial,herbs,False
testing/broccoli/broccoli_6.csv#384:512,testing/broccoli/broccoli_6.csv,vegetables,vegetables,recognize,0.9257342708416785,0.13879105705378572,0.35844614379433926,0.6415538562056607,True,False,outer-2-herbs,sentinel_initial,herbs,False
testing/brussel_sprouts/brussel_sprouts_6.csv#0:128,testing/brussel_sprouts/brussel_sprouts_6.csv,vegetables,vegetables,recognize,0.747113227410555,0.1373121085090147,0.32029313534747866,0.6797068646525213,True,False,outer-2-herbs,sentinel_initial,herbs,False
testing/brussel_sprouts/brussel_sprouts_6.csv#128:256,testing/brussel_sprouts/brussel_sprouts_6.csv,vegetables,vegetables,recognize,0.7416348655884438,0.4737817471485699,0.5927672919154596,0.4072327080845404,True,False,outer-2-herbs,sentinel_initial,herbs,False
testing/brussel_sprouts/brussel_sprouts_6.csv#256:384,testing/brussel_sprouts/brussel_sprouts_6.csv,vegetables,spices,recognize,0.49935147352675746,0.4020258315929869,0.3225987229092541,0.6774012770907458,False,False,outer-2-herbs,sentinel_initial,herbs,False
testing/brussel_sprouts/brussel_sprouts_6.csv#384:512,testing/brussel_sprouts/brussel_sprouts_6.csv,vegetables,vegetables,recognize,0.4363214441552412,0.412373902769641,0.3054086701570498,0.6945913298429502,False,False,outer-2-herbs,sentinel_initial,herbs,False
testing/cabbage/cabbage_6.csv#0:128,testing/cabbage/cabbage_6.csv,vegetables,vegetables,recognize,0.9078446256400724,0.36781306832237287,0.5778556197846059,0.42214438021539413,True,False,outer-2-herbs,sentinel_initial,herbs,False
testing/cabbage/cabbage_6.csv#128:256,testing/cabbage/cabbage_6.csv,vegetables,vegetables,recognize,0.7939489170373667,0.6253628848611078,0.7046319501632324,0.29536804983676757,True,False,outer-2-herbs,sentinel_initial,herbs,False
testing/cabbage/cabbage_6.csv#256:384,testing/cabbage/cabbage_6.csv,vegetables,vegetables,recognize,0.8552243023973146,0.6722684369863039,0.7582481816960359,0.24175181830396408,True,False,outer-2-herbs,sentinel_initial,herbs,False
testing/cabbage/cabbage_6.csv#384:512,testing/cabbage/cabbage_6.csv,vegetables,vegetables,recognize,0.9284508668696188,0.5426374598579007,0.709797309096756,0.290202690903244,True,False,outer-2-herbs,sentinel_initial,herbs,False
testing/cabbage/cabbage_6.csv#512:640,testing/cabbage/cabbage_6.csv,vegetables,vegetables,recognize,0.9553479327628239,0.31915248042249833,0.5521790130091522,0.4478209869908478,True,False,outer-2-herbs,sentinel_initial,herbs,False
testing/cauliflower/cauliflower_6.csv#0:128,testing/cauliflower/cauliflower_6.csv,vegetables,vegetables,recognize,0.6371300998422502,0.6552215772275761,0.6461125203227394,0.35388747967726064,True,False,outer-2-herbs,sentinel_initial,herbs,False
testing/cauliflower/cauliflower_6.csv#128:256,testing/cauliflower/cauliflower_6.csv,vegetables,vegetables,recognize,0.8070786839455596,0.7530359580578008,0.7795891674420402,0.2204108325579598,True,False,outer-2-herbs,sentinel_initial,herbs,False
testing/cauliflower/cauliflower_6.csv#256:384,testing/cauliflower/cauliflower_6.csv,vegetables,vegetables,recognize,0.7688961102757975,0.6230610211988395,0.6921482468837539,0.30785175311624613,True,False,outer-2-herbs,sentinel_initial,herbs,False
testing/cauliflower/cauliflower_6.csv#384:512,testing/cauliflower/cauliflower_6.csv,vegetables,vegetables,recognize,0.7121267406101707,0.35358988902466576,0.5017975838760557,0.49820241612394434,True,False,outer-2-herbs,sentinel_initial,herbs,False
testing/chervil/chervil_6.csv#0:128,testing/chervil/chervil_6.csv,spices,spices,recognize,0.927732369022772,0.14284790427868022,0.36403931744579204,0.6359606825542079,True,False,outer-2-herbs,sentinel_initial,herbs,False
testing/chervil/chervil_6.csv#128:256,testing/chervil/chervil_6.csv,spices,spices,abstain_unknown,0.6756265177804558,0.046432384711737315,0.12752529429405524,0.8724747057059448,False,False,outer-2-herbs,sentinel_initial,herbs,False
testing/chervil/chervil_6.csv#256:384,testing/chervil/chervil_6.csv,spices,spices,recognize,0.7099673964566211,0.21244937238037329,0.3883711212071989,0.611628878792801,True,False,outer-2-herbs,sentinel_initial,herbs,False
testing/chervil/chervil_6.csv#384:512,testing/chervil/chervil_6.csv,spices,spices,abstain_unknown,0.5751731942229408,0.007101659910996142,0.04601630581530544,0.9539836941846945,False,False,outer-2-herbs,sentinel_initial,herbs,False
testing/cinnamon/cinnamon_6.csv#0:128,testing/cinnamon/cinnamon_6.csv,spices,spices,recognize,0.6923610715578926,0.17961494002340547,0.3526448529929391,0.6473551470070609,True,False,outer-2-herbs,sentinel_initial,herbs,False
testing/cinnamon/cinnamon_6.csv#128:256,testing/cinnamon/cinnamon_6.csv,spices,spices,abstain_unknown,0.9923864599627548,0.012041417944977454,0.10931486690907219,0.8906851330909278,True,False,outer-2-herbs,sentinel_initial,herbs,False
testing/cinnamon/cinnamon_6.csv#256:384,testing/cinnamon/cinnamon_6.csv,spices,spices,recognize,0.9259047338998876,0.2550079679245216,0.48591468868877097,0.514085311311229,True,False,outer-2-herbs,sentinel_initial,herbs,False
testing/cinnamon/cinnamon_6.csv#384:512,testing/cinnamon/cinnamon_6.csv,spices,spices,recognize,0.8834263356664941,0.2138615871196245,0.43466188957500124,0.5653381104249988,True,False,outer-2-herbs,sentinel_initial,herbs,False
testing/cloves/cloves_6.csv#0:128,testing/cloves/cloves_6.csv,spices,spices,abstain_unknown,0.8281715264200509,0.09679106360959898,0.283124712615098,0.716875287384902,True,False,outer-2-herbs,sentinel_initial,herbs,False
testing/cloves/cloves_6.csv#128:256,testing/cloves/cloves_6.csv,spices,spices,recognize,0.987451347223963,0.23200777406226109,0.4786401456879819,0.5213598543120181,True,False,outer-2-herbs,sentinel_initial,herbs,False
testing/cloves/cloves_6.csv#256:384,testing/cloves/cloves_6.csv,spices,spices,recognize,0.9892776164355057,0.15429852994051316,0.3906969182359305,0.6093030817640694,True,False,outer-2-herbs,sentinel_initial,herbs,False
testing/cloves/cloves_6.csv#384:512,testing/cloves/cloves_6.csv,spices,spices,recognize,0.9835411289600826,0.21558462710713738,0.4604740465339956,0.5395259534660044,True,False,outer-2-herbs,sentinel_initial,herbs,False
testing/cumin/cumin_6.csv#0:128,testing/cumin/cumin_6.csv,spices,spices,abstain_unknown,0.999999673534381,0.0006923353992586112,0.026312262791993137,0.9736877372080068,True,False,outer-2-herbs,sentinel_initial,herbs,False
testing/cumin/cumin_6.csv#128:256,testing/cumin/cumin_6.csv,spices,spices,abstain_unknown,0.9719360230422562,0.06379101412108905,0.24899956741063567,0.7510004325893643,True,False,outer-2-herbs,sentinel_initial,herbs,False
testing/cumin/cumin_6.csv#256:384,testing/cumin/cumin_6.csv,spices,spices,recognize,0.9921799350270629,0.11623321413551921,0.33959426209664695,0.660405737903353,True,False,outer-2-herbs,sentinel_initial,herbs,False
testing/cumin/cumin_6.csv#384:512,testing/cumin/cumin_6.csv,spices,spices,recognize,0.9819528853924775,0.09920266247380843,0.31210950106456586,0.6878904989354342,True,False,outer-2-herbs,sentinel_initial,herbs,False
testing/ginger/ginger_6.csv#0:128,testing/ginger/ginger_6.csv,spices,spices,recognize,0.9718312103886664,0.304108822079483,0.5436381559929137,0.45636184400708635,True,False,outer-2-herbs,sentinel_initial,herbs,False
testing/ginger/ginger_6.csv#128:256,testing/ginger/ginger_6.csv,spices,spices,recognize,0.9726974045035351,0.41269564239104245,0.6335834437575576,0.3664165562424424,True,False,outer-2-herbs,sentinel_initial,herbs,False
testing/ginger/ginger_6.csv#256:384,testing/ginger/ginger_6.csv,spices,spices,recognize,0.9820478363936997,0.353806191999787,0.5894528016356226,0.41054719836437736,True,False,outer-2-herbs,sentinel_initial,herbs,False
testing/ginger/ginger_6.csv#384:512,testing/ginger/ginger_6.csv,spices,spices,recognize,0.9905545615129596,0.33283104000251235,0.5741840339887473,0.4258159660112527,True,False,outer-2-herbs,sentinel_initial,herbs,False
testing/kiwi/kiwi_6.csv#0:128,testing/kiwi/kiwi_6.csv,fruits,vegetables,recognize,0.5598539193311287,0.5391608210183211,0.39557516769422096,0.604424832305779,False,False,outer-2-herbs,sentinel_initial,herbs,False
testing/kiwi/kiwi_6.csv#128:256,testing/kiwi/kiwi_6.csv,fruits,vegetables,recognize,0.7179878725408847,0.5639766188366313,0.4581646739096428,0.5418353260903572,False,False,outer-2-herbs,sentinel_initial,herbs,False
testing/kiwi/kiwi_6.csv#256:384,testing/kiwi/kiwi_6.csv,fruits,vegetables,recognize,0.5591303137195905,0.7434320446822853,0.46420482914964767,0.5357951708503523,False,False,outer-2-herbs,sentinel_initial,herbs,False
testing/kiwi/kiwi_6.csv#384:512,testing/kiwi/kiwi_6.csv,fruits,fruits,recognize,0.5169315429607805,0.5707466945735764,0.5431730566455631,0.45682694335443685,True,False,outer-2-herbs,sentinel_initial,herbs,False
testing/lemon/lemon_6.csv#0:128,testing/lemon/lemon_6.csv,fruits,fruits,abstain_unknown,0.9991161787447626,0.005842440524636664,0.0764020736074521,0.9235979263925479,True,False,outer-2-herbs,sentinel_initial,herbs,False
testing/lemon/lemon_6.csv#128:256,testing/lemon/lemon_6.csv,fruits,fruits,abstain_unknown,0.5288362306554416,0.06784156683560169,0.18941245599774797,0.8105875440022521,True,False,outer-2-herbs,sentinel_initial,herbs,False
testing/lemon/lemon_6.csv#256:384,testing/lemon/lemon_6.csv,fruits,fruits,abstain_unknown,0.6799589923752856,0.08013437707268949,0.23342684140639683,0.7665731585936032,True,False,outer-2-herbs,sentinel_initial,herbs,False
testing/lemon/lemon_6.csv#384:512,testing/lemon/lemon_6.csv,fruits,spices,abstain_unknown,0.6448298589924344,0.10841266311551696,0.1903684932562381,0.8096315067437618,False,False,outer-2-herbs,sentinel_initial,herbs,False
testing/mandarin_orange/mandarin_orange_6.csv#0:128,testing/mandarin_orange/mandarin_orange_6.csv,fruits,fruits,recognize,0.9219378904738795,0.1346548479707304,0.35233990191321807,0.6476600980867819,True,False,outer-2-herbs,sentinel_initial,herbs,False
testing/mandarin_orange/mandarin_orange_6.csv#128:256,testing/mandarin_orange/mandarin_orange_6.csv,fruits,fruits,recognize,0.8721033355617964,0.3380923584608997,0.39096163991371324,0.6090383600862868,False,False,outer-2-herbs,sentinel_initial,herbs,False
testing/mandarin_orange/mandarin_orange_6.csv#256:384,testing/mandarin_orange/mandarin_orange_6.csv,fruits,fruits,recognize,0.6292746455123512,0.36993475921143787,0.3473882966061206,0.6526117033938794,False,False,outer-2-herbs,sentinel_initial,herbs,False
testing/mandarin_orange/mandarin_orange_6.csv#384:512,testing/mandarin_orange/mandarin_orange_6.csv,fruits,vegetables,recognize,0.5668431050304042,0.3438138847627454,0.44146181034318266,0.5585381896568173,True,False,outer-2-herbs,sentinel_initial,herbs,False
testing/mango/mango_6.csv#0:128,testing/mango/mango_6.csv,fruits,fruits,recognize,0.7198002444250207,0.3797997081529167,0.5228574593146978,0.47714254068530215,True,False,outer-2-herbs,sentinel_initial,herbs,False
testing/mango/mango_6.csv#128:256,testing/mango/mango_6.csv,fruits,fruits,recognize,0.8395166377884846,0.4143429422653246,0.5897862271891177,0.41021377281088234,True,False,outer-2-herbs,sentinel_initial,herbs,False
testing/mango/mango_6.csv#256:384,testing/mango/mango_6.csv,fruits,fruits,recognize,0.6520643956346587,0.4997578505717913,0.5708540100557857,0.42914598994421427,True,False,outer-2-herbs,sentinel_initial,herbs,False
testing/mango/mango_6.csv#384:512,testing/mango/mango_6.csv,fruits,fruits,recognize,0.6956519115053501,0.42404867810500346,0.5431300705126375,0.4568699294873625,True,False,outer-2-herbs,sentinel_initial,herbs,False
testing/mustard/mustard_6.csv#0:128,testing/mustard/mustard_6.csv,spices,vegetables,recognize,0.7022348173453917,0.4047510637183705,0.5331325250822941,0.46686747491770586,True,False,outer-2-herbs,sentinel_initial,herbs,False
testing/mustard/mustard_6.csv#128:256,testing/mustard/mustard_6.csv,spices,vegetables,recognize,0.6030335655371386,0.4806583875032052,0.3876336781152642,0.6123663218847357,False,False,outer-2-herbs,sentinel_initial,herbs,False
testing/mustard/mustard_6.csv#256:384,testing/mustard/mustard_6.csv,spices,vegetables,recognize,0.4431334928599355,0.7368050595482654,0.4114111750910353,0.5885888249089647,False,False,outer-2-herbs,sentinel_initial,herbs,False
testing/mustard/mustard_6.csv#384:512,testing/mustard/mustard_6.csv,spices,fruits,recognize,0.3848904916973549,0.572271882741741,0.3379109706461863,0.6620890293538138,False,False,outer-2-herbs,sentinel_initial,herbs,False
testing/nutmeg/nutmeg_6.csv#0:128,testing/nutmeg/nutmeg_6.csv,spices,spices,abstain_unknown,0.9945749857724717,0.013846729773870699,0.11735250771859419,0.8826474922814058,True,False,outer-2-herbs,sentinel_initial,herbs,False
testing/nutmeg/nutmeg_6.csv#128:256,testing/nutmeg/nutmeg_6.csv,spices,spices,abstain_unknown,0.9999633267513924,0.05880803297760679,0.24249922947505065,0.7575007705249494,True,False,outer-2-herbs,sentinel_initial,herbs,False
testing/nutmeg/nutmeg_6.csv#256:384,testing/nutmeg/nutmeg_6.csv,spices,spices,abstain_unknown,0.999869904079749,0.041840371561013515,0.20453588511401036,0.7954641148859897,True,False,outer-2-herbs,sentinel_initial,herbs,False
testing/nutmeg/nutmeg_6.csv#384:512,testing/nutmeg/nutmeg_6.csv,spices,spices,recognize,0.9999892771852152,0.1571153388320928,0.3963756477300474,0.6036243522699526,True,False,outer-2-herbs,sentinel_initial,herbs,False
testing/peach/peach_6.csv#0:128,testing/peach/peach_6.csv,fruits,fruits,abstain_unknown,0.9570048506991795,0.0021744490086075836,0.0456175212921031,0.9543824787078969,True,False,outer-2-herbs,sentinel_initial,herbs,False
testing/peach/peach_6.csv#128:256,testing/peach/peach_6.csv,fruits,fruits,abstain_unknown,0.994628923084268,0.0024061700875836096,0.04892081727619505,0.951079182723805,True,False,outer-2-herbs,sentinel_initial,herbs,False
testing/peach/peach_6.csv#256:384,testing/peach/peach_6.csv,fruits,fruits,abstain_unknown,0.9999978391268305,0.0011143371151693172,0.03338165225431694,0.9666183477456831,True,False,outer-2-herbs,sentinel_initial,herbs,False
testing/peach/peach_6.csv#384:512,testing/peach/peach_6.csv,fruits,vegetables,abstain_unknown,0.9400046464418723,0.00040658696246591904,0.014075836735842652,0.9859241632641573,False,False,outer-2-herbs,sentinel_initial,herbs,False
testing/pear/pear_6.csv#0:128,testing/pear/pear_6.csv,fruits,vegetables,recognize,0.553638795481329,0.30264409030554534,0.40933544876580713,0.5906645512341928,True,False,outer-2-herbs,sentinel_initial,herbs,False
testing/pear/pear_6.csv#128:256,testing/pear/pear_6.csv,fruits,vegetables,recognize,0.661452741150841,0.5236436482683435,0.4237403555892151,0.5762596444107849,False,False,outer-2-herbs,sentinel_initial,herbs,False
testing/pear/pear_6.csv#256:384,testing/pear/pear_6.csv,fruits,fruits,recognize,0.560584275435117,0.5112198637614832,0.5353333698871856,0.4646666301128144,True,False,outer-2-herbs,sentinel_initial,herbs,False
testing/pear/pear_6.csv#384:512,testing/pear/pear_6.csv,fruits,vegetables,recognize,0.6267701753345384,0.3884769111110778,0.3552787757414738,0.6447212242585262,False,False,outer-2-herbs,sentinel_initial,herbs,False
testing/pineapple/pineapple_6.csv#0:128,testing/pineapple/pineapple_6.csv,fruits,fruits,abstain_unknown,0.7600352340475985,0.07245014553357886,0.23465861014971554,0.7653413898502844,True,False,outer-2-herbs,sentinel_initial,herbs,False
testing/pineapple/pineapple_6.csv#128:256,testing/pineapple/pineapple_6.csv,fruits,fruits,abstain_unknown,0.8230973677636334,0.07104521565503524,0.24182044991658416,0.7581795500834159,True,False,outer-2-herbs,sentinel_initial,herbs,False
testing/pineapple/pineapple_6.csv#256:384,testing/pineapple/pineapple_6.csv,fruits,fruits,abstain_unknown,0.6388002837354909,0.08385658166788289,0.2314467717695193,0.7685532282304807,True,False,outer-2-herbs,sentinel_initial,herbs,False
testing/pineapple/pineapple_6.csv#384:512,testing/pineapple/pineapple_6.csv,fruits,vegetables,abstain_unknown,0.5236818026216518,0.06276510597422812,0.13053451836884578,0.8694654816311542,False,False,outer-2-herbs,sentinel_initial,herbs,False
testing/potato/potato_6.csv#0:128,testing/potato/potato_6.csv,vegetables,vegetables,recognize,0.657319398166239,0.15520188809965157,0.3194013332469465,0.6805986667530535,True,False,outer-2-herbs,sentinel_initial,herbs,False
testing/potato/potato_6.csv#128:256,testing/potato/potato_6.csv,vegetables,vegetables,recognize,0.8241137550140792,0.28443241927306695,0.4841535594156736,0.5158464405843264,True,False,outer-2-herbs,sentinel_initial,herbs,False
testing/potato/potato_6.csv#256:384,testing/potato/potato_6.csv,vegetables,vegetables,recognize,0.7896842060047787,0.18735852562089517,0.3846479800326041,0.6153520199673959,True,False,outer-2-herbs,sentinel_initial,herbs,False
testing/potato/potato_6.csv#384:512,testing/potato/potato_6.csv,vegetables,vegetables,recognize,0.9117538961649172,0.22739995215451064,0.45533810774477335,0.5446618922552267,True,False,outer-2-herbs,sentinel_initial,herbs,False
testing/radish/radish_6.csv#0:128,testing/radish/radish_6.csv,vegetables,fruits,recognize,0.8263466010432645,0.5134614082067511,0.46899425493809366,0.5310057450619063,False,False,outer-2-herbs,sentinel_initial,herbs,False
testing/radish/radish_6.csv#128:256,testing/radish/radish_6.csv,vegetables,fruits,recognize,0.8019300389404566,0.640101232692229,0.5158519410724332,0.48414805892756685,False,False,outer-2-herbs,sentinel_initial,herbs,False
testing/radish/radish_6.csv#256:384,testing/radish/radish_6.csv,vegetables,fruits,recognize,0.6171893032662396,0.6614510158548285,0.4600346409303384,0.5399653590696616,False,False,outer-2-herbs,sentinel_initial,herbs,False
testing/radish/radish_6.csv#384:512,testing/radish/radish_6.csv,vegetables,fruits,recognize,0.8206669487225484,0.580175208978262,0.49681597460055477,0.5031840253994453,False,False,outer-2-herbs,sentinel_initial,herbs,False
testing/radish/radish_6.csv#512:640,testing/radish/radish_6.csv,vegetables,fruits,recognize,0.8594451696446681,0.5160574496034926,0.4795022063297918,0.5204977936702082,False,False,outer-2-herbs,sentinel_initial,herbs,False
testing/saffron/saffron_6.csv#0:128,testing/saffron/saffron_6.csv,spices,spices,recognize,0.6344713602744337,0.6212137910454522,0.6278075812108722,0.3721924187891278,True,False,outer-2-herbs,sentinel_initial,herbs,False
testing/saffron/saffron_6.csv#128:256,testing/saffron/saffron_6.csv,spices,spices,recognize,0.8643395531706172,0.6690721153258752,0.7604639986216879,0.2395360013783121,True,False,outer-2-herbs,sentinel_initial,herbs,False
testing/saffron/saffron_6.csv#256:384,testing/saffron/saffron_6.csv,spices,spices,recognize,0.7358850760339835,0.690539390130335,0.7128517599126218,0.28714824008737816,True,False,outer-2-herbs,sentinel_initial,herbs,False
testing/saffron/saffron_6.csv#384:512,testing/saffron/saffron_6.csv,spices,spices,recognize,0.986960979437367,0.47364186454319546,0.6837148810228522,0.31628511897714784,True,False,outer-2-herbs,sentinel_initial,herbs,False
testing/star_anise/star_anise_6.csv#0:128,testing/star_anise/star_anise_6.csv,spices,spices,recognize,0.9233195198010496,0.48480524454149976,0.6690516763203632,0.3309483236796368,True,False,outer-2-herbs,sentinel_initial,herbs,False
testing/star_anise/star_anise_6.csv#128:256,testing/star_anise/star_anise_6.csv,spices,spices,recognize,0.9506540887288422,0.4907235141987441,0.6830141398305178,0.31698586016948216,True,False,outer-2-herbs,sentinel_initial,herbs,False
testing/star_anise/star_anise_6.csv#256:384,testing/star_anise/star_anise_6.csv,spices,spices,recognize,0.9655809200533187,0.45358327648423435,0.6617940445700957,0.3382059554299043,True,False,outer-2-herbs,sentinel_initial,herbs,False
testing/star_anise/star_anise_6.csv#384:512,testing/star_anise/star_anise_6.csv,spices,spices,recognize,0.9346303206607393,0.41097096761407453,0.6197627991767469,0.3802372008232531,True,False,outer-2-herbs,sentinel_initial,herbs,False
testing/strawberry/strawberry_6.csv#0:128,testing/strawberry/strawberry_6.csv,fruits,spices,recognize,0.6138615962241148,0.551301807513389,0.41885377773136323,0.5811462222686368,False,False,outer-2-herbs,sentinel_initial,herbs,False
testing/strawberry/strawberry_6.csv#128:256,testing/strawberry/strawberry_6.csv,fruits,fruits,recognize,0.5345749871168268,0.5281173931378588,0.5313363799259778,0.4686636200740222,True,False,outer-2-herbs,sentinel_initial,herbs,False
testing/strawberry/strawberry_6.csv#256:384,testing/strawberry/strawberry_6.csv,fruits,spices,recognize,0.48580070000309056,0.6246126650267264,0.3966130112799681,0.6033869887200318,False,False,outer-2-herbs,sentinel_initial,herbs,False
testing/strawberry/strawberry_6.csv#384:512,testing/strawberry/strawberry_6.csv,fruits,spices,recognize,0.6172834503501334,0.5489415233191787,0.4191194878557557,0.5808805121442443,False,False,outer-2-herbs,sentinel_initial,herbs,False
testing/strawberry/strawberry_6.csv#512:640,testing/strawberry/strawberry_6.csv,fruits,fruits,recognize,0.5047065994543215,0.7013003138562128,0.5949377249785204,0.4050622750214796,True,False,outer-2-herbs,sentinel_initial,herbs,False
testing/sweet_potato/sweet_potato_6.csv#0:128,testing/sweet_potato/sweet_potato_6.csv,vegetables,vegetables,abstain_unknown,0.9999156889437596,1.9489407031647634e-05,0.003178436216850372,0.9968215637831497,False,False,outer-2-herbs,sentinel_initial,herbs,False
testing/sweet_potato/sweet_potato_6.csv#128:256,testing/sweet_potato/sweet_potato_6.csv,vegetables,vegetables,abstain_unknown,0.999510307985926,1.9986556565203102e-05,0.00446953793003978,0.9955304620699602,True,False,outer-2-herbs,sentinel_initial,herbs,False
testing/sweet_potato/sweet_potato_6.csv#256:384,testing/sweet_potato/sweet_potato_6.csv,vegetables,vegetables,abstain_unknown,0.6438259160268172,0.011960131023301356,0.08775102456312261,0.9122489754368774,True,False,outer-2-herbs,sentinel_initial,herbs,False
testing/sweet_potato/sweet_potato_6.csv#384:512,testing/sweet_potato/sweet_potato_6.csv,vegetables,vegetables,abstain_unknown,0.9335491103872728,0.03982449851068897,0.1928162989901864,0.8071837010098136,True,False,outer-2-herbs,sentinel_initial,herbs,False
testing/tomato/tomato_6.csv#0:128,testing/tomato/tomato_6.csv,vegetables,vegetables,recognize,0.9445938350989869,0.4420819859054822,0.6462104289584281,0.35378957104157194,True,False,outer-2-herbs,sentinel_initial,herbs,False
testing/tomato/tomato_6.csv#128:256,testing/tomato/tomato_6.csv,vegetables,vegetables,recognize,0.9228433694767229,0.375469636193913,0.5886422208790242,0.4113577791209758,True,False,outer-2-herbs,sentinel_initial,herbs,False
testing/tomato/tomato_6.csv#256:384,testing/tomato/tomato_6.csv,vegetables,vegetables,recognize,0.9589878710344564,0.5227761087028733,0.708050808567186,0.29194919143281395,True,False,outer-2-herbs,sentinel_initial,herbs,False
testing/tomato/tomato_6.csv#384:512,testing/tomato/tomato_6.csv,vegetables,vegetables,recognize,0.9586231789244429,0.5180150898427617,0.704685229131347,0.295314770868653,True,False,outer-2-herbs,sentinel_initial,herbs,False
testing/angelica/angelica_6.csv#0:128,testing/angelica/angelica_6.csv,herbs,spices,recognize,0.8305363178141731,0.11441756401457989,0.30826602522810814,0.6917339747718918,True,False,outer-2-herbs,sentinel_initial,herbs,True
testing/angelica/angelica_6.csv#128:256,testing/angelica/angelica_6.csv,herbs,fruits,abstain_unknown,0.6126591304881964,0.11213350434015805,0.18871640245284008,0.81128359754716,False,False,outer-2-herbs,sentinel_initial,herbs,True
testing/angelica/angelica_6.csv#256:384,testing/angelica/angelica_6.csv,herbs,spices,recognize,0.7377723402474226,0.12358814526168467,0.30196012179847775,0.6980398782015222,True,False,outer-2-herbs,sentinel_initial,herbs,True
testing/angelica/angelica_6.csv#384:512,testing/angelica/angelica_6.csv,herbs,spices,recognize,0.8290744829625972,0.11913431372285394,0.3142788881755804,0.6857211118244195,True,False,outer-2-herbs,sentinel_initial,herbs,True
testing/angelica/angelica_6.csv#512:640,testing/angelica/angelica_6.csv,herbs,spices,abstain_unknown,0.7745468210735753,0.09334950367980384,0.2688932154666385,0.7311067845333614,True,False,outer-2-herbs,sentinel_initial,herbs,True
testing/chamomile/chamomile_6.csv#0:128,testing/chamomile/chamomile_6.csv,herbs,fruits,recognize,0.6704683724709585,0.596447050677028,0.6323755872363592,0.3676244127636408,True,False,outer-2-herbs,sentinel_initial,herbs,True
testing/chamomile/chamomile_6.csv#128:256,testing/chamomile/chamomile_6.csv,herbs,vegetables,recognize,0.4327645647019975,0.4373734185735822,0.31324527984516043,0.6867547201548396,False,False,outer-2-herbs,sentinel_initial,herbs,True
testing/chamomile/chamomile_6.csv#256:384,testing/chamomile/chamomile_6.csv,herbs,fruits,recognize,0.4687519095054683,0.5771135326665755,0.520118323498513,0.47988167650148705,True,False,outer-2-herbs,sentinel_initial,herbs,True
testing/chamomile/chamomile_6.csv#384:512,testing/chamomile/chamomile_6.csv,herbs,spices,recognize,0.43255823812434113,0.46705643934764113,0.3236230691526558,0.6763769308473442,False,False,outer-2-herbs,sentinel_initial,herbs,True
testing/chives/chives_6.csv#0:128,testing/chives/chives_6.csv,herbs,vegetables,recognize,0.8760260170972524,0.1451099356049684,0.3565390286199524,0.6434609713800477,True,False,outer-2-herbs,sentinel_initial,herbs,True
testing/chives/chives_6.csv#128:256,testing/chives/chives_6.csv,herbs,vegetables,recognize,0.8442547167733941,0.3051284511523987,0.5075491445241267,0.4924508554758733,True,False,outer-2-herbs,sentinel_initial,herbs,True
testing/chives/chives_6.csv#256:384,testing/chives/chives_6.csv,herbs,vegetables,recognize,0.89923486507978,0.1437200273232466,0.35949695322670255,0.6405030467732975,True,False,outer-2-herbs,sentinel_initial,herbs,True
testing/chives/chives_6.csv#384:512,testing/chives/chives_6.csv,herbs,vegetables,recognize,0.528068725589404,0.22644400776577736,0.34580051850486165,0.6541994814951384,True,False,outer-2-herbs,sentinel_initial,herbs,True
testing/coriander/coriander_6.csv#0:128,testing/coriander/coriander_6.csv,herbs,fruits,abstain_unknown,0.6400938132401106,0.06759299363994466,0.1497632140858489,0.8502367859141511,False,False,outer-2-herbs,sentinel_initial,herbs,True
testing/coriander/coriander_6.csv#128:256,testing/coriander/coriander_6.csv,herbs,spices,abstain_unknown,0.5805486898665049,0.14227072823902137,0.2873936062015253,0.7126063937984747,True,False,outer-2-herbs,sentinel_initial,herbs,True
testing/coriander/coriander_6.csv#256:384,testing/coriander/coriander_6.csv,herbs,fruits,abstain_unknown,0.7392634262591924,0.10523423305197747,0.2008216943587013,0.7991783056412987,False,False,outer-2-herbs,sentinel_initial,herbs,True
testing/coriander/coriander_6.csv#384:512,testing/coriander/coriander_6.csv,herbs,fruits,abstain_unknown,0.7387334328498308,0.11801176724033846,0.21258813923401185,0.7874118607659881,False,False,outer-2-herbs,sentinel_initial,herbs,True
testing/dill/dill_6.csv#0:128,testing/dill/dill_6.csv,herbs,fruits,abstain_unknown,0.9506421124014626,0.0063204994065941345,0.05581060346522916,0.9441893965347709,False,False,outer-2-herbs,sentinel_initial,herbs,True
testing/dill/dill_6.csv#128:256,testing/dill/dill_6.csv,herbs,fruits,abstain_unknown,0.9196490582749305,0.04297201099446968,0.14313188826874915,0.8568681117312509,False,False,outer-2-herbs,sentinel_initial,herbs,True
testing/dill/dill_6.csv#256:384,testing/dill/dill_6.csv,herbs,fruits,abstain_unknown,0.8685147644120884,0.022846061935067746,0.10142073981324734,0.8985792601867526,False,False,outer-2-herbs,sentinel_initial,herbs,True
testing/dill/dill_6.csv#384:512,testing/dill/dill_6.csv,herbs,fruits,abstain_unknown,0.7433381435192383,0.02375837300011934,0.09568283926204199,0.904317160737958,False,False,outer-2-herbs,sentinel_initial,herbs,True
testing/garlic/garlic_6.csv#0:128,testing/garlic/garlic_6.csv,herbs,vegetables,recognize,0.6847937144617758,0.12573014070609756,0.29342666898891495,0.7065733310110851,True,False,outer-2-herbs,sentinel_initial,herbs,True
testing/garlic/garlic_6.csv#128:256,testing/garlic/garlic_6.csv,herbs,fruits,recognize,0.564337313384111,0.3523681908627162,0.44593106883629996,0.5540689311637,True,False,outer-2-herbs,sentinel_initial,herbs,True
testing/garlic/garlic_6.csv#256:384,testing/garlic/garlic_6.csv,herbs,fruits,recognize,0.7676431994288996,0.34703248777517665,0.5161367350048891,0.4838632649951109,True,False,outer-2-herbs,sentinel_initial,herbs,True
testing/garlic/garlic_6.csv#384:512,testing/garlic/garlic_6.csv,herbs,fruits,recognize,0.7541595049871286,0.26153494224093116,0.4441160462956252,0.5558839537043748,True,False,outer-2-herbs,sentinel_initial,herbs,True
testing/mint/mint_6.csv#0:128,testing/mint/mint_6.csv,herbs,vegetables,abstain_unknown,0.9686720422750275,0.043842647092028265,0.20608043695940262,0.7939195630405974,True,False,outer-2-herbs,sentinel_initial,herbs,True
testing/mint/mint_6.csv#128:256,testing/mint/mint_6.csv,herbs,vegetables,recognize,0.778132459059037,0.21562175518908624,0.4096123613758615,0.5903876386241385,True,False,outer-2-herbs,sentinel_initial,herbs,True
testing/mint/mint_6.csv#256:384,testing/mint/mint_6.csv,herbs,vegetables,abstain_unknown,0.9995917542358186,0.027696813115461866,0.1663896210970689,0.8336103789029311,True,False,outer-2-herbs,sentinel_initial,herbs,True
testing/mint/mint_6.csv#384:512,testing/mint/mint_6.csv,herbs,vegetables,recognize,0.8479888866187015,0.25612622508730337,0.46603883147827213,0.5339611685217278,True,False,outer-2-herbs,sentinel_initial,herbs,True
testing/mugwort/mugwort_6.csv#0:128,testing/mugwort/mugwort_6.csv,herbs,fruits,recognize,0.7504468663250456,0.3146812928044362,0.3498871022137051,0.6501128977862949,False,False,outer-2-herbs,sentinel_initial,herbs,True
testing/mugwort/mugwort_6.csv#128:256,testing/mugwort/mugwort_6.csv,herbs,spices,recognize,0.558610906926925,0.3224075282367975,0.4243823296844788,0.5756176703155211,True,False,outer-2-herbs,sentinel_initial,herbs,True
testing/mugwort/mugwort_6.csv#256:384,testing/mugwort/mugwort_6.csv,herbs,fruits,recognize,0.7497466622892839,0.28948984408074707,0.33543349951880247,0.6645665004811976,False,False,outer-2-herbs,sentinel_initial,herbs,True
testing/mugwort/mugwort_6.csv#384:512,testing/mugwort/mugwort_6.csv,herbs,fruits,recognize,0.783607844217602,0.2847084891269945,0.3400807832220163,0.6599192167779837,False,False,outer-2-herbs,sentinel_initial,herbs,True
testing/oregano/oregano_6.csv#0:128,testing/oregano/oregano_6.csv,herbs,spices,abstain_unknown,0.9200163397048978,0.008060508474220844,0.08611503644900217,0.9138849635509978,True,False,outer-2-herbs,sentinel_initial,herbs,True
testing/oregano/oregano_6.csv#128:256,testing/oregano/oregano_6.csv,herbs,spices,abstain_unknown,0.9844225108953462,0.023503649600907783,0.1521102289635054,0.8478897710364945,True,False,outer-2-herbs,sentinel_initial,herbs,True
testing/oregano/oregano_6.csv#256:384,testing/oregano/oregano_6.csv,herbs,spices,abstain_unknown,0.9690038598508033,0.02532331836835179,0.15664735313168757,0.8433526468683125,True,False,outer-2-herbs,sentinel_initial,herbs,True
testing/oregano/oregano_6.csv#384:512,testing/oregano/oregano_6.csv,herbs,spices,abstain_unknown,0.9899534193930158,0.030690439488126452,0.1743046342296877,0.8256953657703123,True,False,outer-2-herbs,sentinel_initial,herbs,True
testing/turnip/turnip_6.csv#0:128,testing/turnip/turnip_6.csv,herbs,fruits,abstain_unknown,0.587736745212014,0.11953037484263525,0.26505168074166674,0.7349483192583333,True,False,outer-2-herbs,sentinel_initial,herbs,True
testing/turnip/turnip_6.csv#128:256,testing/turnip/turnip_6.csv,herbs,fruits,recognize,0.6879482269758256,0.20507436096380158,0.37560689959483934,0.6243931004051606,True,False,outer-2-herbs,sentinel_initial,herbs,True
testing/turnip/turnip_6.csv#256:384,testing/turnip/turnip_6.csv,herbs,fruits,recognize,0.5745929200930663,0.20208289861974993,0.3407571023746874,0.6592428976253126,True,False,outer-2-herbs,sentinel_initial,herbs,True
testing/turnip/turnip_6.csv#384:512,testing/turnip/turnip_6.csv,herbs,vegetables,abstain_unknown,0.7457195514506448,0.04989174259664001,0.192886619313672,0.807113380686328,True,False,outer-2-herbs,sentinel_initial,herbs,True
testing/allspice/allspice_6.csv#0:128,testing/allspice/allspice_6.csv,spices,fruits,abstain_unknown,0.5325921114521541,0.2775698588512734,0.2768318235265553,0.7231681764734448,False,False,outer-2-herbs,sentinel_pair_initial,herbs,False
testing/allspice/allspice_6.csv#256:384,testing/allspice/allspice_6.csv,spices,spices,abstain_unknown,0.8310161777054097,0.043881781284627795,0.19096195996599996,0.809038040034,True,False,outer-2-herbs,sentinel_pair_initial,herbs,False
testing/angelica/angelica_6.csv#0:128,testing/angelica/angelica_6.csv,herbs,spices,recognize,0.8305363178141731,0.11441756401457989,0.30826602522810814,0.6917339747718918,True,False,outer-2-herbs,sentinel_pair_initial,herbs,True
testing/angelica/angelica_6.csv#256:384,testing/angelica/angelica_6.csv,herbs,spices,recognize,0.7377723402474226,0.12358814526168467,0.30196012179847775,0.6980398782015222,True,False,outer-2-herbs,sentinel_pair_initial,herbs,True
testing/apple/apple_6.csv#0:128,testing/apple/apple_6.csv,fruits,vegetables,recognize,0.616530999455331,0.38985820598090415,0.352990725949299,0.647009274050701,False,False,outer-2-herbs,sentinel_pair_initial,herbs,False
testing/apple/apple_6.csv#256:384,testing/apple/apple_6.csv,fruits,vegetables,recognize,0.5192509813999387,0.4787283636232327,0.358976268706116,0.641023731293884,False,False,outer-2-herbs,sentinel_pair_initial,herbs,False
testing/asparagus/asparagus_6.csv#0:128,testing/asparagus/asparagus_6.csv,vegetables,vegetables,recognize,0.9255819772147819,0.20613973812420391,0.43680570783305706,0.563194292166943,True,False,outer-2-herbs,sentinel_pair_initial,herbs,False
testing/asparagus/asparagus_6.csv#256:384,testing/asparagus/asparagus_6.csv,vegetables,vegetables,abstain_unknown,0.9259149541306183,0.05580166761576825,0.22730507805780772,0.7726949219421922,True,False,outer-2-herbs,sentinel_pair_initial,herbs,False
testing/avocado/avocado_6.csv#0:128,testing/avocado/avocado_6.csv,vegetables,vegetables,recognize,0.9163414627460018,0.24480560418749367,0.4736301567991492,0.5263698432008508,True,False,outer-2-herbs,sentinel_pair_initial,herbs,False
testing/avocado/avocado_6.csv#256:384,testing/avocado/avocado_6.csv,vegetables,vegetables,recognize,0.8466273058073083,0.3589555388812601,0.5512726737175095,0.44872732628249046,True,False,outer-2-herbs,sentinel_pair_initial,herbs,False
testing/banana/banana_6.csv#0:128,testing/banana/banana_6.csv,fruits,fruits,abstain_unknown,0.7678802936964763,0.10168826863221078,0.2794358917225706,0.7205641082774294,True,False,outer-2-herbs,sentinel_pair_initial,herbs,False
testing/banana/banana_6.csv#256:384,testing/banana/banana_6.csv,fruits,fruits,abstain_unknown,0.5241083154291789,0.045176405235687764,0.11078956488804897,0.889210435111951,False,False,outer-2-herbs,sentinel_pair_initial,herbs,False
testing/broccoli/broccoli_6.csv#0:128,testing/broccoli/broccoli_6.csv,vegetables,vegetables,recognize,0.7348706758445644,0.18733659017629176,0.3710366109068857,0.6289633890931143,True,False,outer-2-herbs,sentinel_pair_initial,herbs,False
testing/broccoli/broccoli_6.csv#256:384,testing/broccoli/broccoli_6.csv,vegetables,vegetables,recognize,0.8151316239567136,0.2633710472582756,0.46333796461634624,0.5366620353836538,True,False,outer-2-herbs,sentinel_pair_initial,herbs,False
testing/brussel_sprouts/brussel_sprouts_6.csv#0:128,testing/brussel_sprouts/brussel_sprouts_6.csv,vegetables,vegetables,recognize,0.747113227410555,0.1373121085090147,0.32029313534747866,0.6797068646525213,True,False,outer-2-herbs,sentinel_pair_initial,herbs,False
testing/brussel_sprouts/brussel_sprouts_6.csv#256:384,testing/brussel_sprouts/brussel_sprouts_6.csv,vegetables,spices,recognize,0.49935147352675746,0.4020258315929869,0.3225987229092541,0.6774012770907458,False,False,outer-2-herbs,sentinel_pair_initial,herbs,False
testing/cabbage/cabbage_6.csv#0:128,testing/cabbage/cabbage_6.csv,vegetables,vegetables,recognize,0.9078446256400724,0.36781306832237287,0.5778556197846059,0.42214438021539413,True,False,outer-2-herbs,sentinel_pair_initial,herbs,False
testing/cabbage/cabbage_6.csv#256:384,testing/cabbage/cabbage_6.csv,vegetables,vegetables,recognize,0.8552243023973146,0.6722684369863039,0.7582481816960359,0.24175181830396408,True,False,outer-2-herbs,sentinel_pair_initial,herbs,False
testing/cauliflower/cauliflower_6.csv#0:128,testing/cauliflower/cauliflower_6.csv,vegetables,vegetables,recognize,0.6371300998422502,0.6552215772275761,0.6461125203227394,0.35388747967726064,True,False,outer-2-herbs,sentinel_pair_initial,herbs,False
testing/cauliflower/cauliflower_6.csv#256:384,testing/cauliflower/cauliflower_6.csv,vegetables,vegetables,recognize,0.7688961102757975,0.6230610211988395,0.6921482468837539,0.30785175311624613,True,False,outer-2-herbs,sentinel_pair_initial,herbs,False
testing/chamomile/chamomile_6.csv#0:128,testing/chamomile/chamomile_6.csv,herbs,fruits,recognize,0.6704683724709585,0.596447050677028,0.6323755872363592,0.3676244127636408,True,False,outer-2-herbs,sentinel_pair_initial,herbs,True
testing/chamomile/chamomile_6.csv#256:384,testing/chamomile/chamomile_6.csv,herbs,fruits,recognize,0.4687519095054683,0.5771135326665755,0.520118323498513,0.47988167650148705,True,False,outer-2-herbs,sentinel_pair_initial,herbs,True
testing/chervil/chervil_6.csv#0:128,testing/chervil/chervil_6.csv,spices,spices,recognize,0.927732369022772,0.14284790427868022,0.36403931744579204,0.6359606825542079,True,False,outer-2-herbs,sentinel_pair_initial,herbs,False
testing/chervil/chervil_6.csv#256:384,testing/chervil/chervil_6.csv,spices,spices,recognize,0.7099673964566211,0.21244937238037329,0.3883711212071989,0.611628878792801,True,False,outer-2-herbs,sentinel_pair_initial,herbs,False
testing/chives/chives_6.csv#0:128,testing/chives/chives_6.csv,herbs,vegetables,recognize,0.8760260170972524,0.1451099356049684,0.3565390286199524,0.6434609713800477,True,False,outer-2-herbs,sentinel_pair_initial,herbs,True
testing/chives/chives_6.csv#256:384,testing/chives/chives_6.csv,herbs,vegetables,recognize,0.89923486507978,0.1437200273232466,0.35949695322670255,0.6405030467732975,True,False,outer-2-herbs,sentinel_pair_initial,herbs,True
testing/cinnamon/cinnamon_6.csv#0:128,testing/cinnamon/cinnamon_6.csv,spices,spices,recognize,0.6923610715578926,0.17961494002340547,0.3526448529929391,0.6473551470070609,True,False,outer-2-herbs,sentinel_pair_initial,herbs,False
testing/cinnamon/cinnamon_6.csv#256:384,testing/cinnamon/cinnamon_6.csv,spices,spices,recognize,0.9259047338998876,0.2550079679245216,0.48591468868877097,0.514085311311229,True,False,outer-2-herbs,sentinel_pair_initial,herbs,False
testing/cloves/cloves_6.csv#0:128,testing/cloves/cloves_6.csv,spices,spices,abstain_unknown,0.8281715264200509,0.09679106360959898,0.283124712615098,0.716875287384902,True,False,outer-2-herbs,sentinel_pair_initial,herbs,False
testing/cloves/cloves_6.csv#256:384,testing/cloves/cloves_6.csv,spices,spices,recognize,0.9892776164355057,0.15429852994051316,0.3906969182359305,0.6093030817640694,True,False,outer-2-herbs,sentinel_pair_initial,herbs,False
testing/coriander/coriander_6.csv#0:128,testing/coriander/coriander_6.csv,herbs,fruits,abstain_unknown,0.6400938132401106,0.06759299363994466,0.1497632140858489,0.8502367859141511,False,False,outer-2-herbs,sentinel_pair_initial,herbs,True
testing/coriander/coriander_6.csv#256:384,testing/coriander/coriander_6.csv,herbs,fruits,abstain_unknown,0.7392634262591924,0.10523423305197747,0.2008216943587013,0.7991783056412987,False,False,outer-2-herbs,sentinel_pair_initial,herbs,True
testing/cumin/cumin_6.csv#0:128,testing/cumin/cumin_6.csv,spices,spices,abstain_unknown,0.999999673534381,0.0006923353992586112,0.026312262791993137,0.9736877372080068,True,False,outer-2-herbs,sentinel_pair_initial,herbs,False
testing/cumin/cumin_6.csv#256:384,testing/cumin/cumin_6.csv,spices,spices,recognize,0.9921799350270629,0.11623321413551921,0.33959426209664695,0.660405737903353,True,False,outer-2-herbs,sentinel_pair_initial,herbs,False
testing/dill/dill_6.csv#0:128,testing/dill/dill_6.csv,herbs,fruits,abstain_unknown,0.9506421124014626,0.0063204994065941345,0.05581060346522916,0.9441893965347709,False,False,outer-2-herbs,sentinel_pair_initial,herbs,True
testing/dill/dill_6.csv#256:384,testing/dill/dill_6.csv,herbs,fruits,abstain_unknown,0.8685147644120884,0.022846061935067746,0.10142073981324734,0.8985792601867526,False,False,outer-2-herbs,sentinel_pair_initial,herbs,True
testing/garlic/garlic_6.csv#0:128,testing/garlic/garlic_6.csv,herbs,vegetables,recognize,0.6847937144617758,0.12573014070609756,0.29342666898891495,0.7065733310110851,True,False,outer-2-herbs,sentinel_pair_initial,herbs,True
testing/garlic/garlic_6.csv#256:384,testing/garlic/garlic_6.csv,herbs,fruits,recognize,0.7676431994288996,0.34703248777517665,0.5161367350048891,0.4838632649951109,True,False,outer-2-herbs,sentinel_pair_initial,herbs,True
testing/ginger/ginger_6.csv#0:128,testing/ginger/ginger_6.csv,spices,spices,recognize,0.9718312103886664,0.304108822079483,0.5436381559929137,0.45636184400708635,True,False,outer-2-herbs,sentinel_pair_initial,herbs,False
testing/ginger/ginger_6.csv#256:384,testing/ginger/ginger_6.csv,spices,spices,recognize,0.9820478363936997,0.353806191999787,0.5894528016356226,0.41054719836437736,True,False,outer-2-herbs,sentinel_pair_initial,herbs,False
testing/kiwi/kiwi_6.csv#0:128,testing/kiwi/kiwi_6.csv,fruits,vegetables,recognize,0.5598539193311287,0.5391608210183211,0.39557516769422096,0.604424832305779,False,False,outer-2-herbs,sentinel_pair_initial,herbs,False
testing/kiwi/kiwi_6.csv#256:384,testing/kiwi/kiwi_6.csv,fruits,vegetables,recognize,0.5591303137195905,0.7434320446822853,0.46420482914964767,0.5357951708503523,False,False,outer-2-herbs,sentinel_pair_initial,herbs,False
testing/lemon/lemon_6.csv#0:128,testing/lemon/lemon_6.csv,fruits,fruits,abstain_unknown,0.9991161787447626,0.005842440524636664,0.0764020736074521,0.9235979263925479,True,False,outer-2-herbs,sentinel_pair_initial,herbs,False
testing/lemon/lemon_6.csv#256:384,testing/lemon/lemon_6.csv,fruits,fruits,abstain_unknown,0.6799589923752856,0.08013437707268949,0.23342684140639683,0.7665731585936032,True,False,outer-2-herbs,sentinel_pair_initial,herbs,False
testing/mandarin_orange/mandarin_orange_6.csv#0:128,testing/mandarin_orange/mandarin_orange_6.csv,fruits,fruits,recognize,0.9219378904738795,0.1346548479707304,0.35233990191321807,0.6476600980867819,True,False,outer-2-herbs,sentinel_pair_initial,herbs,False
testing/mandarin_orange/mandarin_orange_6.csv#256:384,testing/mandarin_orange/mandarin_orange_6.csv,fruits,fruits,recognize,0.6292746455123512,0.36993475921143787,0.3473882966061206,0.6526117033938794,False,False,outer-2-herbs,sentinel_pair_initial,herbs,False
testing/mango/mango_6.csv#0:128,testing/mango/mango_6.csv,fruits,fruits,recognize,0.7198002444250207,0.3797997081529167,0.5228574593146978,0.47714254068530215,True,False,outer-2-herbs,sentinel_pair_initial,herbs,False
testing/mango/mango_6.csv#256:384,testing/mango/mango_6.csv,fruits,fruits,recognize,0.6520643956346587,0.4997578505717913,0.5708540100557857,0.42914598994421427,True,False,outer-2-herbs,sentinel_pair_initial,herbs,False
testing/mint/mint_6.csv#0:128,testing/mint/mint_6.csv,herbs,vegetables,abstain_unknown,0.9686720422750275,0.043842647092028265,0.20608043695940262,0.7939195630405974,True,False,outer-2-herbs,sentinel_pair_initial,herbs,True
testing/mint/mint_6.csv#256:384,testing/mint/mint_6.csv,herbs,vegetables,abstain_unknown,0.9995917542358186,0.027696813115461866,0.1663896210970689,0.8336103789029311,True,False,outer-2-herbs,sentinel_pair_initial,herbs,True
testing/mugwort/mugwort_6.csv#0:128,testing/mugwort/mugwort_6.csv,herbs,fruits,recognize,0.7504468663250456,0.3146812928044362,0.3498871022137051,0.6501128977862949,False,False,outer-2-herbs,sentinel_pair_initial,herbs,True
testing/mugwort/mugwort_6.csv#256:384,testing/mugwort/mugwort_6.csv,herbs,fruits,recognize,0.7497466622892839,0.28948984408074707,0.33543349951880247,0.6645665004811976,False,False,outer-2-herbs,sentinel_pair_initial,herbs,True
testing/mustard/mustard_6.csv#0:128,testing/mustard/mustard_6.csv,spices,vegetables,recognize,0.7022348173453917,0.4047510637183705,0.5331325250822941,0.46686747491770586,True,False,outer-2-herbs,sentinel_pair_initial,herbs,False
testing/mustard/mustard_6.csv#256:384,testing/mustard/mustard_6.csv,spices,vegetables,recognize,0.4431334928599355,0.7368050595482654,0.4114111750910353,0.5885888249089647,False,False,outer-2-herbs,sentinel_pair_initial,herbs,False
testing/nutmeg/nutmeg_6.csv#0:128,testing/nutmeg/nutmeg_6.csv,spices,spices,abstain_unknown,0.9945749857724717,0.013846729773870699,0.11735250771859419,0.8826474922814058,True,False,outer-2-herbs,sentinel_pair_initial,herbs,False
testing/nutmeg/nutmeg_6.csv#256:384,testing/nutmeg/nutmeg_6.csv,spices,spices,abstain_unknown,0.999869904079749,0.041840371561013515,0.20453588511401036,0.7954641148859897,True,False,outer-2-herbs,sentinel_pair_initial,herbs,False
testing/oregano/oregano_6.csv#0:128,testing/oregano/oregano_6.csv,herbs,spices,abstain_unknown,0.9200163397048978,0.008060508474220844,0.08611503644900217,0.9138849635509978,True,False,outer-2-herbs,sentinel_pair_initial,herbs,True
testing/oregano/oregano_6.csv#256:384,testing/oregano/oregano_6.csv,herbs,spices,abstain_unknown,0.9690038598508033,0.02532331836835179,0.15664735313168757,0.8433526468683125,True,False,outer-2-herbs,sentinel_pair_initial,herbs,True
testing/peach/peach_6.csv#0:128,testing/peach/peach_6.csv,fruits,fruits,abstain_unknown,0.9570048506991795,0.0021744490086075836,0.0456175212921031,0.9543824787078969,True,False,outer-2-herbs,sentinel_pair_initial,herbs,False
testing/peach/peach_6.csv#256:384,testing/peach/peach_6.csv,fruits,fruits,abstain_unknown,0.9999978391268305,0.0011143371151693172,0.03338165225431694,0.9666183477456831,True,False,outer-2-herbs,sentinel_pair_initial,herbs,False
testing/pear/pear_6.csv#0:128,testing/pear/pear_6.csv,fruits,vegetables,recognize,0.553638795481329,0.30264409030554534,0.40933544876580713,0.5906645512341928,True,False,outer-2-herbs,sentinel_pair_initial,herbs,False
testing/pear/pear_6.csv#256:384,testing/pear/pear_6.csv,fruits,fruits,recognize,0.560584275435117,0.5112198637614832,0.5353333698871856,0.4646666301128144,True,False,outer-2-herbs,sentinel_pair_initial,herbs,False
testing/pineapple/pineapple_6.csv#0:128,testing/pineapple/pineapple_6.csv,fruits,fruits,abstain_unknown,0.7600352340475985,0.07245014553357886,0.23465861014971554,0.7653413898502844,True,False,outer-2-herbs,sentinel_pair_initial,herbs,False
testing/pineapple/pineapple_6.csv#256:384,testing/pineapple/pineapple_6.csv,fruits,fruits,abstain_unknown,0.6388002837354909,0.08385658166788289,0.2314467717695193,0.7685532282304807,True,False,outer-2-herbs,sentinel_pair_initial,herbs,False
testing/potato/potato_6.csv#0:128,testing/potato/potato_6.csv,vegetables,vegetables,recognize,0.657319398166239,0.15520188809965157,0.3194013332469465,0.6805986667530535,True,False,outer-2-herbs,sentinel_pair_initial,herbs,False
testing/potato/potato_6.csv#256:384,testing/potato/potato_6.csv,vegetables,vegetables,recognize,0.7896842060047787,0.18735852562089517,0.3846479800326041,0.6153520199673959,True,False,outer-2-herbs,sentinel_pair_initial,herbs,False
testing/radish/radish_6.csv#0:128,testing/radish/radish_6.csv,vegetables,fruits,recognize,0.8263466010432645,0.5134614082067511,0.46899425493809366,0.5310057450619063,False,False,outer-2-herbs,sentinel_pair_initial,herbs,False
testing/radish/radish_6.csv#256:384,testing/radish/radish_6.csv,vegetables,fruits,recognize,0.6171893032662396,0.6614510158548285,0.4600346409303384,0.5399653590696616,False,False,outer-2-herbs,sentinel_pair_initial,herbs,False
testing/saffron/saffron_6.csv#0:128,testing/saffron/saffron_6.csv,spices,spices,recognize,0.6344713602744337,0.6212137910454522,0.6278075812108722,0.3721924187891278,True,False,outer-2-herbs,sentinel_pair_initial,herbs,False
testing/saffron/saffron_6.csv#256:384,testing/saffron/saffron_6.csv,spices,spices,recognize,0.7358850760339835,0.690539390130335,0.7128517599126218,0.28714824008737816,True,False,outer-2-herbs,sentinel_pair_initial,herbs,False
testing/star_anise/star_anise_6.csv#0:128,testing/star_anise/star_anise_6.csv,spices,spices,recognize,0.9233195198010496,0.48480524454149976,0.6690516763203632,0.3309483236796368,True,False,outer-2-herbs,sentinel_pair_initial,herbs,False
testing/star_anise/star_anise_6.csv#256:384,testing/star_anise/star_anise_6.csv,spices,spices,recognize,0.9655809200533187,0.45358327648423435,0.6617940445700957,0.3382059554299043,True,False,outer-2-herbs,sentinel_pair_initial,herbs,False
testing/strawberry/strawberry_6.csv#0:128,testing/strawberry/strawberry_6.csv,fruits,spices,recognize,0.6138615962241148,0.551301807513389,0.41885377773136323,0.5811462222686368,False,False,outer-2-herbs,sentinel_pair_initial,herbs,False
testing/strawberry/strawberry_6.csv#256:384,testing/strawberry/strawberry_6.csv,fruits,spices,recognize,0.48580070000309056,0.6246126650267264,0.3966130112799681,0.6033869887200318,False,False,outer-2-herbs,sentinel_pair_initial,herbs,False
testing/sweet_potato/sweet_potato_6.csv#0:128,testing/sweet_potato/sweet_potato_6.csv,vegetables,vegetables,abstain_unknown,0.9999156889437596,1.9489407031647634e-05,0.003178436216850372,0.9968215637831497,False,False,outer-2-herbs,sentinel_pair_initial,herbs,False
testing/sweet_potato/sweet_potato_6.csv#256:384,testing/sweet_potato/sweet_potato_6.csv,vegetables,vegetables,abstain_unknown,0.6438259160268172,0.011960131023301356,0.08775102456312261,0.9122489754368774,True,False,outer-2-herbs,sentinel_pair_initial,herbs,False
testing/tomato/tomato_6.csv#0:128,testing/tomato/tomato_6.csv,vegetables,vegetables,recognize,0.9445938350989869,0.4420819859054822,0.6462104289584281,0.35378957104157194,True,False,outer-2-herbs,sentinel_pair_initial,herbs,False
testing/tomato/tomato_6.csv#256:384,testing/tomato/tomato_6.csv,vegetables,vegetables,recognize,0.9589878710344564,0.5227761087028733,0.708050808567186,0.29194919143281395,True,False,outer-2-herbs,sentinel_pair_initial,herbs,False
testing/turnip/turnip_6.csv#0:128,testing/turnip/turnip_6.csv,herbs,fruits,abstain_unknown,0.587736745212014,0.11953037484263525,0.26505168074166674,0.7349483192583333,True,False,outer-2-herbs,sentinel_pair_initial,herbs,True
testing/turnip/turnip_6.csv#256:384,testing/turnip/turnip_6.csv,herbs,fruits,recognize,0.5745929200930663,0.20208289861974993,0.3407571023746874,0.6592428976253126,True,False,outer-2-herbs,sentinel_pair_initial,herbs,True
testing/allspice/allspice_6.csv#0:128,testing/allspice/allspice_6.csv,spices,fruits,abstain_unknown,0.5325921114521541,0.2775698588512734,0.2768318235265553,0.7231681764734448,False,True,outer-2-herbs,sentinel_asymmetric_repeat_veto,herbs,False
testing/allspice/allspice_6.csv#256:384,testing/allspice/allspice_6.csv,spices,spices,abstain_unknown,0.8310161777054097,0.043881781284627795,0.19096195996599996,0.809038040034,True,False,outer-2-herbs,sentinel_asymmetric_repeat_veto,herbs,False
testing/angelica/angelica_6.csv#0:128,testing/angelica/angelica_6.csv,herbs,spices,recognize,0.8305363178141731,0.11441756401457989,0.30826602522810814,0.6917339747718918,True,True,outer-2-herbs,sentinel_asymmetric_repeat_veto,herbs,True
testing/angelica/angelica_6.csv#256:384,testing/angelica/angelica_6.csv,herbs,spices,recognize,0.7377723402474226,0.12358814526168467,0.30196012179847775,0.6980398782015222,True,True,outer-2-herbs,sentinel_asymmetric_repeat_veto,herbs,True
testing/apple/apple_6.csv#0:128,testing/apple/apple_6.csv,fruits,vegetables,recognize,0.616530999455331,0.38985820598090415,0.352990725949299,0.647009274050701,False,False,outer-2-herbs,sentinel_asymmetric_repeat_veto,herbs,False
testing/apple/apple_6.csv#256:384,testing/apple/apple_6.csv,fruits,vegetables,recognize,0.5192509813999387,0.4787283636232327,0.358976268706116,0.641023731293884,False,False,outer-2-herbs,sentinel_asymmetric_repeat_veto,herbs,False
testing/asparagus/asparagus_6.csv#0:128,testing/asparagus/asparagus_6.csv,vegetables,vegetables,recognize,0.9255819772147819,0.20613973812420391,0.43680570783305706,0.563194292166943,True,False,outer-2-herbs,sentinel_asymmetric_repeat_veto,herbs,False
testing/asparagus/asparagus_6.csv#256:384,testing/asparagus/asparagus_6.csv,vegetables,vegetables,abstain_unknown,0.9259149541306183,0.05580166761576825,0.22730507805780772,0.7726949219421922,True,False,outer-2-herbs,sentinel_asymmetric_repeat_veto,herbs,False
testing/avocado/avocado_6.csv#0:128,testing/avocado/avocado_6.csv,vegetables,vegetables,recognize,0.9163414627460018,0.24480560418749367,0.4736301567991492,0.5263698432008508,True,False,outer-2-herbs,sentinel_asymmetric_repeat_veto,herbs,False
testing/avocado/avocado_6.csv#256:384,testing/avocado/avocado_6.csv,vegetables,vegetables,recognize,0.8466273058073083,0.3589555388812601,0.5512726737175095,0.44872732628249046,True,False,outer-2-herbs,sentinel_asymmetric_repeat_veto,herbs,False
testing/banana/banana_6.csv#0:128,testing/banana/banana_6.csv,fruits,fruits,abstain_unknown,0.7678802936964763,0.10168826863221078,0.2794358917225706,0.7205641082774294,True,True,outer-2-herbs,sentinel_asymmetric_repeat_veto,herbs,False
testing/banana/banana_6.csv#256:384,testing/banana/banana_6.csv,fruits,fruits,abstain_unknown,0.5241083154291789,0.045176405235687764,0.11078956488804897,0.889210435111951,False,False,outer-2-herbs,sentinel_asymmetric_repeat_veto,herbs,False
testing/broccoli/broccoli_6.csv#0:128,testing/broccoli/broccoli_6.csv,vegetables,vegetables,recognize,0.7348706758445644,0.18733659017629176,0.3710366109068857,0.6289633890931143,True,False,outer-2-herbs,sentinel_asymmetric_repeat_veto,herbs,False
testing/broccoli/broccoli_6.csv#256:384,testing/broccoli/broccoli_6.csv,vegetables,vegetables,recognize,0.8151316239567136,0.2633710472582756,0.46333796461634624,0.5366620353836538,True,False,outer-2-herbs,sentinel_asymmetric_repeat_veto,herbs,False
testing/brussel_sprouts/brussel_sprouts_6.csv#0:128,testing/brussel_sprouts/brussel_sprouts_6.csv,vegetables,vegetables,recognize,0.747113227410555,0.1373121085090147,0.32029313534747866,0.6797068646525213,True,True,outer-2-herbs,sentinel_asymmetric_repeat_veto,herbs,False
testing/brussel_sprouts/brussel_sprouts_6.csv#256:384,testing/brussel_sprouts/brussel_sprouts_6.csv,vegetables,spices,recognize,0.49935147352675746,0.4020258315929869,0.3225987229092541,0.6774012770907458,False,True,outer-2-herbs,sentinel_asymmetric_repeat_veto,herbs,False
testing/cabbage/cabbage_6.csv#0:128,testing/cabbage/cabbage_6.csv,vegetables,vegetables,recognize,0.9078446256400724,0.36781306832237287,0.5778556197846059,0.42214438021539413,True,False,outer-2-herbs,sentinel_asymmetric_repeat_veto,herbs,False
testing/cabbage/cabbage_6.csv#256:384,testing/cabbage/cabbage_6.csv,vegetables,vegetables,recognize,0.8552243023973146,0.6722684369863039,0.7582481816960359,0.24175181830396408,True,False,outer-2-herbs,sentinel_asymmetric_repeat_veto,herbs,False
testing/cauliflower/cauliflower_6.csv#0:128,testing/cauliflower/cauliflower_6.csv,vegetables,vegetables,recognize,0.6371300998422502,0.6552215772275761,0.6461125203227394,0.35388747967726064,True,False,outer-2-herbs,sentinel_asymmetric_repeat_veto,herbs,False
testing/cauliflower/cauliflower_6.csv#256:384,testing/cauliflower/cauliflower_6.csv,vegetables,vegetables,recognize,0.7688961102757975,0.6230610211988395,0.6921482468837539,0.30785175311624613,True,False,outer-2-herbs,sentinel_asymmetric_repeat_veto,herbs,False
testing/chamomile/chamomile_6.csv#0:128,testing/chamomile/chamomile_6.csv,herbs,fruits,recognize,0.6704683724709585,0.596447050677028,0.6323755872363592,0.3676244127636408,True,False,outer-2-herbs,sentinel_asymmetric_repeat_veto,herbs,True
testing/chamomile/chamomile_6.csv#256:384,testing/chamomile/chamomile_6.csv,herbs,fruits,recognize,0.4687519095054683,0.5771135326665755,0.520118323498513,0.47988167650148705,True,False,outer-2-herbs,sentinel_asymmetric_repeat_veto,herbs,True
testing/chervil/chervil_6.csv#0:128,testing/chervil/chervil_6.csv,spices,spices,recognize,0.927732369022772,0.14284790427868022,0.36403931744579204,0.6359606825542079,True,False,outer-2-herbs,sentinel_asymmetric_repeat_veto,herbs,False
testing/chervil/chervil_6.csv#256:384,testing/chervil/chervil_6.csv,spices,spices,recognize,0.7099673964566211,0.21244937238037329,0.3883711212071989,0.611628878792801,True,False,outer-2-herbs,sentinel_asymmetric_repeat_veto,herbs,False
testing/chives/chives_6.csv#0:128,testing/chives/chives_6.csv,herbs,vegetables,recognize,0.8760260170972524,0.1451099356049684,0.3565390286199524,0.6434609713800477,True,False,outer-2-herbs,sentinel_asymmetric_repeat_veto,herbs,True
testing/chives/chives_6.csv#256:384,testing/chives/chives_6.csv,herbs,vegetables,recognize,0.89923486507978,0.1437200273232466,0.35949695322670255,0.6405030467732975,True,False,outer-2-herbs,sentinel_asymmetric_repeat_veto,herbs,True
testing/cinnamon/cinnamon_6.csv#0:128,testing/cinnamon/cinnamon_6.csv,spices,spices,recognize,0.6923610715578926,0.17961494002340547,0.3526448529929391,0.6473551470070609,True,False,outer-2-herbs,sentinel_asymmetric_repeat_veto,herbs,False
testing/cinnamon/cinnamon_6.csv#256:384,testing/cinnamon/cinnamon_6.csv,spices,spices,recognize,0.9259047338998876,0.2550079679245216,0.48591468868877097,0.514085311311229,True,False,outer-2-herbs,sentinel_asymmetric_repeat_veto,herbs,False
testing/cloves/cloves_6.csv#0:128,testing/cloves/cloves_6.csv,spices,spices,abstain_unknown,0.8281715264200509,0.09679106360959898,0.283124712615098,0.716875287384902,True,True,outer-2-herbs,sentinel_asymmetric_repeat_veto,herbs,False
testing/cloves/cloves_6.csv#256:384,testing/cloves/cloves_6.csv,spices,spices,recognize,0.9892776164355057,0.15429852994051316,0.3906969182359305,0.6093030817640694,True,False,outer-2-herbs,sentinel_asymmetric_repeat_veto,herbs,False
testing/coriander/coriander_6.csv#0:128,testing/coriander/coriander_6.csv,herbs,fruits,abstain_unknown,0.6400938132401106,0.06759299363994466,0.1497632140858489,0.8502367859141511,False,False,outer-2-herbs,sentinel_asymmetric_repeat_veto,herbs,True
testing/coriander/coriander_6.csv#256:384,testing/coriander/coriander_6.csv,herbs,fruits,abstain_unknown,0.7392634262591924,0.10523423305197747,0.2008216943587013,0.7991783056412987,False,False,outer-2-herbs,sentinel_asymmetric_repeat_veto,herbs,True
testing/cumin/cumin_6.csv#0:128,testing/cumin/cumin_6.csv,spices,spices,abstain_unknown,0.999999673534381,0.0006923353992586112,0.026312262791993137,0.9736877372080068,True,False,outer-2-herbs,sentinel_asymmetric_repeat_veto,herbs,False
testing/cumin/cumin_6.csv#256:384,testing/cumin/cumin_6.csv,spices,spices,recognize,0.9921799350270629,0.11623321413551921,0.33959426209664695,0.660405737903353,True,True,outer-2-herbs,sentinel_asymmetric_repeat_veto,herbs,False
testing/dill/dill_6.csv#0:128,testing/dill/dill_6.csv,herbs,fruits,abstain_unknown,0.9506421124014626,0.0063204994065941345,0.05581060346522916,0.9441893965347709,False,False,outer-2-herbs,sentinel_asymmetric_repeat_veto,herbs,True
testing/dill/dill_6.csv#256:384,testing/dill/dill_6.csv,herbs,fruits,abstain_unknown,0.8685147644120884,0.022846061935067746,0.10142073981324734,0.8985792601867526,False,False,outer-2-herbs,sentinel_asymmetric_repeat_veto,herbs,True
testing/garlic/garlic_6.csv#0:128,testing/garlic/garlic_6.csv,herbs,vegetables,recognize,0.6847937144617758,0.12573014070609756,0.29342666898891495,0.7065733310110851,True,True,outer-2-herbs,sentinel_asymmetric_repeat_veto,herbs,True
testing/garlic/garlic_6.csv#256:384,testing/garlic/garlic_6.csv,herbs,fruits,recognize,0.7676431994288996,0.34703248777517665,0.5161367350048891,0.4838632649951109,True,False,outer-2-herbs,sentinel_asymmetric_repeat_veto,herbs,True
testing/ginger/ginger_6.csv#0:128,testing/ginger/ginger_6.csv,spices,spices,recognize,0.9718312103886664,0.304108822079483,0.5436381559929137,0.45636184400708635,True,False,outer-2-herbs,sentinel_asymmetric_repeat_veto,herbs,False
testing/ginger/ginger_6.csv#256:384,testing/ginger/ginger_6.csv,spices,spices,recognize,0.9820478363936997,0.353806191999787,0.5894528016356226,0.41054719836437736,True,False,outer-2-herbs,sentinel_asymmetric_repeat_veto,herbs,False
testing/kiwi/kiwi_6.csv#0:128,testing/kiwi/kiwi_6.csv,fruits,vegetables,recognize,0.5598539193311287,0.5391608210183211,0.39557516769422096,0.604424832305779,False,False,outer-2-herbs,sentinel_asymmetric_repeat_veto,herbs,False
testing/kiwi/kiwi_6.csv#256:384,testing/kiwi/kiwi_6.csv,fruits,vegetables,recognize,0.5591303137195905,0.7434320446822853,0.46420482914964767,0.5357951708503523,False,False,outer-2-herbs,sentinel_asymmetric_repeat_veto,herbs,False
testing/lemon/lemon_6.csv#0:128,testing/lemon/lemon_6.csv,fruits,fruits,abstain_unknown,0.9991161787447626,0.005842440524636664,0.0764020736074521,0.9235979263925479,True,False,outer-2-herbs,sentinel_asymmetric_repeat_veto,herbs,False
testing/lemon/lemon_6.csv#256:384,testing/lemon/lemon_6.csv,fruits,fruits,abstain_unknown,0.6799589923752856,0.08013437707268949,0.23342684140639683,0.7665731585936032,True,True,outer-2-herbs,sentinel_asymmetric_repeat_veto,herbs,False
testing/mandarin_orange/mandarin_orange_6.csv#0:128,testing/mandarin_orange/mandarin_orange_6.csv,fruits,fruits,recognize,0.9219378904738795,0.1346548479707304,0.35233990191321807,0.6476600980867819,True,False,outer-2-herbs,sentinel_asymmetric_repeat_veto,herbs,False
testing/mandarin_orange/mandarin_orange_6.csv#256:384,testing/mandarin_orange/mandarin_orange_6.csv,fruits,fruits,recognize,0.6292746455123512,0.36993475921143787,0.3473882966061206,0.6526117033938794,False,True,outer-2-herbs,sentinel_asymmetric_repeat_veto,herbs,False
testing/mango/mango_6.csv#0:128,testing/mango/mango_6.csv,fruits,fruits,recognize,0.7198002444250207,0.3797997081529167,0.5228574593146978,0.47714254068530215,True,False,outer-2-herbs,sentinel_asymmetric_repeat_veto,herbs,False
testing/mango/mango_6.csv#256:384,testing/mango/mango_6.csv,fruits,fruits,recognize,0.6520643956346587,0.4997578505717913,0.5708540100557857,0.42914598994421427,True,False,outer-2-herbs,sentinel_asymmetric_repeat_veto,herbs,False
testing/mint/mint_6.csv#0:128,testing/mint/mint_6.csv,herbs,vegetables,abstain_unknown,0.9686720422750275,0.043842647092028265,0.20608043695940262,0.7939195630405974,True,False,outer-2-herbs,sentinel_asymmetric_repeat_veto,herbs,True
testing/mint/mint_6.csv#256:384,testing/mint/mint_6.csv,herbs,vegetables,abstain_unknown,0.9995917542358186,0.027696813115461866,0.1663896210970689,0.8336103789029311,True,False,outer-2-herbs,sentinel_asymmetric_repeat_veto,herbs,True
testing/mugwort/mugwort_6.csv#0:128,testing/mugwort/mugwort_6.csv,herbs,fruits,recognize,0.7504468663250456,0.3146812928044362,0.3498871022137051,0.6501128977862949,False,False,outer-2-herbs,sentinel_asymmetric_repeat_veto,herbs,True
testing/mugwort/mugwort_6.csv#256:384,testing/mugwort/mugwort_6.csv,herbs,fruits,recognize,0.7497466622892839,0.28948984408074707,0.33543349951880247,0.6645665004811976,False,True,outer-2-herbs,sentinel_asymmetric_repeat_veto,herbs,True
testing/mustard/mustard_6.csv#0:128,testing/mustard/mustard_6.csv,spices,vegetables,recognize,0.7022348173453917,0.4047510637183705,0.5331325250822941,0.46686747491770586,True,False,outer-2-herbs,sentinel_asymmetric_repeat_veto,herbs,False
testing/mustard/mustard_6.csv#256:384,testing/mustard/mustard_6.csv,spices,vegetables,recognize,0.4431334928599355,0.7368050595482654,0.4114111750910353,0.5885888249089647,False,False,outer-2-herbs,sentinel_asymmetric_repeat_veto,herbs,False
testing/nutmeg/nutmeg_6.csv#0:128,testing/nutmeg/nutmeg_6.csv,spices,spices,abstain_unknown,0.9945749857724717,0.013846729773870699,0.11735250771859419,0.8826474922814058,True,False,outer-2-herbs,sentinel_asymmetric_repeat_veto,herbs,False
testing/nutmeg/nutmeg_6.csv#256:384,testing/nutmeg/nutmeg_6.csv,spices,spices,abstain_unknown,0.999869904079749,0.041840371561013515,0.20453588511401036,0.7954641148859897,True,False,outer-2-herbs,sentinel_asymmetric_repeat_veto,herbs,False
testing/oregano/oregano_6.csv#0:128,testing/oregano/oregano_6.csv,herbs,spices,abstain_unknown,0.9200163397048978,0.008060508474220844,0.08611503644900217,0.9138849635509978,True,False,outer-2-herbs,sentinel_asymmetric_repeat_veto,herbs,True
testing/oregano/oregano_6.csv#256:384,testing/oregano/oregano_6.csv,herbs,spices,abstain_unknown,0.9690038598508033,0.02532331836835179,0.15664735313168757,0.8433526468683125,True,False,outer-2-herbs,sentinel_asymmetric_repeat_veto,herbs,True
testing/peach/peach_6.csv#0:128,testing/peach/peach_6.csv,fruits,fruits,abstain_unknown,0.9570048506991795,0.0021744490086075836,0.0456175212921031,0.9543824787078969,True,False,outer-2-herbs,sentinel_asymmetric_repeat_veto,herbs,False
testing/peach/peach_6.csv#256:384,testing/peach/peach_6.csv,fruits,fruits,abstain_unknown,0.9999978391268305,0.0011143371151693172,0.03338165225431694,0.9666183477456831,True,False,outer-2-herbs,sentinel_asymmetric_repeat_veto,herbs,False
testing/pear/pear_6.csv#0:128,testing/pear/pear_6.csv,fruits,vegetables,recognize,0.553638795481329,0.30264409030554534,0.40933544876580713,0.5906645512341928,True,False,outer-2-herbs,sentinel_asymmetric_repeat_veto,herbs,False
testing/pear/pear_6.csv#256:384,testing/pear/pear_6.csv,fruits,fruits,recognize,0.560584275435117,0.5112198637614832,0.5353333698871856,0.4646666301128144,True,False,outer-2-herbs,sentinel_asymmetric_repeat_veto,herbs,False
testing/pineapple/pineapple_6.csv#0:128,testing/pineapple/pineapple_6.csv,fruits,fruits,abstain_unknown,0.7600352340475985,0.07245014553357886,0.23465861014971554,0.7653413898502844,True,True,outer-2-herbs,sentinel_asymmetric_repeat_veto,herbs,False
testing/pineapple/pineapple_6.csv#256:384,testing/pineapple/pineapple_6.csv,fruits,fruits,abstain_unknown,0.6388002837354909,0.08385658166788289,0.2314467717695193,0.7685532282304807,True,True,outer-2-herbs,sentinel_asymmetric_repeat_veto,herbs,False
testing/potato/potato_6.csv#0:128,testing/potato/potato_6.csv,vegetables,vegetables,recognize,0.657319398166239,0.15520188809965157,0.3194013332469465,0.6805986667530535,True,True,outer-2-herbs,sentinel_asymmetric_repeat_veto,herbs,False
testing/potato/potato_6.csv#256:384,testing/potato/potato_6.csv,vegetables,vegetables,recognize,0.7896842060047787,0.18735852562089517,0.3846479800326041,0.6153520199673959,True,False,outer-2-herbs,sentinel_asymmetric_repeat_veto,herbs,False
testing/radish/radish_6.csv#0:128,testing/radish/radish_6.csv,vegetables,fruits,recognize,0.8263466010432645,0.5134614082067511,0.46899425493809366,0.5310057450619063,False,False,outer-2-herbs,sentinel_asymmetric_repeat_veto,herbs,False
testing/radish/radish_6.csv#256:384,testing/radish/radish_6.csv,vegetables,fruits,recognize,0.6171893032662396,0.6614510158548285,0.4600346409303384,0.5399653590696616,False,False,outer-2-herbs,sentinel_asymmetric_repeat_veto,herbs,False
testing/saffron/saffron_6.csv#0:128,testing/saffron/saffron_6.csv,spices,spices,recognize,0.6344713602744337,0.6212137910454522,0.6278075812108722,0.3721924187891278,True,False,outer-2-herbs,sentinel_asymmetric_repeat_veto,herbs,False
testing/saffron/saffron_6.csv#256:384,testing/saffron/saffron_6.csv,spices,spices,recognize,0.7358850760339835,0.690539390130335,0.7128517599126218,0.28714824008737816,True,False,outer-2-herbs,sentinel_asymmetric_repeat_veto,herbs,False
testing/star_anise/star_anise_6.csv#0:128,testing/star_anise/star_anise_6.csv,spices,spices,recognize,0.9233195198010496,0.48480524454149976,0.6690516763203632,0.3309483236796368,True,False,outer-2-herbs,sentinel_asymmetric_repeat_veto,herbs,False
testing/star_anise/star_anise_6.csv#256:384,testing/star_anise/star_anise_6.csv,spices,spices,recognize,0.9655809200533187,0.45358327648423435,0.6617940445700957,0.3382059554299043,True,False,outer-2-herbs,sentinel_asymmetric_repeat_veto,herbs,False
testing/strawberry/strawberry_6.csv#0:128,testing/strawberry/strawberry_6.csv,fruits,spices,recognize,0.6138615962241148,0.551301807513389,0.41885377773136323,0.5811462222686368,False,False,outer-2-herbs,sentinel_asymmetric_repeat_veto,herbs,False
testing/strawberry/strawberry_6.csv#256:384,testing/strawberry/strawberry_6.csv,fruits,spices,recognize,0.48580070000309056,0.6246126650267264,0.3966130112799681,0.6033869887200318,False,False,outer-2-herbs,sentinel_asymmetric_repeat_veto,herbs,False
testing/sweet_potato/sweet_potato_6.csv#0:128,testing/sweet_potato/sweet_potato_6.csv,vegetables,vegetables,abstain_unknown,0.9999156889437596,1.9489407031647634e-05,0.003178436216850372,0.9968215637831497,False,False,outer-2-herbs,sentinel_asymmetric_repeat_veto,herbs,False
testing/sweet_potato/sweet_potato_6.csv#256:384,testing/sweet_potato/sweet_potato_6.csv,vegetables,vegetables,abstain_unknown,0.6438259160268172,0.011960131023301356,0.08775102456312261,0.9122489754368774,True,False,outer-2-herbs,sentinel_asymmetric_repeat_veto,herbs,False
testing/tomato/tomato_6.csv#0:128,testing/tomato/tomato_6.csv,vegetables,vegetables,recognize,0.9445938350989869,0.4420819859054822,0.6462104289584281,0.35378957104157194,True,False,outer-2-herbs,sentinel_asymmetric_repeat_veto,herbs,False
testing/tomato/tomato_6.csv#256:384,testing/tomato/tomato_6.csv,vegetables,vegetables,recognize,0.9589878710344564,0.5227761087028733,0.708050808567186,0.29194919143281395,True,False,outer-2-herbs,sentinel_asymmetric_repeat_veto,herbs,False
testing/turnip/turnip_6.csv#0:128,testing/turnip/turnip_6.csv,herbs,fruits,abstain_unknown,0.587736745212014,0.11953037484263525,0.26505168074166674,0.7349483192583333,True,True,outer-2-herbs,sentinel_asymmetric_repeat_veto,herbs,True
testing/turnip/turnip_6.csv#256:384,testing/turnip/turnip_6.csv,herbs,fruits,recognize,0.5745929200930663,0.20208289861974993,0.3407571023746874,0.6592428976253126,True,True,outer-2-herbs,sentinel_asymmetric_repeat_veto,herbs,True
testing/angelica/angelica_6.csv#0:128,testing/angelica/angelica_6.csv,herbs,herbs,recognize,0.859516725412349,0.24359857884082872,0.4575773735668876,0.5424226264331125,True,False,outer-3-nuts,closed_set,nuts,False
testing/angelica/angelica_6.csv#128:256,testing/angelica/angelica_6.csv,herbs,herbs,recognize,0.7757647246331869,0.30941415467906025,0.48993120588732814,0.5100687941126718,True,False,outer-3-nuts,closed_set,nuts,False
testing/angelica/angelica_6.csv#256:384,testing/angelica/angelica_6.csv,herbs,herbs,recognize,0.8606111439628277,0.4162945848012915,0.5985547250263503,0.4014452749736497,True,False,outer-3-nuts,closed_set,nuts,False
testing/angelica/angelica_6.csv#384:512,testing/angelica/angelica_6.csv,herbs,herbs,recognize,0.890766950799849,0.2795444107709686,0.49900793820899897,0.5009920617910011,True,False,outer-3-nuts,closed_set,nuts,False
testing/angelica/angelica_6.csv#512:640,testing/angelica/angelica_6.csv,herbs,herbs,recognize,0.8773554112849525,0.16584086200571213,0.38144642833938375,0.6185535716606163,True,False,outer-3-nuts,closed_set,nuts,False
testing/apple/apple_6.csv#0:128,testing/apple/apple_6.csv,fruits,vegetables,recognize,0.48650775923716033,0.3436035016991025,0.4088591073678953,0.5911408926321047,True,False,outer-3-nuts,closed_set,nuts,False
testing/apple/apple_6.csv#128:256,testing/apple/apple_6.csv,fruits,vegetables,recognize,0.4582270298432322,0.4668462445622383,0.33301192301707827,0.6669880769829217,False,False,outer-3-nuts,closed_set,nuts,False
testing/apple/apple_6.csv#256:384,testing/apple/apple_6.csv,fruits,vegetables,recognize,0.4434384804930106,0.4416209671798169,0.31862072933789665,0.6813792706621034,False,False,outer-3-nuts,closed_set,nuts,False
testing/apple/apple_6.csv#384:512,testing/apple/apple_6.csv,fruits,fruits,recognize,0.5489271204044343,0.4698004918173404,0.3656340003635833,0.6343659996364167,False,False,outer-3-nuts,closed_set,nuts,False
testing/asparagus/asparagus_6.csv#0:128,testing/asparagus/asparagus_6.csv,vegetables,herbs,recognize,0.4965729598937851,0.20286851401347825,0.22852375626259339,0.7714762437374066,False,False,outer-3-nuts,closed_set,nuts,False
testing/asparagus/asparagus_6.csv#128:256,testing/asparagus/asparagus_6.csv,vegetables,herbs,recognize,0.5970624068064803,0.5281638341631927,0.4043213642327818,0.5956786357672181,False,False,outer-3-nuts,closed_set,nuts,False
testing/asparagus/asparagus_6.csv#256:384,testing/asparagus/asparagus_6.csv,vegetables,vegetables,recognize,0.5925578977491822,0.09900725965191413,0.24221381802293127,0.7577861819770687,True,False,outer-3-nuts,closed_set,nuts,False
testing/asparagus/asparagus_6.csv#384:512,testing/asparagus/asparagus_6.csv,vegetables,herbs,recognize,0.847440751869131,0.19817463629153947,0.40980637230318145,0.5901936276968185,True,False,outer-3-nuts,closed_set,nuts,False
testing/avocado/avocado_6.csv#0:128,testing/avocado/avocado_6.csv,vegetables,vegetables,recognize,0.8181088376219898,0.368837241131129,0.3955081352240848,0.6044918647759152,False,False,outer-3-nuts,closed_set,nuts,False
testing/avocado/avocado_6.csv#128:256,testing/avocado/avocado_6.csv,vegetables,vegetables,recognize,0.7849433335757526,0.32732582629178314,0.3649570736020133,0.6350429263979867,False,False,outer-3-nuts,closed_set,nuts,False
testing/avocado/avocado_6.csv#256:384,testing/avocado/avocado_6.csv,vegetables,vegetables,recognize,0.644839855434467,0.44374979863351427,0.3851478846240141,0.6148521153759858,False,False,outer-3-nuts,closed_set,nuts,False
testing/avocado/avocado_6.csv#384:512,testing/avocado/avocado_6.csv,vegetables,vegetables,recognize,0.7835054036341426,0.5117739840478406,0.45592414974219125,0.5440758502578087,False,False,outer-3-nuts,closed_set,nuts,False
testing/banana/banana_6.csv#0:128,testing/banana/banana_6.csv,fruits,fruits,recognize,0.5324342016702267,0.1701787357255214,0.30101325435479825,0.6989867456452017,True,False,outer-3-nuts,closed_set,nuts,False
testing/banana/banana_6.csv#128:256,testing/banana/banana_6.csv,fruits,herbs,recognize,0.5427121296138613,0.14110320466433435,0.2767280627235363,0.7232719372764638,True,False,outer-3-nuts,closed_set,nuts,False
testing/banana/banana_6.csv#256:384,testing/banana/banana_6.csv,fruits,herbs,recognize,0.7452131770278851,0.05128384120996364,0.19549269612512532,0.8045073038748747,True,False,outer-3-nuts,closed_set,nuts,False
testing/banana/banana_6.csv#384:512,testing/banana/banana_6.csv,fruits,fruits,recognize,0.6714322228128811,0.4635896889606099,0.5579149176460103,0.4420850823539897,True,False,outer-3-nuts,closed_set,nuts,False
testing/broccoli/broccoli_6.csv#0:128,testing/broccoli/broccoli_6.csv,vegetables,vegetables,recognize,0.6499706843445393,0.1706799631417447,0.33307202291267357,0.6669279770873264,True,False,outer-3-nuts,closed_set,nuts,False
testing/broccoli/broccoli_6.csv#128:256,testing/broccoli/broccoli_6.csv,vegetables,vegetables,recognize,0.6040399971860311,0.3455638540169048,0.4568745882711855,0.5431254117288145,True,False,outer-3-nuts,closed_set,nuts,False
testing/broccoli/broccoli_6.csv#256:384,testing/broccoli/broccoli_6.csv,vegetables,vegetables,recognize,0.8144811270924287,0.2582814585726209,0.45865605139941706,0.5413439486005829,True,False,outer-3-nuts,closed_set,nuts,False
testing/broccoli/broccoli_6.csv#384:512,testing/broccoli/broccoli_6.csv,vegetables,vegetables,recognize,0.8950680569641246,0.15019014842684839,0.3666475205528774,0.6333524794471226,True,False,outer-3-nuts,closed_set,nuts,False
testing/brussel_sprouts/brussel_sprouts_6.csv#0:128,testing/brussel_sprouts/brussel_sprouts_6.csv,vegetables,vegetables,recognize,0.6989674240314605,0.18633664936877023,0.36089229392152833,0.6391077060784717,True,False,outer-3-nuts,closed_set,nuts,False
testing/brussel_sprouts/brussel_sprouts_6.csv#128:256,testing/brussel_sprouts/brussel_sprouts_6.csv,vegetables,vegetables,recognize,0.607793914555648,0.4728766174827364,0.536107760102077,0.46389223989792305,True,False,outer-3-nuts,closed_set,nuts,False
testing/brussel_sprouts/brussel_sprouts_6.csv#256:384,testing/brussel_sprouts/brussel_sprouts_6.csv,vegetables,fruits,recognize,0.5990476336103737,0.4104920599732004,0.49588738352855205,0.504112616471448,True,False,outer-3-nuts,closed_set,nuts,False
testing/brussel_sprouts/brussel_sprouts_6.csv#384:512,testing/brussel_sprouts/brussel_sprouts_6.csv,vegetables,vegetables,recognize,0.41216675252628376,0.4588314147899745,0.31310899714416845,0.6868910028558315,False,False,outer-3-nuts,closed_set,nuts,False
testing/cabbage/cabbage_6.csv#0:128,testing/cabbage/cabbage_6.csv,vegetables,vegetables,recognize,0.7714545389481364,0.3941244704079678,0.5514064849154,0.4485935150846,True,False,outer-3-nuts,closed_set,nuts,False
testing/cabbage/cabbage_6.csv#128:256,testing/cabbage/cabbage_6.csv,vegetables,vegetables,recognize,0.6040491284447774,0.5942762720851923,0.5991427744773961,0.40085722552260394,True,False,outer-3-nuts,closed_set,nuts,False
testing/cabbage/cabbage_6.csv#256:384,testing/cabbage/cabbage_6.csv,vegetables,vegetables,recognize,0.7184461958415875,0.6899703627431585,0.7040643311205749,0.29593566887942513,True,False,outer-3-nuts,closed_set,nuts,False
testing/cabbage/cabbage_6.csv#384:512,testing/cabbage/cabbage_6.csv,vegetables,vegetables,recognize,0.8137838131615275,0.5474882816087223,0.667485656376823,0.332514343623177,True,False,outer-3-nuts,closed_set,nuts,False
testing/cabbage/cabbage_6.csv#512:640,testing/cabbage/cabbage_6.csv,vegetables,vegetables,recognize,0.8638618914408928,0.4017333647313348,0.5891028299980615,0.4108971700019385,True,False,outer-3-nuts,closed_set,nuts,False
testing/cauliflower/cauliflower_6.csv#0:128,testing/cauliflower/cauliflower_6.csv,vegetables,vegetables,recognize,0.5102847148947196,0.641709057943683,0.5722362481337157,0.42776375186628435,True,False,outer-3-nuts,closed_set,nuts,False
testing/cauliflower/cauliflower_6.csv#128:256,testing/cauliflower/cauliflower_6.csv,vegetables,vegetables,recognize,0.7667857879576433,0.7388453846236261,0.752685950730778,0.24731404926922196,True,False,outer-3-nuts,closed_set,nuts,False
testing/cauliflower/cauliflower_6.csv#256:384,testing/cauliflower/cauliflower_6.csv,vegetables,vegetables,recognize,0.6167134938347754,0.6136504355374771,0.6151800582703808,0.3848199417296192,True,False,outer-3-nuts,closed_set,nuts,False
testing/cauliflower/cauliflower_6.csv#384:512,testing/cauliflower/cauliflower_6.csv,vegetables,vegetables,recognize,0.6613445075774548,0.4542683306250263,0.5481130042475186,0.45188699575248137,True,False,outer-3-nuts,closed_set,nuts,False
testing/chamomile/chamomile_6.csv#0:128,testing/chamomile/chamomile_6.csv,herbs,fruits,recognize,0.5289523607903642,0.5419042934967475,0.5353891625421073,0.46461083745789267,True,False,outer-3-nuts,closed_set,nuts,False
testing/chamomile/chamomile_6.csv#128:256,testing/chamomile/chamomile_6.csv,herbs,herbs,recognize,0.5348077969632204,0.3936459954292862,0.3303575832870884,0.6696424167129116,False,False,outer-3-nuts,closed_set,nuts,False
testing/chamomile/chamomile_6.csv#256:384,testing/chamomile/chamomile_6.csv,herbs,herbs,recognize,0.44383551833070245,0.5593136555094004,0.35873292182256217,0.6412670781774379,False,False,outer-3-nuts,closed_set,nuts,False
testing/chamomile/chamomile_6.csv#384:512,testing/chamomile/chamomile_6.csv,herbs,herbs,recognize,0.4891860768028504,0.41651577013797625,0.3250014248056937,0.6749985751943063,False,False,outer-3-nuts,closed_set,nuts,False
testing/chives/chives_6.csv#0:128,testing/chives/chives_6.csv,herbs,vegetables,recognize,0.8174855044124023,0.1801448059563849,0.38375222157601857,0.6162477784239815,True,False,outer-3-nuts,closed_set,nuts,False
testing/chives/chives_6.csv#128:256,testing/chives/chives_6.csv,herbs,vegetables,recognize,0.7126385093166536,0.28838945688461987,0.45334030557286087,0.5466596944271391,True,False,outer-3-nuts,closed_set,nuts,False
testing/chives/chives_6.csv#256:384,testing/chives/chives_6.csv,herbs,vegetables,recognize,0.7738133434786332,0.255946347410798,0.32042402512799006,0.6795759748720099,False,False,outer-3-nuts,closed_set,nuts,False
testing/chives/chives_6.csv#384:512,testing/chives/chives_6.csv,herbs,herbs,recognize,0.40137296695923597,0.43318529565916625,0.4169758594473227,0.5830241405526773,True,False,outer-3-nuts,closed_set,nuts,False
testing/coriander/coriander_6.csv#0:128,testing/coriander/coriander_6.csv,herbs,herbs,recognize,0.9793067982101948,0.10492595889539481,0.32055374721719226,0.6794462527828078,True,False,outer-3-nuts,closed_set,nuts,False
testing/coriander/coriander_6.csv#128:256,testing/coriander/coriander_6.csv,herbs,herbs,recognize,0.91318344955331,0.25495541593223736,0.4825153533342742,0.5174846466657258,True,False,outer-3-nuts,closed_set,nuts,False
testing/coriander/coriander_6.csv#256:384,testing/coriander/coriander_6.csv,herbs,herbs,recognize,0.9167311835070772,0.23436474860918463,0.4635185793092187,0.5364814206907813,True,False,outer-3-nuts,closed_set,nuts,False
testing/coriander/coriander_6.csv#384:512,testing/coriander/coriander_6.csv,herbs,herbs,recognize,0.8821123221060376,0.21162801124681319,0.4320644354996243,0.5679355645003756,True,False,outer-3-nuts,closed_set,nuts,False
testing/dill/dill_6.csv#0:128,testing/dill/dill_6.csv,herbs,herbs,recognize,0.7275209243005065,0.013169368393265903,0.09788253708360183,0.9021174629163982,True,False,outer-3-nuts,closed_set,nuts,False
testing/dill/dill_6.csv#128:256,testing/dill/dill_6.csv,herbs,herbs,recognize,0.9393371676067572,0.02468154973678945,0.15226390584081673,0.8477360941591833,True,False,outer-3-nuts,closed_set,nuts,False
testing/dill/dill_6.csv#256:384,testing/dill/dill_6.csv,herbs,herbs,recognize,0.9717567515587506,0.01618988185056714,0.1254297691747342,0.8745702308252659,True,False,outer-3-nuts,closed_set,nuts,False
testing/dill/dill_6.csv#384:512,testing/dill/dill_6.csv,herbs,herbs,recognize,0.9763053340891954,0.01508171220460519,0.12134395770929085,0.8786560422907091,True,False,outer-3-nuts,closed_set,nuts,False
testing/garlic/garlic_6.csv#0:128,testing/garlic/garlic_6.csv,herbs,vegetables,recognize,0.5659925785799101,0.1455272612457071,0.28699712515307535,0.7130028748469246,True,False,outer-3-nuts,closed_set,nuts,False
testing/garlic/garlic_6.csv#128:256,testing/garlic/garlic_6.csv,herbs,herbs,recognize,0.5233825056339271,0.36627477817608606,0.437837653876766,0.562162346123234,True,False,outer-3-nuts,closed_set,nuts,False
testing/garlic/garlic_6.csv#256:384,testing/garlic/garlic_6.csv,herbs,fruits,recognize,0.47145461279293677,0.3655964904926477,0.29891895143353725,0.7010810485664627,False,False,outer-3-nuts,closed_set,nuts,False
testing/garlic/garlic_6.csv#384:512,testing/garlic/garlic_6.csv,herbs,herbs,recognize,0.4743542892127369,0.37706802668814055,0.4229229667262139,0.5770770332737861,True,False,outer-3-nuts,closed_set,nuts,False
testing/kiwi/kiwi_6.csv#0:128,testing/kiwi/kiwi_6.csv,fruits,vegetables,recognize,0.47120963236129215,0.5203819026985667,0.35653376766597994,0.6434662323340201,False,False,outer-3-nuts,closed_set,nuts,False
testing/kiwi/kiwi_6.csv#128:256,testing/kiwi/kiwi_6.csv,fruits,vegetables,recognize,0.6231239527107418,0.6025166636031369,0.44116825100545193,0.558831748994548,False,False,outer-3-nuts,closed_set,nuts,False
testing/kiwi/kiwi_6.csv#256:384,testing/kiwi/kiwi_6.csv,fruits,vegetables,recognize,0.41554261147431304,0.7321627764347255,0.39714042980214664,0.6028595701978534,False,False,outer-3-nuts,closed_set,nuts,False
testing/kiwi/kiwi_6.csv#384:512,testing/kiwi/kiwi_6.csv,fruits,fruits,recognize,0.39446667746905245,0.5658412425076759,0.4724463090203619,0.5275536909796381,True,False,outer-3-nuts,closed_set,nuts,False
testing/lemon/lemon_6.csv#0:128,testing/lemon/lemon_6.csv,fruits,fruits,recognize,0.9978025422081973,0.001154479624670677,0.033940281442910385,0.9660597185570896,True,False,outer-3-nuts,closed_set,nuts,False
testing/lemon/lemon_6.csv#128:256,testing/lemon/lemon_6.csv,fruits,herbs,recognize,0.8074563135637907,0.0329170305172721,0.11738222538862783,0.8826177746113721,False,False,outer-3-nuts,closed_set,nuts,False
testing/lemon/lemon_6.csv#256:384,testing/lemon/lemon_6.csv,fruits,herbs,recognize,0.7634731753594075,0.0394737445104815,0.12499238377422411,0.8750076162257758,False,False,outer-3-nuts,closed_set,nuts,False
testing/lemon/lemon_6.csv#384:512,testing/lemon/lemon_6.csv,fruits,herbs,recognize,0.8368278367086263,0.053493086085931674,0.15233488969579284,0.8476651103042072,False,False,outer-3-nuts,closed_set,nuts,False
testing/mandarin_orange/mandarin_orange_6.csv#0:128,testing/mandarin_orange/mandarin_orange_6.csv,fruits,fruits,recognize,0.4886733020294577,0.15169138091054818,0.19602987148560772,0.8039701285143923,False,False,outer-3-nuts,closed_set,nuts,False
testing/mandarin_orange/mandarin_orange_6.csv#128:256,testing/mandarin_orange/mandarin_orange_6.csv,fruits,fruits,recognize,0.5278317129463043,0.3456521550501055,0.3075387683739711,0.6924612316260289,False,False,outer-3-nuts,closed_set,nuts,False
testing/mandarin_orange/mandarin_orange_6.csv#256:384,testing/mandarin_orange/mandarin_orange_6.csv,fruits,fruits,recognize,0.4710252519539226,0.32634079095908397,0.2822866063110406,0.7177133936889595,False,False,outer-3-nuts,closed_set,nuts,False
testing/mandarin_orange/mandarin_orange_6.csv#384:512,testing/mandarin_orange/mandarin_orange_6.csv,fruits,fruits,recognize,0.4613029954891883,0.319297817709716,0.27632718254445976,0.7236728174555402,False,False,outer-3-nuts,closed_set,nuts,False
testing/mango/mango_6.csv#0:128,testing/mango/mango_6.csv,fruits,fruits,recognize,0.609702087991147,0.3498879180155709,0.46187378598159134,0.5381262140184087,True,False,outer-3-nuts,closed_set,nuts,False
testing/mango/mango_6.csv#128:256,testing/mango/mango_6.csv,fruits,fruits,recognize,0.5731485728998785,0.36028125895027446,0.45441686743553145,0.5455831325644686,True,False,outer-3-nuts,closed_set,nuts,False
testing/mango/mango_6.csv#256:384,testing/mango/mango_6.csv,fruits,herbs,recognize,0.632175042115506,0.4448343084791524,0.3818126448485488,0.6181873551514512,False,False,outer-3-nuts,closed_set,nuts,False
testing/mango/mango_6.csv#384:512,testing/mango/mango_6.csv,fruits,herbs,recognize,0.5703507758660237,0.39588720373379743,0.34212849495549624,0.6578715050445038,False,False,outer-3-nuts,closed_set,nuts,False
testing/mint/mint_6.csv#0:128,testing/mint/mint_6.csv,herbs,vegetables,recognize,0.9742842578122467,0.07640514162686558,0.2728375463585801,0.7271624536414198,True,False,outer-3-nuts,closed_set,nuts,False
testing/mint/mint_6.csv#128:256,testing/mint/mint_6.csv,herbs,vegetables,recognize,0.6292394919540418,0.26005608025345195,0.4045213910515013,0.5954786089484987,True,False,outer-3-nuts,closed_set,nuts,False
testing/mint/mint_6.csv#256:384,testing/mint/mint_6.csv,herbs,vegetables,recognize,0.9764884944066167,0.08461663038858777,0.2874494146974616,0.7125505853025385,True,False,outer-3-nuts,closed_set,nuts,False
testing/mint/mint_6.csv#384:512,testing/mint/mint_6.csv,herbs,vegetables,recognize,0.6568177615789924,0.2663022322574343,0.301121901414615,0.6988780985853851,False,False,outer-3-nuts,closed_set,nuts,False
testing/mugwort/mugwort_6.csv#0:128,testing/mugwort/mugwort_6.csv,herbs,herbs,recognize,0.6748788132817716,0.41029193739405984,0.5262103531930762,0.4737896468069238,True,False,outer-3-nuts,closed_set,nuts,False
testing/mugwort/mugwort_6.csv#128:256,testing/mugwort/mugwort_6.csv,herbs,herbs,recognize,0.49968511994915427,0.33786034886744065,0.41088172136259626,0.5891182786374037,True,False,outer-3-nuts,closed_set,nuts,False
testing/mugwort/mugwort_6.csv#256:384,testing/mugwort/mugwort_6.csv,herbs,herbs,recognize,0.6799202588423883,0.38065577957651187,0.5087392025188476,0.49126079748115237,True,False,outer-3-nuts,closed_set,nuts,False
testing/mugwort/mugwort_6.csv#384:512,testing/mugwort/mugwort_6.csv,herbs,herbs,recognize,0.6156367874065443,0.41339585974226384,0.504481614153473,0.49551838584652697,True,False,outer-3-nuts,closed_set,nuts,False
testing/oregano/oregano_6.csv#0:128,testing/oregano/oregano_6.csv,herbs,herbs,recognize,0.9819417488817791,0.00196796947377408,0.043959428872810374,0.9560405711271897,True,False,outer-3-nuts,closed_set,nuts,False
testing/oregano/oregano_6.csv#128:256,testing/oregano/oregano_6.csv,herbs,herbs,recognize,0.9563820045172667,0.008256078335134927,0.06397865366792228,0.9360213463320777,False,False,outer-3-nuts,closed_set,nuts,False
testing/oregano/oregano_6.csv#256:384,testing/oregano/oregano_6.csv,herbs,herbs,recognize,0.7235282214285242,0.01871642802606843,0.11636951439787087,0.8836304856021291,True,False,outer-3-nuts,closed_set,nuts,False
testing/oregano/oregano_6.csv#384:512,testing/oregano/oregano_6.csv,herbs,herbs,recognize,0.8054268811695953,0.028512629867465382,0.15154154066821313,0.8484584593317869,True,False,outer-3-nuts,closed_set,nuts,False
testing/peach/peach_6.csv#0:128,testing/peach/peach_6.csv,fruits,fruits,recognize,0.901488010444895,0.0029701581440063486,0.05174516359957697,0.9482548364004231,True,False,outer-3-nuts,closed_set,nuts,False
testing/peach/peach_6.csv#128:256,testing/peach/peach_6.csv,fruits,fruits,recognize,0.9382816166914615,0.00864371224475183,0.09005685037364747,0.9099431496263526,True,False,outer-3-nuts,closed_set,nuts,False
testing/peach/peach_6.csv#256:384,testing/peach/peach_6.csv,fruits,fruits,recognize,0.9999640290073896,0.0017540668011053631,0.04188082742235906,0.9581191725776409,True,False,outer-3-nuts,closed_set,nuts,False
testing/peach/peach_6.csv#384:512,testing/peach/peach_6.csv,fruits,vegetables,recognize,0.863729078474079,0.0005818956768415685,0.016141497834803786,0.9838585021651962,False,False,outer-3-nuts,closed_set,nuts,False
testing/pear/pear_6.csv#0:128,testing/pear/pear_6.csv,fruits,vegetables,recognize,0.49224098249714465,0.2784257712875514,0.26654841021742975,0.7334515897825702,False,False,outer-3-nuts,closed_set,nuts,False
testing/pear/pear_6.csv#128:256,testing/pear/pear_6.csv,fruits,vegetables,recognize,0.5590043387211039,0.5103596713839048,0.38457253085107157,0.6154274691489284,False,False,outer-3-nuts,closed_set,nuts,False
testing/pear/pear_6.csv#256:384,testing/pear/pear_6.csv,fruits,fruits,recognize,0.4972308482431507,0.48255200005492327,0.4898364424057671,0.5101635575942329,True,False,outer-3-nuts,closed_set,nuts,False
testing/pear/pear_6.csv#384:512,testing/pear/pear_6.csv,fruits,vegetables,recognize,0.4947946010132668,0.38973937462197256,0.31617833962581926,0.6838216603741807,False,False,outer-3-nuts,closed_set,nuts,False
testing/pineapple/pineapple_6.csv#0:128,testing/pineapple/pineapple_6.csv,fruits,fruits,recognize,0.787223825961168,0.0618468888870408,0.22065208925693747,0.7793479107430625,True,False,outer-3-nuts,closed_set,nuts,False
testing/pineapple/pineapple_6.csv#128:256,testing/pineapple/pineapple_6.csv,fruits,fruits,recognize,0.7982062740685472,0.0644619212423346,0.22683454316779894,0.7731654568322011,True,False,outer-3-nuts,closed_set,nuts,False
testing/pineapple/pineapple_6.csv#256:384,testing/pineapple/pineapple_6.csv,fruits,fruits,recognize,0.8298798213340076,0.07768143327345164,0.253902055852137,0.746097944147863,True,False,outer-3-nuts,closed_set,nuts,False
testing/pineapple/pineapple_6.csv#384:512,testing/pineapple/pineapple_6.csv,fruits,fruits,recognize,0.5276168998750961,0.05920704198766163,0.17674454997058517,0.8232554500294148,True,False,outer-3-nuts,closed_set,nuts,False
testing/potato/potato_6.csv#0:128,testing/potato/potato_6.csv,vegetables,vegetables,recognize,0.6802497501867327,0.25648693098384895,0.41770225128424315,0.5822977487157568,True,False,outer-3-nuts,closed_set,nuts,False
testing/potato/potato_6.csv#128:256,testing/potato/potato_6.csv,vegetables,vegetables,recognize,0.6752075324767796,0.30041433096725434,0.4503798609319275,0.5496201390680725,True,False,outer-3-nuts,closed_set,nuts,False
testing/potato/potato_6.csv#256:384,testing/potato/potato_6.csv,vegetables,vegetables,recognize,0.8315004676236875,0.2927083237186571,0.49334278959908706,0.5066572104009129,True,False,outer-3-nuts,closed_set,nuts,False
testing/potato/potato_6.csv#384:512,testing/potato/potato_6.csv,vegetables,vegetables,recognize,0.7941967434573851,0.2655005003927226,0.459194547875088,0.5408054521249119,True,False,outer-3-nuts,closed_set,nuts,False
testing/radish/radish_6.csv#0:128,testing/radish/radish_6.csv,vegetables,fruits,recognize,0.7667724078737781,0.4810822291766935,0.43729588642447714,0.5627041135755229,False,False,outer-3-nuts,closed_set,nuts,False
testing/radish/radish_6.csv#128:256,testing/radish/radish_6.csv,vegetables,fruits,recognize,0.6012127465840115,0.6039018209430724,0.43384016424365623,0.5661598357563438,False,False,outer-3-nuts,closed_set,nuts,False
testing/radish/radish_6.csv#256:384,testing/radish/radish_6.csv,vegetables,fruits,recognize,0.420047173452587,0.6447534005182608,0.37469539048474265,0.6253046095152573,False,False,outer-3-nuts,closed_set,nuts,False
testing/radish/radish_6.csv#384:512,testing/radish/radish_6.csv,vegetables,fruits,recognize,0.643231505368491,0.5411899078632602,0.4248063451814981,0.5751936548185019,False,False,outer-3-nuts,closed_set,nuts,False
testing/radish/radish_6.csv#512:640,testing/radish/radish_6.csv,vegetables,fruits,recognize,0.6836315627367299,0.46848196251465346,0.40746469627079596,0.592535303729204,False,False,outer-3-nuts,closed_set,nuts,False
testing/strawberry/strawberry_6.csv#0:128,testing/strawberry/strawberry_6.csv,fruits,fruits,recognize,0.401654693418097,0.4751221033885436,0.43684668108237573,0.5631533189176243,True,False,outer-3-nuts,closed_set,nuts,False
testing/strawberry/strawberry_6.csv#128:256,testing/strawberry/strawberry_6.csv,fruits,fruits,recognize,0.6181467212074211,0.4767922795893939,0.542888187682506,0.457111812317494,True,False,outer-3-nuts,closed_set,nuts,False
testing/strawberry/strawberry_6.csv#256:384,testing/strawberry/strawberry_6.csv,fruits,fruits,recognize,0.41423747448923465,0.5823508940953067,0.49115329952733455,0.5088467004726654,True,False,outer-3-nuts,closed_set,nuts,False
testing/strawberry/strawberry_6.csv#384:512,testing/strawberry/strawberry_6.csv,fruits,fruits,recognize,0.4650912780390977,0.5011302714846313,0.4827746041672731,0.5172253958327269,True,False,outer-3-nuts,closed_set,nuts,False
testing/strawberry/strawberry_6.csv#512:640,testing/strawberry/strawberry_6.csv,fruits,fruits,recognize,0.4907870478778069,0.6654750201198439,0.5714949873455081,0.4285050126544919,True,False,outer-3-nuts,closed_set,nuts,False
testing/sweet_potato/sweet_potato_6.csv#0:128,testing/sweet_potato/sweet_potato_6.csv,vegetables,vegetables,recognize,0.9999873619175192,4.774067928313614e-05,0.0049747819412919725,0.995025218058708,False,False,outer-3-nuts,closed_set,nuts,False
testing/sweet_potato/sweet_potato_6.csv#128:256,testing/sweet_potato/sweet_potato_6.csv,vegetables,vegetables,recognize,0.9987328372660577,2.0259188909677123e-05,0.004498168207222901,0.9955018317927771,True,False,outer-3-nuts,closed_set,nuts,False
testing/sweet_potato/sweet_potato_6.csv#256:384,testing/sweet_potato/sweet_potato_6.csv,vegetables,vegetables,recognize,0.7866729602161333,0.010152644416547755,0.08936895902486176,0.9106310409751383,True,False,outer-3-nuts,closed_set,nuts,False
testing/sweet_potato/sweet_potato_6.csv#384:512,testing/sweet_potato/sweet_potato_6.csv,vegetables,vegetables,recognize,0.9347908337696599,0.03359024922508021,0.17720004819311816,0.8227999518068818,True,False,outer-3-nuts,closed_set,nuts,False
testing/tomato/tomato_6.csv#0:128,testing/tomato/tomato_6.csv,vegetables,vegetables,recognize,0.9094413140039369,0.45210318011421285,0.6412186134138873,0.3587813865861127,True,False,outer-3-nuts,closed_set,nuts,False
testing/tomato/tomato_6.csv#128:256,testing/tomato/tomato_6.csv,vegetables,vegetables,recognize,0.8105910182621645,0.4461908983726155,0.4330058298489359,0.5669941701510641,False,False,outer-3-nuts,closed_set,nuts,False
testing/tomato/tomato_6.csv#256:384,testing/tomato/tomato_6.csv,vegetables,vegetables,recognize,0.8807514566580162,0.5092555048456217,0.6697219779161311,0.3302780220838689,True,False,outer-3-nuts,closed_set,nuts,False
testing/tomato/tomato_6.csv#384:512,testing/tomato/tomato_6.csv,vegetables,vegetables,recognize,0.9005855123843143,0.6016866255066132,0.5300052280017451,0.4699947719982549,False,False,outer-3-nuts,closed_set,nuts,False
testing/turnip/turnip_6.csv#0:128,testing/turnip/turnip_6.csv,herbs,fruits,recognize,0.5713468538585348,0.26024608693934953,0.27763519573016854,0.7223648042698314,False,False,outer-3-nuts,closed_set,nuts,False
testing/turnip/turnip_6.csv#128:256,testing/turnip/turnip_6.csv,herbs,fruits,recognize,0.4943235983098552,0.42872096203910004,0.33145572715482585,0.6685442728451741,False,False,outer-3-nuts,closed_set,nuts,False
testing/turnip/turnip_6.csv#256:384,testing/turnip/turnip_6.csv,herbs,fruits,recognize,0.44747628381894955,0.3924330644422488,0.3017173632155051,0.698282636784495,False,False,outer-3-nuts,closed_set,nuts,False
testing/turnip/turnip_6.csv#384:512,testing/turnip/turnip_6.csv,herbs,vegetables,recognize,0.6808934335995621,0.13610762460581338,0.21918624506349346,0.7808137549365065,False,False,outer-3-nuts,closed_set,nuts,False
testing/almond/almond_6.csv#0:128,testing/almond/almond_6.csv,nuts,herbs,recognize,0.7259593601169365,0.13716174218054078,0.3155532452469941,0.684446754753006,True,False,outer-3-nuts,closed_set,nuts,True
testing/almond/almond_6.csv#128:256,testing/almond/almond_6.csv,nuts,herbs,recognize,0.5908123764959248,0.17422778016007476,0.32083629602646785,0.6791637039735321,True,False,outer-3-nuts,closed_set,nuts,True
testing/almond/almond_6.csv#256:384,testing/almond/almond_6.csv,nuts,herbs,recognize,0.4829948517873017,0.14280856800035605,0.1890953630984475,0.8109046369015525,False,False,outer-3-nuts,closed_set,nuts,True
testing/almond/almond_6.csv#384:512,testing/almond/almond_6.csv,nuts,herbs,recognize,0.5120965024827315,0.16884953809012618,0.2940531548917276,0.7059468451082724,True,False,outer-3-nuts,closed_set,nuts,True
testing/brazil_nut/brazil_nut_6.csv#0:128,testing/brazil_nut/brazil_nut_6.csv,nuts,vegetables,recognize,0.7040476335734561,0.3308283589600956,0.34748405691502987,0.6525159430849701,False,False,outer-3-nuts,closed_set,nuts,True
testing/brazil_nut/brazil_nut_6.csv#128:256,testing/brazil_nut/brazil_nut_6.csv,nuts,vegetables,recognize,0.5814293124376579,0.24725956243872219,0.37916217820661174,0.6208378217933883,True,False,outer-3-nuts,closed_set,nuts,True
testing/brazil_nut/brazil_nut_6.csv#256:384,testing/brazil_nut/brazil_nut_6.csv,nuts,vegetables,recognize,0.5208675588037506,0.2633044918319543,0.37033331997346947,0.6296666800265305,True,False,outer-3-nuts,closed_set,nuts,True
testing/brazil_nut/brazil_nut_6.csv#384:512,testing/brazil_nut/brazil_nut_6.csv,nuts,vegetables,recognize,0.7506067791066994,0.23190475870924857,0.3003956005380691,0.699604399461931,False,False,outer-3-nuts,closed_set,nuts,True
testing/cashew/cashew_6.csv#0:128,testing/cashew/cashew_6.csv,nuts,vegetables,recognize,0.9985465597525428,0.024312486302459347,0.15581126261073555,0.8441887373892645,True,False,outer-3-nuts,closed_set,nuts,True
testing/cashew/cashew_6.csv#128:256,testing/cashew/cashew_6.csv,nuts,vegetables,recognize,0.6783281820414169,0.38215291487224756,0.5091415245362727,0.4908584754637273,True,False,outer-3-nuts,closed_set,nuts,True
testing/cashew/cashew_6.csv#256:384,testing/cashew/cashew_6.csv,nuts,vegetables,recognize,0.8382504238152255,0.29418556077877556,0.4965895397641078,0.5034104602358922,True,False,outer-3-nuts,closed_set,nuts,True
testing/cashew/cashew_6.csv#384:512,testing/cashew/cashew_6.csv,nuts,vegetables,recognize,0.9273748073425543,0.11545439565552196,0.32721475811443884,0.6727852418855611,True,False,outer-3-nuts,closed_set,nuts,True
testing/chestnuts/chestnuts_6.csv#0:128,testing/chestnuts/chestnuts_6.csv,nuts,vegetables,recognize,0.9868175798737978,0.0012885037172540655,0.03565835273703833,0.9643416472629617,True,False,outer-3-nuts,closed_set,nuts,True
testing/chestnuts/chestnuts_6.csv#128:256,testing/chestnuts/chestnuts_6.csv,nuts,vegetables,recognize,0.8822191450633406,0.022885349968447113,0.10230562540387667,0.8976943745961233,False,False,outer-3-nuts,closed_set,nuts,True
testing/chestnuts/chestnuts_6.csv#256:384,testing/chestnuts/chestnuts_6.csv,nuts,vegetables,recognize,0.5688215501021994,0.013486652672096127,0.06306270621375733,0.9369372937862427,False,False,outer-3-nuts,closed_set,nuts,True
testing/chestnuts/chestnuts_6.csv#384:512,testing/chestnuts/chestnuts_6.csv,nuts,vegetables,recognize,0.9606996177890649,0.00743856250854118,0.06086544671610267,0.9391345532838973,False,False,outer-3-nuts,closed_set,nuts,True
testing/hazelnut/hazelnut_6.csv#0:128,testing/hazelnut/hazelnut_6.csv,nuts,vegetables,recognize,0.6111109145902535,0.3198209439969462,0.3183068369922677,0.6816931630077323,False,False,outer-3-nuts,closed_set,nuts,True
testing/hazelnut/hazelnut_6.csv#128:256,testing/hazelnut/hazelnut_6.csv,nuts,vegetables,recognize,0.5136067049173283,0.2844655354107089,0.27520902206945885,0.7247909779305411,False,False,outer-3-nuts,closed_set,nuts,True
testing/hazelnut/hazelnut_6.csv#256:384,testing/hazelnut/hazelnut_6.csv,nuts,vegetables,recognize,0.6183013061169027,0.34130695236756503,0.33075403104336965,0.6692459689566304,False,False,outer-3-nuts,closed_set,nuts,True
testing/hazelnut/hazelnut_6.csv#384:512,testing/hazelnut/hazelnut_6.csv,nuts,vegetables,recognize,0.5495107435004722,0.3362043433003141,0.309472633140274,0.690527366859726,False,False,outer-3-nuts,closed_set,nuts,True
testing/peanuts/peanuts_6.csv#0:128,testing/peanuts/peanuts_6.csv,nuts,vegetables,recognize,0.8228206140539873,0.3461095387934673,0.5336535048512125,0.46634649514878745,True,False,outer-3-nuts,closed_set,nuts,True
testing/peanuts/peanuts_6.csv#128:256,testing/peanuts/peanuts_6.csv,nuts,vegetables,recognize,0.485662131177454,0.38626990634828007,0.31184950154916735,0.6881504984508326,False,False,outer-3-nuts,closed_set,nuts,True
testing/peanuts/peanuts_6.csv#256:384,testing/peanuts/peanuts_6.csv,nuts,vegetables,recognize,0.6571914647705368,0.45256457085684754,0.39266186924587454,0.6073381307541255,False,False,outer-3-nuts,closed_set,nuts,True
testing/peanuts/peanuts_6.csv#384:512,testing/peanuts/peanuts_6.csv,nuts,vegetables,recognize,0.7473522257651423,0.24292201149156192,0.3067810975561117,0.6932189024438883,False,False,outer-3-nuts,closed_set,nuts,True
testing/pecans/pecans_6.csv#0:128,testing/pecans/pecans_6.csv,nuts,vegetables,recognize,0.8981679128738083,0.08710258332404543,0.27970117173525544,0.7202988282647446,True,False,outer-3-nuts,closed_set,nuts,True
testing/pecans/pecans_6.csv#128:256,testing/pecans/pecans_6.csv,nuts,vegetables,recognize,0.7924552983742837,0.08566695155439104,0.2605517792202737,0.7394482207797263,True,False,outer-3-nuts,closed_set,nuts,True
testing/pecans/pecans_6.csv#256:384,testing/pecans/pecans_6.csv,nuts,herbs,recognize,0.5005181765266223,0.06754217812081185,0.13238230973938767,0.8676176902606123,False,False,outer-3-nuts,closed_set,nuts,True
testing/pecans/pecans_6.csv#384:512,testing/pecans/pecans_6.csv,nuts,herbs,recognize,0.6363209657158115,0.07896304328965556,0.22415583856311452,0.7758441614368855,True,False,outer-3-nuts,closed_set,nuts,True
testing/pili_nut/pili_nut_6.csv#0:128,testing/pili_nut/pili_nut_6.csv,nuts,vegetables,recognize,0.6509715627743345,0.13535958925622862,0.29684211856577764,0.7031578814342223,True,False,outer-3-nuts,closed_set,nuts,True
testing/pili_nut/pili_nut_6.csv#128:256,testing/pili_nut/pili_nut_6.csv,nuts,vegetables,recognize,0.673591429466746,0.18950152726485286,0.35727665000173714,0.6427233499982629,True,False,outer-3-nuts,closed_set,nuts,True
testing/pili_nut/pili_nut_6.csv#256:384,testing/pili_nut/pili_nut_6.csv,nuts,vegetables,recognize,0.5354693494056547,0.1460959736348522,0.27969611358229485,0.7203038864177052,True,False,outer-3-nuts,closed_set,nuts,True
testing/pili_nut/pili_nut_6.csv#384:512,testing/pili_nut/pili_nut_6.csv,nuts,vegetables,recognize,0.5291401977432322,0.14361136448269526,0.2756638275155969,0.7243361724844031,True,False,outer-3-nuts,closed_set,nuts,True
testing/pistachios/pistachios_6.csv#0:128,testing/pistachios/pistachios_6.csv,nuts,herbs,recognize,0.35621935287321443,0.23349376196258853,0.20764854522483356,0.7923514547751664,False,False,outer-3-nuts,closed_set,nuts,True
testing/pistachios/pistachios_6.csv#128:256,testing/pistachios/pistachios_6.csv,nuts,vegetables,recognize,0.35563797041199263,0.2555782423694948,0.21706934588512114,0.7829306541148788,False,False,outer-3-nuts,closed_set,nuts,True
testing/pistachios/pistachios_6.csv#256:384,testing/pistachios/pistachios_6.csv,nuts,herbs,recognize,0.41448901638261976,0.2524098095257043,0.23288532577525886,0.7671146742247411,False,False,outer-3-nuts,closed_set,nuts,True
testing/pistachios/pistachios_6.csv#384:512,testing/pistachios/pistachios_6.csv,nuts,vegetables,recognize,0.558234950715011,0.24017530168574483,0.2636362835563861,0.7363637164436139,False,False,outer-3-nuts,closed_set,nuts,True
testing/pistachios/pistachios_6.csv#512:640,testing/pistachios/pistachios_6.csv,nuts,fruits,recognize,0.43243434275399056,0.26733850984914154,0.3400093422237759,0.6599906577762241,True,False,outer-3-nuts,closed_set,nuts,True
testing/walnuts/walnuts_6.csv#0:128,testing/walnuts/walnuts_6.csv,nuts,vegetables,recognize,0.5158953371313425,0.19310900852024737,0.3156327566233459,0.6843672433766541,True,False,outer-3-nuts,closed_set,nuts,True
testing/walnuts/walnuts_6.csv#128:256,testing/walnuts/walnuts_6.csv,nuts,vegetables,recognize,0.6645298431247524,0.19093541241686718,0.3562053897126497,0.6437946102873503,True,False,outer-3-nuts,closed_set,nuts,True
testing/walnuts/walnuts_6.csv#256:384,testing/walnuts/walnuts_6.csv,nuts,vegetables,recognize,0.6660873898660004,0.21263059659088795,0.3763383571852264,0.6236616428147737,True,False,outer-3-nuts,closed_set,nuts,True
testing/walnuts/walnuts_6.csv#384:512,testing/walnuts/walnuts_6.csv,nuts,vegetables,recognize,0.5507195240969125,0.16734447303556704,0.3035784388760112,0.6964215611239888,True,False,outer-3-nuts,closed_set,nuts,True
testing/walnuts/walnuts_6.csv#512:640,testing/walnuts/walnuts_6.csv,nuts,vegetables,recognize,0.8900624401624476,0.13594142639672432,0.3478453071378601,0.6521546928621399,True,False,outer-3-nuts,closed_set,nuts,True
testing/walnuts/walnuts_6.csv#640:768,testing/walnuts/walnuts_6.csv,nuts,vegetables,recognize,0.6290864263917102,0.4106128073470786,0.365934957560283,0.634065042439717,False,False,outer-3-nuts,closed_set,nuts,True
testing/angelica/angelica_6.csv#0:128,testing/angelica/angelica_6.csv,herbs,herbs,recognize,0.859516725412349,0.24359857884082872,0.859516725412349,0.14048327458765097,True,False,outer-3-nuts,confidence_threshold,nuts,False
testing/angelica/angelica_6.csv#128:256,testing/angelica/angelica_6.csv,herbs,herbs,recognize,0.7757647246331869,0.30941415467906025,0.7757647246331869,0.2242352753668131,True,False,outer-3-nuts,confidence_threshold,nuts,False
testing/angelica/angelica_6.csv#256:384,testing/angelica/angelica_6.csv,herbs,herbs,recognize,0.8606111439628277,0.4162945848012915,0.8606111439628277,0.13938885603717233,True,False,outer-3-nuts,confidence_threshold,nuts,False
testing/angelica/angelica_6.csv#384:512,testing/angelica/angelica_6.csv,herbs,herbs,recognize,0.890766950799849,0.2795444107709686,0.890766950799849,0.10923304920015098,True,False,outer-3-nuts,confidence_threshold,nuts,False
testing/angelica/angelica_6.csv#512:640,testing/angelica/angelica_6.csv,herbs,herbs,recognize,0.8773554112849525,0.16584086200571213,0.8773554112849525,0.12264458871504746,True,False,outer-3-nuts,confidence_threshold,nuts,False
testing/apple/apple_6.csv#0:128,testing/apple/apple_6.csv,fruits,vegetables,recognize,0.48650775923716033,0.3436035016991025,0.48650775923716033,0.5134922407628397,True,False,outer-3-nuts,confidence_threshold,nuts,False
testing/apple/apple_6.csv#128:256,testing/apple/apple_6.csv,fruits,vegetables,abstain_unknown,0.4582270298432322,0.4668462445622383,0.4582270298432322,0.5417729701567677,False,False,outer-3-nuts,confidence_threshold,nuts,False
testing/apple/apple_6.csv#256:384,testing/apple/apple_6.csv,fruits,vegetables,abstain_unknown,0.4434384804930106,0.4416209671798169,0.4434384804930106,0.5565615195069894,False,False,outer-3-nuts,confidence_threshold,nuts,False
testing/apple/apple_6.csv#384:512,testing/apple/apple_6.csv,fruits,fruits,recognize,0.5489271204044343,0.4698004918173404,0.5489271204044343,0.45107287959556575,False,False,outer-3-nuts,confidence_threshold,nuts,False
testing/asparagus/asparagus_6.csv#0:128,testing/asparagus/asparagus_6.csv,vegetables,herbs,recognize,0.4965729598937851,0.20286851401347825,0.4965729598937851,0.5034270401062149,False,False,outer-3-nuts,confidence_threshold,nuts,False
testing/asparagus/asparagus_6.csv#128:256,testing/asparagus/asparagus_6.csv,vegetables,herbs,recognize,0.5970624068064803,0.5281638341631927,0.5970624068064803,0.40293759319351974,False,False,outer-3-nuts,confidence_threshold,nuts,False
testing/asparagus/asparagus_6.csv#256:384,testing/asparagus/asparagus_6.csv,vegetables,vegetables,recognize,0.5925578977491822,0.09900725965191413,0.5925578977491822,0.4074421022508178,True,False,outer-3-nuts,confidence_threshold,nuts,False
testing/asparagus/asparagus_6.csv#384:512,testing/asparagus/asparagus_6.csv,vegetables,herbs,recognize,0.847440751869131,0.19817463629153947,0.847440751869131,0.15255924813086896,True,False,outer-3-nuts,confidence_threshold,nuts,False
testing/avocado/avocado_6.csv#0:128,testing/avocado/avocado_6.csv,vegetables,vegetables,recognize,0.8181088376219898,0.368837241131129,0.8181088376219898,0.18189116237801017,False,False,outer-3-nuts,confidence_threshold,nuts,False
testing/avocado/avocado_6.csv#128:256,testing/avocado/avocado_6.csv,vegetables,vegetables,recognize,0.7849433335757526,0.32732582629178314,0.7849433335757526,0.21505666642424737,False,False,outer-3-nuts,confidence_threshold,nuts,False
testing/avocado/avocado_6.csv#256:384,testing/avocado/avocado_6.csv,vegetables,vegetables,recognize,0.644839855434467,0.44374979863351427,0.644839855434467,0.355160144565533,False,False,outer-3-nuts,confidence_threshold,nuts,False
testing/avocado/avocado_6.csv#384:512,testing/avocado/avocado_6.csv,vegetables,vegetables,recognize,0.7835054036341426,0.5117739840478406,0.7835054036341426,0.21649459636585744,False,False,outer-3-nuts,confidence_threshold,nuts,False
testing/banana/banana_6.csv#0:128,testing/banana/banana_6.csv,fruits,fruits,recognize,0.5324342016702267,0.1701787357255214,0.5324342016702267,0.4675657983297733,True,False,outer-3-nuts,confidence_threshold,nuts,False
testing/banana/banana_6.csv#128:256,testing/banana/banana_6.csv,fruits,herbs,recognize,0.5427121296138613,0.14110320466433435,0.5427121296138613,0.4572878703861387,True,False,outer-3-nuts,confidence_threshold,nuts,False
testing/banana/banana_6.csv#256:384,testing/banana/banana_6.csv,fruits,herbs,recognize,0.7452131770278851,0.05128384120996364,0.7452131770278851,0.25478682297211486,True,False,outer-3-nuts,confidence_threshold,nuts,False
testing/banana/banana_6.csv#384:512,testing/banana/banana_6.csv,fruits,fruits,recognize,0.6714322228128811,0.4635896889606099,0.6714322228128811,0.32856777718711894,True,False,outer-3-nuts,confidence_threshold,nuts,False
testing/broccoli/broccoli_6.csv#0:128,testing/broccoli/broccoli_6.csv,vegetables,vegetables,recognize,0.6499706843445393,0.1706799631417447,0.6499706843445393,0.3500293156554607,True,False,outer-3-nuts,confidence_threshold,nuts,False
testing/broccoli/broccoli_6.csv#128:256,testing/broccoli/broccoli_6.csv,vegetables,vegetables,recognize,0.6040399971860311,0.3455638540169048,0.6040399971860311,0.3959600028139689,True,False,outer-3-nuts,confidence_threshold,nuts,False
testing/broccoli/broccoli_6.csv#256:384,testing/broccoli/broccoli_6.csv,vegetables,vegetables,recognize,0.8144811270924287,0.2582814585726209,0.8144811270924287,0.1855188729075713,True,False,outer-3-nuts,confidence_threshold,nuts,False
testing/broccoli/broccoli_6.csv#384:512,testing/broccoli/broccoli_6.csv,vegetables,vegetables,recognize,0.8950680569641246,0.15019014842684839,0.8950680569641246,0.10493194303587539,True,False,outer-3-nuts,confidence_threshold,nuts,False
testing/brussel_sprouts/brussel_sprouts_6.csv#0:128,testing/brussel_sprouts/brussel_sprouts_6.csv,vegetables,vegetables,recognize,0.6989674240314605,0.18633664936877023,0.6989674240314605,0.3010325759685395,True,False,outer-3-nuts,confidence_threshold,nuts,False
testing/brussel_sprouts/brussel_sprouts_6.csv#128:256,testing/brussel_sprouts/brussel_sprouts_6.csv,vegetables,vegetables,recognize,0.607793914555648,0.4728766174827364,0.607793914555648,0.392206085444352,True,False,outer-3-nuts,confidence_threshold,nuts,False
testing/brussel_sprouts/brussel_sprouts_6.csv#256:384,testing/brussel_sprouts/brussel_sprouts_6.csv,vegetables,fruits,recognize,0.5990476336103737,0.4104920599732004,0.5990476336103737,0.4009523663896263,True,False,outer-3-nuts,confidence_threshold,nuts,False
testing/brussel_sprouts/brussel_sprouts_6.csv#384:512,testing/brussel_sprouts/brussel_sprouts_6.csv,vegetables,vegetables,abstain_unknown,0.41216675252628376,0.4588314147899745,0.41216675252628376,0.5878332474737162,False,False,outer-3-nuts,confidence_threshold,nuts,False
testing/cabbage/cabbage_6.csv#0:128,testing/cabbage/cabbage_6.csv,vegetables,vegetables,recognize,0.7714545389481364,0.3941244704079678,0.7714545389481364,0.22854546105186357,True,False,outer-3-nuts,confidence_threshold,nuts,False
testing/cabbage/cabbage_6.csv#128:256,testing/cabbage/cabbage_6.csv,vegetables,vegetables,recognize,0.6040491284447774,0.5942762720851923,0.6040491284447774,0.39595087155522257,True,False,outer-3-nuts,confidence_threshold,nuts,False
testing/cabbage/cabbage_6.csv#256:384,testing/cabbage/cabbage_6.csv,vegetables,vegetables,recognize,0.7184461958415875,0.6899703627431585,0.7184461958415875,0.28155380415841247,True,False,outer-3-nuts,confidence_threshold,nuts,False
testing/cabbage/cabbage_6.csv#384:512,testing/cabbage/cabbage_6.csv,vegetables,vegetables,recognize,0.8137838131615275,0.5474882816087223,0.8137838131615275,0.18621618683847252,True,False,outer-3-nuts,confidence_threshold,nuts,False
testing/cabbage/cabbage_6.csv#512:640,testing/cabbage/cabbage_6.csv,vegetables,vegetables,recognize,0.8638618914408928,0.4017333647313348,0.8638618914408928,0.13613810855910724,True,False,outer-3-nuts,confidence_threshold,nuts,False
testing/cauliflower/cauliflower_6.csv#0:128,testing/cauliflower/cauliflower_6.csv,vegetables,vegetables,recognize,0.5102847148947196,0.641709057943683,0.5102847148947196,0.4897152851052804,True,False,outer-3-nuts,confidence_threshold,nuts,False
testing/cauliflower/cauliflower_6.csv#128:256,testing/cauliflower/cauliflower_6.csv,vegetables,vegetables,recognize,0.7667857879576433,0.7388453846236261,0.7667857879576433,0.2332142120423567,True,False,outer-3-nuts,confidence_threshold,nuts,False
testing/cauliflower/cauliflower_6.csv#256:384,testing/cauliflower/cauliflower_6.csv,vegetables,vegetables,recognize,0.6167134938347754,0.6136504355374771,0.6167134938347754,0.38328650616522464,True,False,outer-3-nuts,confidence_threshold,nuts,False
testing/cauliflower/cauliflower_6.csv#384:512,testing/cauliflower/cauliflower_6.csv,vegetables,vegetables,recognize,0.6613445075774548,0.4542683306250263,0.6613445075774548,0.3386554924225452,True,False,outer-3-nuts,confidence_threshold,nuts,False
testing/chamomile/chamomile_6.csv#0:128,testing/chamomile/chamomile_6.csv,herbs,fruits,recognize,0.5289523607903642,0.5419042934967475,0.5289523607903642,0.47104763920963577,True,False,outer-3-nuts,confidence_threshold,nuts,False
testing/chamomile/chamomile_6.csv#128:256,testing/chamomile/chamomile_6.csv,herbs,herbs,recognize,0.5348077969632204,0.3936459954292862,0.5348077969632204,0.46519220303677955,False,False,outer-3-nuts,confidence_threshold,nuts,False
testing/chamomile/chamomile_6.csv#256:384,testing/chamomile/chamomile_6.csv,herbs,herbs,abstain_unknown,0.44383551833070245,0.5593136555094004,0.44383551833070245,0.5561644816692976,False,False,outer-3-nuts,confidence_threshold,nuts,False
testing/chamomile/chamomile_6.csv#384:512,testing/chamomile/chamomile_6.csv,herbs,herbs,recognize,0.4891860768028504,0.41651577013797625,0.4891860768028504,0.5108139231971496,False,False,outer-3-nuts,confidence_threshold,nuts,False
testing/chives/chives_6.csv#0:128,testing/chives/chives_6.csv,herbs,vegetables,recognize,0.8174855044124023,0.1801448059563849,0.8174855044124023,0.1825144955875977,True,False,outer-3-nuts,confidence_threshold,nuts,False
testing/chives/chives_6.csv#128:256,testing/chives/chives_6.csv,herbs,vegetables,recognize,0.7126385093166536,0.28838945688461987,0.7126385093166536,0.2873614906833464,True,False,outer-3-nuts,confidence_threshold,nuts,False
testing/chives/chives_6.csv#256:384,testing/chives/chives_6.csv,herbs,vegetables,recognize,0.7738133434786332,0.255946347410798,0.7738133434786332,0.22618665652136682,False,False,outer-3-nuts,confidence_threshold,nuts,False
testing/chives/chives_6.csv#384:512,testing/chives/chives_6.csv,herbs,herbs,abstain_unknown,0.40137296695923597,0.43318529565916625,0.40137296695923597,0.598627033040764,True,False,outer-3-nuts,confidence_threshold,nuts,False
testing/coriander/coriander_6.csv#0:128,testing/coriander/coriander_6.csv,herbs,herbs,recognize,0.9793067982101948,0.10492595889539481,0.9793067982101948,0.02069320178980516,True,False,outer-3-nuts,confidence_threshold,nuts,False
testing/coriander/coriander_6.csv#128:256,testing/coriander/coriander_6.csv,herbs,herbs,recognize,0.91318344955331,0.25495541593223736,0.91318344955331,0.08681655044669001,True,False,outer-3-nuts,confidence_threshold,nuts,False
testing/coriander/coriander_6.csv#256:384,testing/coriander/coriander_6.csv,herbs,herbs,recognize,0.9167311835070772,0.23436474860918463,0.9167311835070772,0.08326881649292284,True,False,outer-3-nuts,confidence_threshold,nuts,False
testing/coriander/coriander_6.csv#384:512,testing/coriander/coriander_6.csv,herbs,herbs,recognize,0.8821123221060376,0.21162801124681319,0.8821123221060376,0.11788767789396237,True,False,outer-3-nuts,confidence_threshold,nuts,False
testing/dill/dill_6.csv#0:128,testing/dill/dill_6.csv,herbs,herbs,recognize,0.7275209243005065,0.013169368393265903,0.7275209243005065,0.2724790756994935,True,False,outer-3-nuts,confidence_threshold,nuts,False
testing/dill/dill_6.csv#128:256,testing/dill/dill_6.csv,herbs,herbs,recognize,0.9393371676067572,0.02468154973678945,0.9393371676067572,0.06066283239324277,True,False,outer-3-nuts,confidence_threshold,nuts,False
testing/dill/dill_6.csv#256:384,testing/dill/dill_6.csv,herbs,herbs,recognize,0.9717567515587506,0.01618988185056714,0.9717567515587506,0.02824324844124937,True,False,outer-3-nuts,confidence_threshold,nuts,False
testing/dill/dill_6.csv#384:512,testing/dill/dill_6.csv,herbs,herbs,recognize,0.9763053340891954,0.01508171220460519,0.9763053340891954,0.023694665910804602,True,False,outer-3-nuts,confidence_threshold,nuts,False
testing/garlic/garlic_6.csv#0:128,testing/garlic/garlic_6.csv,herbs,vegetables,recognize,0.5659925785799101,0.1455272612457071,0.5659925785799101,0.43400742142008986,True,False,outer-3-nuts,confidence_threshold,nuts,False
testing/garlic/garlic_6.csv#128:256,testing/garlic/garlic_6.csv,herbs,herbs,recognize,0.5233825056339271,0.36627477817608606,0.5233825056339271,0.4766174943660729,True,False,outer-3-nuts,confidence_threshold,nuts,False
testing/garlic/garlic_6.csv#256:384,testing/garlic/garlic_6.csv,herbs,fruits,abstain_unknown,0.47145461279293677,0.3655964904926477,0.47145461279293677,0.5285453872070632,False,False,outer-3-nuts,confidence_threshold,nuts,False
testing/garlic/garlic_6.csv#384:512,testing/garlic/garlic_6.csv,herbs,herbs,abstain_unknown,0.4743542892127369,0.37706802668814055,0.4743542892127369,0.5256457107872631,True,False,outer-3-nuts,confidence_threshold,nuts,False
testing/kiwi/kiwi_6.csv#0:128,testing/kiwi/kiwi_6.csv,fruits,vegetables,abstain_unknown,0.47120963236129215,0.5203819026985667,0.47120963236129215,0.5287903676387078,False,False,outer-3-nuts,confidence_threshold,nuts,False
testing/kiwi/kiwi_6.csv#128:256,testing/kiwi/kiwi_6.csv,fruits,vegetables,recognize,0.6231239527107418,0.6025166636031369,0.6231239527107418,0.37687604728925816,False,False,outer-3-nuts,confidence_threshold,nuts,False
testing/kiwi/kiwi_6.csv#256:384,testing/kiwi/kiwi_6.csv,fruits,vegetables,abstain_unknown,0.41554261147431304,0.7321627764347255,0.41554261147431304,0.584457388525687,False,False,outer-3-nuts,confidence_threshold,nuts,False
testing/kiwi/kiwi_6.csv#384:512,testing/kiwi/kiwi_6.csv,fruits,fruits,abstain_unknown,0.39446667746905245,0.5658412425076759,0.39446667746905245,0.6055333225309476,True,False,outer-3-nuts,confidence_threshold,nuts,False
testing/lemon/lemon_6.csv#0:128,testing/lemon/lemon_6.csv,fruits,fruits,recognize,0.9978025422081973,0.001154479624670677,0.9978025422081973,0.0021974577918026927,True,False,outer-3-nuts,confidence_threshold,nuts,False
testing/lemon/lemon_6.csv#128:256,testing/lemon/lemon_6.csv,fruits,herbs,recognize,0.8074563135637907,0.0329170305172721,0.8074563135637907,0.19254368643620934,False,False,outer-3-nuts,confidence_threshold,nuts,False
testing/lemon/lemon_6.csv#256:384,testing/lemon/lemon_6.csv,fruits,herbs,recognize,0.7634731753594075,0.0394737445104815,0.7634731753594075,0.2365268246405925,False,False,outer-3-nuts,confidence_threshold,nuts,False
testing/lemon/lemon_6.csv#384:512,testing/lemon/lemon_6.csv,fruits,herbs,recognize,0.8368278367086263,0.053493086085931674,0.8368278367086263,0.16317216329137374,False,False,outer-3-nuts,confidence_threshold,nuts,False
testing/mandarin_orange/mandarin_orange_6.csv#0:128,testing/mandarin_orange/mandarin_orange_6.csv,fruits,fruits,recognize,0.4886733020294577,0.15169138091054818,0.4886733020294577,0.5113266979705423,False,False,outer-3-nuts,confidence_threshold,nuts,False
testing/mandarin_orange/mandarin_orange_6.csv#128:256,testing/mandarin_orange/mandarin_orange_6.csv,fruits,fruits,recognize,0.5278317129463043,0.3456521550501055,0.5278317129463043,0.47216828705369573,False,False,outer-3-nuts,confidence_threshold,nuts,False
testing/mandarin_orange/mandarin_orange_6.csv#256:384,testing/mandarin_orange/mandarin_orange_6.csv,fruits,fruits,abstain_unknown,0.4710252519539226,0.32634079095908397,0.4710252519539226,0.5289747480460774,False,False,outer-3-nuts,confidence_threshold,nuts,False
testing/mandarin_orange/mandarin_orange_6.csv#384:512,testing/mandarin_orange/mandarin_orange_6.csv,fruits,fruits,abstain_unknown,0.4613029954891883,0.319297817709716,0.4613029954891883,0.5386970045108117,False,False,outer-3-nuts,confidence_threshold,nuts,False
testing/mango/mango_6.csv#0:128,testing/mango/mango_6.csv,fruits,fruits,recognize,0.609702087991147,0.3498879180155709,0.609702087991147,0.390297912008853,True,False,outer-3-nuts,confidence_threshold,nuts,False
testing/mango/mango_6.csv#128:256,testing/mango/mango_6.csv,fruits,fruits,recognize,0.5731485728998785,0.36028125895027446,0.5731485728998785,0.42685142710012147,True,False,outer-3-nuts,confidence_threshold,nuts,False
testing/mango/mango_6.csv#256:384,testing/mango/mango_6.csv,fruits,herbs,recognize,0.632175042115506,0.4448343084791524,0.632175042115506,0.367824957884494,False,False,outer-3-nuts,confidence_threshold,nuts,False
testing/mango/mango_6.csv#384:512,testing/mango/mango_6.csv,fruits,herbs,recognize,0.5703507758660237,0.39588720373379743,0.5703507758660237,0.4296492241339763,False,False,outer-3-nuts,confidence_threshold,nuts,False
testing/mint/mint_6.csv#0:128,testing/mint/mint_6.csv,herbs,vegetables,recognize,0.9742842578122467,0.07640514162686558,0.9742842578122467,0.0257157421877533,True,False,outer-3-nuts,confidence_threshold,nuts,False
testing/mint/mint_6.csv#128:256,testing/mint/mint_6.csv,herbs,vegetables,recognize,0.6292394919540418,0.26005608025345195,0.6292394919540418,0.37076050804595817,True,False,outer-3-nuts,confidence_threshold,nuts,False
testing/mint/mint_6.csv#256:384,testing/mint/mint_6.csv,herbs,vegetables,recognize,0.9764884944066167,0.08461663038858777,0.9764884944066167,0.02351150559338333,True,False,outer-3-nuts,confidence_threshold,nuts,False
testing/mint/mint_6.csv#384:512,testing/mint/mint_6.csv,herbs,vegetables,recognize,0.6568177615789924,0.2663022322574343,0.6568177615789924,0.3431822384210076,False,False,outer-3-nuts,confidence_threshold,nuts,False
testing/mugwort/mugwort_6.csv#0:128,testing/mugwort/mugwort_6.csv,herbs,herbs,recognize,0.6748788132817716,0.41029193739405984,0.6748788132817716,0.3251211867182284,True,False,outer-3-nuts,confidence_threshold,nuts,False
testing/mugwort/mugwort_6.csv#128:256,testing/mugwort/mugwort_6.csv,herbs,herbs,recognize,0.49968511994915427,0.33786034886744065,0.49968511994915427,0.5003148800508457,True,False,outer-3-nuts,confidence_threshold,nuts,False
testing/mugwort/mugwort_6.csv#256:384,testing/mugwort/mugwort_6.csv,herbs,herbs,recognize,0.6799202588423883,0.38065577957651187,0.6799202588423883,0.32007974115761173,True,False,outer-3-nuts,confidence_threshold,nuts,False
testing/mugwort/mugwort_6.csv#384:512,testing/mugwort/mugwort_6.csv,herbs,herbs,recognize,0.6156367874065443,0.41339585974226384,0.6156367874065443,0.38436321259345574,True,False,outer-3-nuts,confidence_threshold,nuts,False
testing/oregano/oregano_6.csv#0:128,testing/oregano/oregano_6.csv,herbs,herbs,recognize,0.9819417488817791,0.00196796947377408,0.9819417488817791,0.018058251118220903,True,False,outer-3-nuts,confidence_threshold,nuts,False
testing/oregano/oregano_6.csv#128:256,testing/oregano/oregano_6.csv,herbs,herbs,recognize,0.9563820045172667,0.008256078335134927,0.9563820045172667,0.04361799548273326,False,False,outer-3-nuts,confidence_threshold,nuts,False
testing/oregano/oregano_6.csv#256:384,testing/oregano/oregano_6.csv,herbs,herbs,recognize,0.7235282214285242,0.01871642802606843,0.7235282214285242,0.27647177857147576,True,False,outer-3-nuts,confidence_threshold,nuts,False
testing/oregano/oregano_6.csv#384:512,testing/oregano/oregano_6.csv,herbs,herbs,recognize,0.8054268811695953,0.028512629867465382,0.8054268811695953,0.19457311883040473,True,False,outer-3-nuts,confidence_threshold,nuts,False
testing/peach/peach_6.csv#0:128,testing/peach/peach_6.csv,fruits,fruits,recognize,0.901488010444895,0.0029701581440063486,0.901488010444895,0.09851198955510498,True,False,outer-3-nuts,confidence_threshold,nuts,False
testing/peach/peach_6.csv#128:256,testing/peach/peach_6.csv,fruits,fruits,recognize,0.9382816166914615,0.00864371224475183,0.9382816166914615,0.061718383308538516,True,False,outer-3-nuts,confidence_threshold,nuts,False
testing/peach/peach_6.csv#256:384,testing/peach/peach_6.csv,fruits,fruits,recognize,0.9999640290073896,0.0017540668011053631,0.9999640290073896,3.597099261043457e-05,True,False,outer-3-nuts,confidence_threshold,nuts,False
testing/peach/peach_6.csv#384:512,testing/peach/peach_6.csv,fruits,vegetables,recognize,0.863729078474079,0.0005818956768415685,0.863729078474079,0.13627092152592102,False,False,outer-3-nuts,confidence_threshold,nuts,False
testing/pear/pear_6.csv#0:128,testing/pear/pear_6.csv,fruits,vegetables,recognize,0.49224098249714465,0.2784257712875514,0.49224098249714465,0.5077590175028553,False,False,outer-3-nuts,confidence_threshold,nuts,False
testing/pear/pear_6.csv#128:256,testing/pear/pear_6.csv,fruits,vegetables,recognize,0.5590043387211039,0.5103596713839048,0.5590043387211039,0.4409956612788961,False,False,outer-3-nuts,confidence_threshold,nuts,False
testing/pear/pear_6.csv#256:384,testing/pear/pear_6.csv,fruits,fruits,recognize,0.4972308482431507,0.48255200005492327,0.4972308482431507,0.5027691517568493,True,False,outer-3-nuts,confidence_threshold,nuts,False
testing/pear/pear_6.csv#384:512,testing/pear/pear_6.csv,fruits,vegetables,recognize,0.4947946010132668,0.38973937462197256,0.4947946010132668,0.5052053989867332,False,False,outer-3-nuts,confidence_threshold,nuts,False
testing/pineapple/pineapple_6.csv#0:128,testing/pineapple/pineapple_6.csv,fruits,fruits,recognize,0.787223825961168,0.0618468888870408,0.787223825961168,0.21277617403883198,True,False,outer-3-nuts,confidence_threshold,nuts,False
testing/pineapple/pineapple_6.csv#128:256,testing/pineapple/pineapple_6.csv,fruits,fruits,recognize,0.7982062740685472,0.0644619212423346,0.7982062740685472,0.20179372593145284,True,False,outer-3-nuts,confidence_threshold,nuts,False
testing/pineapple/pineapple_6.csv#256:384,testing/pineapple/pineapple_6.csv,fruits,fruits,recognize,0.8298798213340076,0.07768143327345164,0.8298798213340076,0.17012017866599238,True,False,outer-3-nuts,confidence_threshold,nuts,False
testing/pineapple/pineapple_6.csv#384:512,testing/pineapple/pineapple_6.csv,fruits,fruits,recognize,0.5276168998750961,0.05920704198766163,0.5276168998750961,0.4723831001249039,True,False,outer-3-nuts,confidence_threshold,nuts,False
testing/potato/potato_6.csv#0:128,testing/potato/potato_6.csv,vegetables,vegetables,recognize,0.6802497501867327,0.25648693098384895,0.6802497501867327,0.3197502498132673,True,False,outer-3-nuts,confidence_threshold,nuts,False
testing/potato/potato_6.csv#128:256,testing/potato/potato_6.csv,vegetables,vegetables,recognize,0.6752075324767796,0.30041433096725434,0.6752075324767796,0.32479246752322044,True,False,outer-3-nuts,confidence_threshold,nuts,False
testing/potato/potato_6.csv#256:384,testing/potato/potato_6.csv,vegetables,vegetables,recognize,0.8315004676236875,0.2927083237186571,0.8315004676236875,0.16849953237631254,True,False,outer-3-nuts,confidence_threshold,nuts,False
testing/potato/potato_6.csv#384:512,testing/potato/potato_6.csv,vegetables,vegetables,recognize,0.7941967434573851,0.2655005003927226,0.7941967434573851,0.2058032565426149,True,False,outer-3-nuts,confidence_threshold,nuts,False
testing/radish/radish_6.csv#0:128,testing/radish/radish_6.csv,vegetables,fruits,recognize,0.7667724078737781,0.4810822291766935,0.7667724078737781,0.2332275921262219,False,False,outer-3-nuts,confidence_threshold,nuts,False
testing/radish/radish_6.csv#128:256,testing/radish/radish_6.csv,vegetables,fruits,recognize,0.6012127465840115,0.6039018209430724,0.6012127465840115,0.39878725341598853,False,False,outer-3-nuts,confidence_threshold,nuts,False
testing/radish/radish_6.csv#256:384,testing/radish/radish_6.csv,vegetables,fruits,abstain_unknown,0.420047173452587,0.6447534005182608,0.420047173452587,0.579952826547413,False,False,outer-3-nuts,confidence_threshold,nuts,False
testing/radish/radish_6.csv#384:512,testing/radish/radish_6.csv,vegetables,fruits,recognize,0.643231505368491,0.5411899078632602,0.643231505368491,0.35676849463150895,False,False,outer-3-nuts,confidence_threshold,nuts,False
testing/radish/radish_6.csv#512:640,testing/radish/radish_6.csv,vegetables,fruits,recognize,0.6836315627367299,0.46848196251465346,0.6836315627367299,0.31636843726327013,False,False,outer-3-nuts,confidence_threshold,nuts,False
testing/strawberry/strawberry_6.csv#0:128,testing/strawberry/strawberry_6.csv,fruits,fruits,abstain_unknown,0.401654693418097,0.4751221033885436,0.401654693418097,0.598345306581903,True,False,outer-3-nuts,confidence_threshold,nuts,False
testing/strawberry/strawberry_6.csv#128:256,testing/strawberry/strawberry_6.csv,fruits,fruits,recognize,0.6181467212074211,0.4767922795893939,0.6181467212074211,0.3818532787925789,True,False,outer-3-nuts,confidence_threshold,nuts,False
testing/strawberry/strawberry_6.csv#256:384,testing/strawberry/strawberry_6.csv,fruits,fruits,abstain_unknown,0.41423747448923465,0.5823508940953067,0.41423747448923465,0.5857625255107654,True,False,outer-3-nuts,confidence_threshold,nuts,False
testing/strawberry/strawberry_6.csv#384:512,testing/strawberry/strawberry_6.csv,fruits,fruits,abstain_unknown,0.4650912780390977,0.5011302714846313,0.4650912780390977,0.5349087219609023,True,False,outer-3-nuts,confidence_threshold,nuts,False
testing/strawberry/strawberry_6.csv#512:640,testing/strawberry/strawberry_6.csv,fruits,fruits,recognize,0.4907870478778069,0.6654750201198439,0.4907870478778069,0.5092129521221931,True,False,outer-3-nuts,confidence_threshold,nuts,False
testing/sweet_potato/sweet_potato_6.csv#0:128,testing/sweet_potato/sweet_potato_6.csv,vegetables,vegetables,recognize,0.9999873619175192,4.774067928313614e-05,0.9999873619175192,1.263808248075371e-05,False,False,outer-3-nuts,confidence_threshold,nuts,False
testing/sweet_potato/sweet_potato_6.csv#128:256,testing/sweet_potato/sweet_potato_6.csv,vegetables,vegetables,recognize,0.9987328372660577,2.0259188909677123e-05,0.9987328372660577,0.0012671627339423397,True,False,outer-3-nuts,confidence_threshold,nuts,False
testing/sweet_potato/sweet_potato_6.csv#256:384,testing/sweet_potato/sweet_potato_6.csv,vegetables,vegetables,recognize,0.7866729602161333,0.010152644416547755,0.7866729602161333,0.2133270397838667,True,False,outer-3-nuts,confidence_threshold,nuts,False
testing/sweet_potato/sweet_potato_6.csv#384:512,testing/sweet_potato/sweet_potato_6.csv,vegetables,vegetables,recognize,0.9347908337696599,0.03359024922508021,0.9347908337696599,0.06520916623034012,True,False,outer-3-nuts,confidence_threshold,nuts,False
testing/tomato/tomato_6.csv#0:128,testing/tomato/tomato_6.csv,vegetables,vegetables,recognize,0.9094413140039369,0.45210318011421285,0.9094413140039369,0.09055868599606309,True,False,outer-3-nuts,confidence_threshold,nuts,False
testing/tomato/tomato_6.csv#128:256,testing/tomato/tomato_6.csv,vegetables,vegetables,recognize,0.8105910182621645,0.4461908983726155,0.8105910182621645,0.1894089817378355,False,False,outer-3-nuts,confidence_threshold,nuts,False
testing/tomato/tomato_6.csv#256:384,testing/tomato/tomato_6.csv,vegetables,vegetables,recognize,0.8807514566580162,0.5092555048456217,0.8807514566580162,0.11924854334198376,True,False,outer-3-nuts,confidence_threshold,nuts,False
testing/tomato/tomato_6.csv#384:512,testing/tomato/tomato_6.csv,vegetables,vegetables,recognize,0.9005855123843143,0.6016866255066132,0.9005855123843143,0.09941448761568572,False,False,outer-3-nuts,confidence_threshold,nuts,False
testing/turnip/turnip_6.csv#0:128,testing/turnip/turnip_6.csv,herbs,fruits,recognize,0.5713468538585348,0.26024608693934953,0.5713468538585348,0.4286531461414652,False,False,outer-3-nuts,confidence_threshold,nuts,False
testing/turnip/turnip_6.csv#128:256,testing/turnip/turnip_6.csv,herbs,fruits,recognize,0.4943235983098552,0.42872096203910004,0.4943235983098552,0.5056764016901447,False,False,outer-3-nuts,confidence_threshold,nuts,False
testing/turnip/turnip_6.csv#256:384,testing/turnip/turnip_6.csv,herbs,fruits,abstain_unknown,0.44747628381894955,0.3924330644422488,0.44747628381894955,0.5525237161810505,False,False,outer-3-nuts,confidence_threshold,nuts,False
testing/turnip/turnip_6.csv#384:512,testing/turnip/turnip_6.csv,herbs,vegetables,recognize,0.6808934335995621,0.13610762460581338,0.6808934335995621,0.3191065664004379,False,False,outer-3-nuts,confidence_threshold,nuts,False
testing/almond/almond_6.csv#0:128,testing/almond/almond_6.csv,nuts,herbs,recognize,0.7259593601169365,0.13716174218054078,0.7259593601169365,0.2740406398830635,True,False,outer-3-nuts,confidence_threshold,nuts,True
testing/almond/almond_6.csv#128:256,testing/almond/almond_6.csv,nuts,herbs,recognize,0.5908123764959248,0.17422778016007476,0.5908123764959248,0.4091876235040752,True,False,outer-3-nuts,confidence_threshold,nuts,True
testing/almond/almond_6.csv#256:384,testing/almond/almond_6.csv,nuts,herbs,recognize,0.4829948517873017,0.14280856800035605,0.4829948517873017,0.5170051482126983,False,False,outer-3-nuts,confidence_threshold,nuts,True
testing/almond/almond_6.csv#384:512,testing/almond/almond_6.csv,nuts,herbs,recognize,0.5120965024827315,0.16884953809012618,0.5120965024827315,0.48790349751726847,True,False,outer-3-nuts,confidence_threshold,nuts,True
testing/brazil_nut/brazil_nut_6.csv#0:128,testing/brazil_nut/brazil_nut_6.csv,nuts,vegetables,recognize,0.7040476335734561,0.3308283589600956,0.7040476335734561,0.2959523664265439,False,False,outer-3-nuts,confidence_threshold,nuts,True
testing/brazil_nut/brazil_nut_6.csv#128:256,testing/brazil_nut/brazil_nut_6.csv,nuts,vegetables,recognize,0.5814293124376579,0.24725956243872219,0.5814293124376579,0.41857068756234206,True,False,outer-3-nuts,confidence_threshold,nuts,True
testing/brazil_nut/brazil_nut_6.csv#256:384,testing/brazil_nut/brazil_nut_6.csv,nuts,vegetables,recognize,0.5208675588037506,0.2633044918319543,0.5208675588037506,0.4791324411962494,True,False,outer-3-nuts,confidence_threshold,nuts,True
testing/brazil_nut/brazil_nut_6.csv#384:512,testing/brazil_nut/brazil_nut_6.csv,nuts,vegetables,recognize,0.7506067791066994,0.23190475870924857,0.7506067791066994,0.24939322089330063,False,False,outer-3-nuts,confidence_threshold,nuts,True
testing/cashew/cashew_6.csv#0:128,testing/cashew/cashew_6.csv,nuts,vegetables,recognize,0.9985465597525428,0.024312486302459347,0.9985465597525428,0.001453440247457194,True,False,outer-3-nuts,confidence_threshold,nuts,True
testing/cashew/cashew_6.csv#128:256,testing/cashew/cashew_6.csv,nuts,vegetables,recognize,0.6783281820414169,0.38215291487224756,0.6783281820414169,0.32167181795858313,True,False,outer-3-nuts,confidence_threshold,nuts,True
testing/cashew/cashew_6.csv#256:384,testing/cashew/cashew_6.csv,nuts,vegetables,recognize,0.8382504238152255,0.29418556077877556,0.8382504238152255,0.16174957618477448,True,False,outer-3-nuts,confidence_threshold,nuts,True
testing/cashew/cashew_6.csv#384:512,testing/cashew/cashew_6.csv,nuts,vegetables,recognize,0.9273748073425543,0.11545439565552196,0.9273748073425543,0.07262519265744571,True,False,outer-3-nuts,confidence_threshold,nuts,True
testing/chestnuts/chestnuts_6.csv#0:128,testing/chestnuts/chestnuts_6.csv,nuts,vegetables,recognize,0.9868175798737978,0.0012885037172540655,0.9868175798737978,0.013182420126202188,True,False,outer-3-nuts,confidence_threshold,nuts,True
testing/chestnuts/chestnuts_6.csv#128:256,testing/chestnuts/chestnuts_6.csv,nuts,vegetables,recognize,0.8822191450633406,0.022885349968447113,0.8822191450633406,0.11778085493665935,False,False,outer-3-nuts,confidence_threshold,nuts,True
testing/chestnuts/chestnuts_6.csv#256:384,testing/chestnuts/chestnuts_6.csv,nuts,vegetables,recognize,0.5688215501021994,0.013486652672096127,0.5688215501021994,0.43117844989780063,False,False,outer-3-nuts,confidence_threshold,nuts,True
testing/chestnuts/chestnuts_6.csv#384:512,testing/chestnuts/chestnuts_6.csv,nuts,vegetables,recognize,0.9606996177890649,0.00743856250854118,0.9606996177890649,0.039300382210935125,False,False,outer-3-nuts,confidence_threshold,nuts,True
testing/hazelnut/hazelnut_6.csv#0:128,testing/hazelnut/hazelnut_6.csv,nuts,vegetables,recognize,0.6111109145902535,0.3198209439969462,0.6111109145902535,0.38888908540974654,False,False,outer-3-nuts,confidence_threshold,nuts,True
testing/hazelnut/hazelnut_6.csv#128:256,testing/hazelnut/hazelnut_6.csv,nuts,vegetables,recognize,0.5136067049173283,0.2844655354107089,0.5136067049173283,0.4863932950826717,False,False,outer-3-nuts,confidence_threshold,nuts,True
testing/hazelnut/hazelnut_6.csv#256:384,testing/hazelnut/hazelnut_6.csv,nuts,vegetables,recognize,0.6183013061169027,0.34130695236756503,0.6183013061169027,0.3816986938830973,False,False,outer-3-nuts,confidence_threshold,nuts,True
testing/hazelnut/hazelnut_6.csv#384:512,testing/hazelnut/hazelnut_6.csv,nuts,vegetables,recognize,0.5495107435004722,0.3362043433003141,0.5495107435004722,0.45048925649952776,False,False,outer-3-nuts,confidence_threshold,nuts,True
testing/peanuts/peanuts_6.csv#0:128,testing/peanuts/peanuts_6.csv,nuts,vegetables,recognize,0.8228206140539873,0.3461095387934673,0.8228206140539873,0.17717938594601268,True,False,outer-3-nuts,confidence_threshold,nuts,True
testing/peanuts/peanuts_6.csv#128:256,testing/peanuts/peanuts_6.csv,nuts,vegetables,recognize,0.485662131177454,0.38626990634828007,0.485662131177454,0.514337868822546,False,False,outer-3-nuts,confidence_threshold,nuts,True
testing/peanuts/peanuts_6.csv#256:384,testing/peanuts/peanuts_6.csv,nuts,vegetables,recognize,0.6571914647705368,0.45256457085684754,0.6571914647705368,0.3428085352294632,False,False,outer-3-nuts,confidence_threshold,nuts,True
testing/peanuts/peanuts_6.csv#384:512,testing/peanuts/peanuts_6.csv,nuts,vegetables,recognize,0.7473522257651423,0.24292201149156192,0.7473522257651423,0.25264777423485774,False,False,outer-3-nuts,confidence_threshold,nuts,True
testing/pecans/pecans_6.csv#0:128,testing/pecans/pecans_6.csv,nuts,vegetables,recognize,0.8981679128738083,0.08710258332404543,0.8981679128738083,0.10183208712619174,True,False,outer-3-nuts,confidence_threshold,nuts,True
testing/pecans/pecans_6.csv#128:256,testing/pecans/pecans_6.csv,nuts,vegetables,recognize,0.7924552983742837,0.08566695155439104,0.7924552983742837,0.20754470162571625,True,False,outer-3-nuts,confidence_threshold,nuts,True
testing/pecans/pecans_6.csv#256:384,testing/pecans/pecans_6.csv,nuts,herbs,recognize,0.5005181765266223,0.06754217812081185,0.5005181765266223,0.49948182347337766,False,False,outer-3-nuts,confidence_threshold,nuts,True
testing/pecans/pecans_6.csv#384:512,testing/pecans/pecans_6.csv,nuts,herbs,recognize,0.6363209657158115,0.07896304328965556,0.6363209657158115,0.36367903428418846,True,False,outer-3-nuts,confidence_threshold,nuts,True
testing/pili_nut/pili_nut_6.csv#0:128,testing/pili_nut/pili_nut_6.csv,nuts,vegetables,recognize,0.6509715627743345,0.13535958925622862,0.6509715627743345,0.34902843722566546,True,False,outer-3-nuts,confidence_threshold,nuts,True
testing/pili_nut/pili_nut_6.csv#128:256,testing/pili_nut/pili_nut_6.csv,nuts,vegetables,recognize,0.673591429466746,0.18950152726485286,0.673591429466746,0.326408570533254,True,False,outer-3-nuts,confidence_threshold,nuts,True
testing/pili_nut/pili_nut_6.csv#256:384,testing/pili_nut/pili_nut_6.csv,nuts,vegetables,recognize,0.5354693494056547,0.1460959736348522,0.5354693494056547,0.4645306505943453,True,False,outer-3-nuts,confidence_threshold,nuts,True
testing/pili_nut/pili_nut_6.csv#384:512,testing/pili_nut/pili_nut_6.csv,nuts,vegetables,recognize,0.5291401977432322,0.14361136448269526,0.5291401977432322,0.4708598022567678,True,False,outer-3-nuts,confidence_threshold,nuts,True
testing/pistachios/pistachios_6.csv#0:128,testing/pistachios/pistachios_6.csv,nuts,herbs,abstain_unknown,0.35621935287321443,0.23349376196258853,0.35621935287321443,0.6437806471267855,False,False,outer-3-nuts,confidence_threshold,nuts,True
testing/pistachios/pistachios_6.csv#128:256,testing/pistachios/pistachios_6.csv,nuts,vegetables,abstain_unknown,0.35563797041199263,0.2555782423694948,0.35563797041199263,0.6443620295880074,False,False,outer-3-nuts,confidence_threshold,nuts,True
testing/pistachios/pistachios_6.csv#256:384,testing/pistachios/pistachios_6.csv,nuts,herbs,abstain_unknown,0.41448901638261976,0.2524098095257043,0.41448901638261976,0.5855109836173802,False,False,outer-3-nuts,confidence_threshold,nuts,True
testing/pistachios/pistachios_6.csv#384:512,testing/pistachios/pistachios_6.csv,nuts,vegetables,recognize,0.558234950715011,0.24017530168574483,0.558234950715011,0.44176504928498905,False,False,outer-3-nuts,confidence_threshold,nuts,True
testing/pistachios/pistachios_6.csv#512:640,testing/pistachios/pistachios_6.csv,nuts,fruits,abstain_unknown,0.43243434275399056,0.26733850984914154,0.43243434275399056,0.5675656572460095,True,False,outer-3-nuts,confidence_threshold,nuts,True
testing/walnuts/walnuts_6.csv#0:128,testing/walnuts/walnuts_6.csv,nuts,vegetables,recognize,0.5158953371313425,0.19310900852024737,0.5158953371313425,0.4841046628686575,True,False,outer-3-nuts,confidence_threshold,nuts,True
testing/walnuts/walnuts_6.csv#128:256,testing/walnuts/walnuts_6.csv,nuts,vegetables,recognize,0.6645298431247524,0.19093541241686718,0.6645298431247524,0.3354701568752476,True,False,outer-3-nuts,confidence_threshold,nuts,True
testing/walnuts/walnuts_6.csv#256:384,testing/walnuts/walnuts_6.csv,nuts,vegetables,recognize,0.6660873898660004,0.21263059659088795,0.6660873898660004,0.33391261013399964,True,False,outer-3-nuts,confidence_threshold,nuts,True
testing/walnuts/walnuts_6.csv#384:512,testing/walnuts/walnuts_6.csv,nuts,vegetables,recognize,0.5507195240969125,0.16734447303556704,0.5507195240969125,0.4492804759030875,True,False,outer-3-nuts,confidence_threshold,nuts,True
testing/walnuts/walnuts_6.csv#512:640,testing/walnuts/walnuts_6.csv,nuts,vegetables,recognize,0.8900624401624476,0.13594142639672432,0.8900624401624476,0.10993755983755238,True,False,outer-3-nuts,confidence_threshold,nuts,True
testing/walnuts/walnuts_6.csv#640:768,testing/walnuts/walnuts_6.csv,nuts,vegetables,recognize,0.6290864263917102,0.4106128073470786,0.6290864263917102,0.3709135736082898,False,False,outer-3-nuts,confidence_threshold,nuts,True
testing/angelica/angelica_6.csv#0:128,testing/angelica/angelica_6.csv,herbs,herbs,recognize,0.859516725412349,0.24359857884082872,0.4575773735668876,0.5424226264331125,True,False,outer-3-nuts,sentinel_initial,nuts,False
testing/angelica/angelica_6.csv#128:256,testing/angelica/angelica_6.csv,herbs,herbs,recognize,0.7757647246331869,0.30941415467906025,0.48993120588732814,0.5100687941126718,True,False,outer-3-nuts,sentinel_initial,nuts,False
testing/angelica/angelica_6.csv#256:384,testing/angelica/angelica_6.csv,herbs,herbs,recognize,0.8606111439628277,0.4162945848012915,0.5985547250263503,0.4014452749736497,True,False,outer-3-nuts,sentinel_initial,nuts,False
testing/angelica/angelica_6.csv#384:512,testing/angelica/angelica_6.csv,herbs,herbs,recognize,0.890766950799849,0.2795444107709686,0.49900793820899897,0.5009920617910011,True,False,outer-3-nuts,sentinel_initial,nuts,False
testing/angelica/angelica_6.csv#512:640,testing/angelica/angelica_6.csv,herbs,herbs,recognize,0.8773554112849525,0.16584086200571213,0.38144642833938375,0.6185535716606163,True,False,outer-3-nuts,sentinel_initial,nuts,False
testing/apple/apple_6.csv#0:128,testing/apple/apple_6.csv,fruits,vegetables,recognize,0.48650775923716033,0.3436035016991025,0.4088591073678953,0.5911408926321047,True,False,outer-3-nuts,sentinel_initial,nuts,False
testing/apple/apple_6.csv#128:256,testing/apple/apple_6.csv,fruits,vegetables,recognize,0.4582270298432322,0.4668462445622383,0.33301192301707827,0.6669880769829217,False,False,outer-3-nuts,sentinel_initial,nuts,False
testing/apple/apple_6.csv#256:384,testing/apple/apple_6.csv,fruits,vegetables,recognize,0.4434384804930106,0.4416209671798169,0.31862072933789665,0.6813792706621034,False,False,outer-3-nuts,sentinel_initial,nuts,False
testing/apple/apple_6.csv#384:512,testing/apple/apple_6.csv,fruits,fruits,recognize,0.5489271204044343,0.4698004918173404,0.3656340003635833,0.6343659996364167,False,False,outer-3-nuts,sentinel_initial,nuts,False
testing/asparagus/asparagus_6.csv#0:128,testing/asparagus/asparagus_6.csv,vegetables,herbs,abstain_unknown,0.4965729598937851,0.20286851401347825,0.22852375626259339,0.7714762437374066,False,False,outer-3-nuts,sentinel_initial,nuts,False
testing/asparagus/asparagus_6.csv#128:256,testing/asparagus/asparagus_6.csv,vegetables,herbs,recognize,0.5970624068064803,0.5281638341631927,0.4043213642327818,0.5956786357672181,False,False,outer-3-nuts,sentinel_initial,nuts,False
testing/asparagus/asparagus_6.csv#256:384,testing/asparagus/asparagus_6.csv,vegetables,vegetables,recognize,0.5925578977491822,0.09900725965191413,0.24221381802293127,0.7577861819770687,True,False,outer-3-nuts,sentinel_initial,nuts,False
testing/asparagus/asparagus_6.csv#384:512,testing/asparagus/asparagus_6.csv,vegetables,herbs,recognize,0.847440751869131,0.19817463629153947,0.40980637230318145,0.5901936276968185,True,False,outer-3-nuts,sentinel_initial,nuts,False
testing/avocado/avocado_6.csv#0:128,testing/avocado/avocado_6.csv,vegetables,vegetables,recognize,0.8181088376219898,0.368837241131129,0.3955081352240848,0.6044918647759152,False,False,outer-3-nuts,sentinel_initial,nuts,False
testing/avocado/avocado_6.csv#128:256,testing/avocado/avocado_6.csv,vegetables,vegetables,recognize,0.7849433335757526,0.32732582629178314,0.3649570736020133,0.6350429263979867,False,False,outer-3-nuts,sentinel_initial,nuts,False
testing/avocado/avocado_6.csv#256:384,testing/avocado/avocado_6.csv,vegetables,vegetables,recognize,0.644839855434467,0.44374979863351427,0.3851478846240141,0.6148521153759858,False,False,outer-3-nuts,sentinel_initial,nuts,False
testing/avocado/avocado_6.csv#384:512,testing/avocado/avocado_6.csv,vegetables,vegetables,recognize,0.7835054036341426,0.5117739840478406,0.45592414974219125,0.5440758502578087,False,False,outer-3-nuts,sentinel_initial,nuts,False
testing/banana/banana_6.csv#0:128,testing/banana/banana_6.csv,fruits,fruits,recognize,0.5324342016702267,0.1701787357255214,0.30101325435479825,0.6989867456452017,True,False,outer-3-nuts,sentinel_initial,nuts,False
testing/banana/banana_6.csv#128:256,testing/banana/banana_6.csv,fruits,herbs,recognize,0.5427121296138613,0.14110320466433435,0.2767280627235363,0.7232719372764638,True,False,outer-3-nuts,sentinel_initial,nuts,False
testing/banana/banana_6.csv#256:384,testing/banana/banana_6.csv,fruits,herbs,abstain_unknown,0.7452131770278851,0.05128384120996364,0.19549269612512532,0.8045073038748747,True,False,outer-3-nuts,sentinel_initial,nuts,False
testing/banana/banana_6.csv#384:512,testing/banana/banana_6.csv,fruits,fruits,recognize,0.6714322228128811,0.4635896889606099,0.5579149176460103,0.4420850823539897,True,False,outer-3-nuts,sentinel_initial,nuts,False
testing/broccoli/broccoli_6.csv#0:128,testing/broccoli/broccoli_6.csv,vegetables,vegetables,recognize,0.6499706843445393,0.1706799631417447,0.33307202291267357,0.6669279770873264,True,False,outer-3-nuts,sentinel_initial,nuts,False
testing/broccoli/broccoli_6.csv#128:256,testing/broccoli/broccoli_6.csv,vegetables,vegetables,recognize,0.6040399971860311,0.3455638540169048,0.4568745882711855,0.5431254117288145,True,False,outer-3-nuts,sentinel_initial,nuts,False
testing/broccoli/broccoli_6.csv#256:384,testing/broccoli/broccoli_6.csv,vegetables,vegetables,recognize,0.8144811270924287,0.2582814585726209,0.45865605139941706,0.5413439486005829,True,False,outer-3-nuts,sentinel_initial,nuts,False
testing/broccoli/broccoli_6.csv#384:512,testing/broccoli/broccoli_6.csv,vegetables,vegetables,recognize,0.8950680569641246,0.15019014842684839,0.3666475205528774,0.6333524794471226,True,False,outer-3-nuts,sentinel_initial,nuts,False
testing/brussel_sprouts/brussel_sprouts_6.csv#0:128,testing/brussel_sprouts/brussel_sprouts_6.csv,vegetables,vegetables,recognize,0.6989674240314605,0.18633664936877023,0.36089229392152833,0.6391077060784717,True,False,outer-3-nuts,sentinel_initial,nuts,False
testing/brussel_sprouts/brussel_sprouts_6.csv#128:256,testing/brussel_sprouts/brussel_sprouts_6.csv,vegetables,vegetables,recognize,0.607793914555648,0.4728766174827364,0.536107760102077,0.46389223989792305,True,False,outer-3-nuts,sentinel_initial,nuts,False
testing/brussel_sprouts/brussel_sprouts_6.csv#256:384,testing/brussel_sprouts/brussel_sprouts_6.csv,vegetables,fruits,recognize,0.5990476336103737,0.4104920599732004,0.49588738352855205,0.504112616471448,True,False,outer-3-nuts,sentinel_initial,nuts,False
testing/brussel_sprouts/brussel_sprouts_6.csv#384:512,testing/brussel_sprouts/brussel_sprouts_6.csv,vegetables,vegetables,recognize,0.41216675252628376,0.4588314147899745,0.31310899714416845,0.6868910028558315,False,False,outer-3-nuts,sentinel_initial,nuts,False
testing/cabbage/cabbage_6.csv#0:128,testing/cabbage/cabbage_6.csv,vegetables,vegetables,recognize,0.7714545389481364,0.3941244704079678,0.5514064849154,0.4485935150846,True,False,outer-3-nuts,sentinel_initial,nuts,False
testing/cabbage/cabbage_6.csv#128:256,testing/cabbage/cabbage_6.csv,vegetables,vegetables,recognize,0.6040491284447774,0.5942762720851923,0.5991427744773961,0.40085722552260394,True,False,outer-3-nuts,sentinel_initial,nuts,False
testing/cabbage/cabbage_6.csv#256:384,testing/cabbage/cabbage_6.csv,vegetables,vegetables,recognize,0.7184461958415875,0.6899703627431585,0.7040643311205749,0.29593566887942513,True,False,outer-3-nuts,sentinel_initial,nuts,False
testing/cabbage/cabbage_6.csv#384:512,testing/cabbage/cabbage_6.csv,vegetables,vegetables,recognize,0.8137838131615275,0.5474882816087223,0.667485656376823,0.332514343623177,True,False,outer-3-nuts,sentinel_initial,nuts,False
testing/cabbage/cabbage_6.csv#512:640,testing/cabbage/cabbage_6.csv,vegetables,vegetables,recognize,0.8638618914408928,0.4017333647313348,0.5891028299980615,0.4108971700019385,True,False,outer-3-nuts,sentinel_initial,nuts,False
testing/cauliflower/cauliflower_6.csv#0:128,testing/cauliflower/cauliflower_6.csv,vegetables,vegetables,recognize,0.5102847148947196,0.641709057943683,0.5722362481337157,0.42776375186628435,True,False,outer-3-nuts,sentinel_initial,nuts,False
testing/cauliflower/cauliflower_6.csv#128:256,testing/cauliflower/cauliflower_6.csv,vegetables,vegetables,recognize,0.7667857879576433,0.7388453846236261,0.752685950730778,0.24731404926922196,True,False,outer-3-nuts,sentinel_initial,nuts,False
testing/cauliflower/cauliflower_6.csv#256:384,testing/cauliflower/cauliflower_6.csv,vegetables,vegetables,recognize,0.6167134938347754,0.6136504355374771,0.6151800582703808,0.3848199417296192,True,False,outer-3-nuts,sentinel_initial,nuts,False
testing/cauliflower/cauliflower_6.csv#384:512,testing/cauliflower/cauliflower_6.csv,vegetables,vegetables,recognize,0.6613445075774548,0.4542683306250263,0.5481130042475186,0.45188699575248137,True,False,outer-3-nuts,sentinel_initial,nuts,False
testing/chamomile/chamomile_6.csv#0:128,testing/chamomile/chamomile_6.csv,herbs,fruits,recognize,0.5289523607903642,0.5419042934967475,0.5353891625421073,0.46461083745789267,True,False,outer-3-nuts,sentinel_initial,nuts,False
testing/chamomile/chamomile_6.csv#128:256,testing/chamomile/chamomile_6.csv,herbs,herbs,recognize,0.5348077969632204,0.3936459954292862,0.3303575832870884,0.6696424167129116,False,False,outer-3-nuts,sentinel_initial,nuts,False
testing/chamomile/chamomile_6.csv#256:384,testing/chamomile/chamomile_6.csv,herbs,herbs,recognize,0.44383551833070245,0.5593136555094004,0.35873292182256217,0.6412670781774379,False,False,outer-3-nuts,sentinel_initial,nuts,False
testing/chamomile/chamomile_6.csv#384:512,testing/chamomile/chamomile_6.csv,herbs,herbs,recognize,0.4891860768028504,0.41651577013797625,0.3250014248056937,0.6749985751943063,False,False,outer-3-nuts,sentinel_initial,nuts,False
testing/chives/chives_6.csv#0:128,testing/chives/chives_6.csv,herbs,vegetables,recognize,0.8174855044124023,0.1801448059563849,0.38375222157601857,0.6162477784239815,True,False,outer-3-nuts,sentinel_initial,nuts,False
testing/chives/chives_6.csv#128:256,testing/chives/chives_6.csv,herbs,vegetables,recognize,0.7126385093166536,0.28838945688461987,0.45334030557286087,0.5466596944271391,True,False,outer-3-nuts,sentinel_initial,nuts,False
testing/chives/chives_6.csv#256:384,testing/chives/chives_6.csv,herbs,vegetables,recognize,0.7738133434786332,0.255946347410798,0.32042402512799006,0.6795759748720099,False,False,outer-3-nuts,sentinel_initial,nuts,False
testing/chives/chives_6.csv#384:512,testing/chives/chives_6.csv,herbs,herbs,recognize,0.40137296695923597,0.43318529565916625,0.4169758594473227,0.5830241405526773,True,False,outer-3-nuts,sentinel_initial,nuts,False
testing/coriander/coriander_6.csv#0:128,testing/coriander/coriander_6.csv,herbs,herbs,recognize,0.9793067982101948,0.10492595889539481,0.32055374721719226,0.6794462527828078,True,False,outer-3-nuts,sentinel_initial,nuts,False
testing/coriander/coriander_6.csv#128:256,testing/coriander/coriander_6.csv,herbs,herbs,recognize,0.91318344955331,0.25495541593223736,0.4825153533342742,0.5174846466657258,True,False,outer-3-nuts,sentinel_initial,nuts,False
testing/coriander/coriander_6.csv#256:384,testing/coriander/coriander_6.csv,herbs,herbs,recognize,0.9167311835070772,0.23436474860918463,0.4635185793092187,0.5364814206907813,True,False,outer-3-nuts,sentinel_initial,nuts,False
testing/coriander/coriander_6.csv#384:512,testing/coriander/coriander_6.csv,herbs,herbs,recognize,0.8821123221060376,0.21162801124681319,0.4320644354996243,0.5679355645003756,True,False,outer-3-nuts,sentinel_initial,nuts,False
testing/dill/dill_6.csv#0:128,testing/dill/dill_6.csv,herbs,herbs,abstain_unknown,0.7275209243005065,0.013169368393265903,0.09788253708360183,0.9021174629163982,True,False,outer-3-nuts,sentinel_initial,nuts,False
testing/dill/dill_6.csv#128:256,testing/dill/dill_6.csv,herbs,herbs,abstain_unknown,0.9393371676067572,0.02468154973678945,0.15226390584081673,0.8477360941591833,True,False,outer-3-nuts,sentinel_initial,nuts,False
testing/dill/dill_6.csv#256:384,testing/dill/dill_6.csv,herbs,herbs,abstain_unknown,0.9717567515587506,0.01618988185056714,0.1254297691747342,0.8745702308252659,True,False,outer-3-nuts,sentinel_initial,nuts,False
testing/dill/dill_6.csv#384:512,testing/dill/dill_6.csv,herbs,herbs,abstain_unknown,0.9763053340891954,0.01508171220460519,0.12134395770929085,0.8786560422907091,True,False,outer-3-nuts,sentinel_initial,nuts,False
testing/garlic/garlic_6.csv#0:128,testing/garlic/garlic_6.csv,herbs,vegetables,recognize,0.5659925785799101,0.1455272612457071,0.28699712515307535,0.7130028748469246,True,False,outer-3-nuts,sentinel_initial,nuts,False
testing/garlic/garlic_6.csv#128:256,testing/garlic/garlic_6.csv,herbs,herbs,recognize,0.5233825056339271,0.36627477817608606,0.437837653876766,0.562162346123234,True,False,outer-3-nuts,sentinel_initial,nuts,False
testing/garlic/garlic_6.csv#256:384,testing/garlic/garlic_6.csv,herbs,fruits,recognize,0.47145461279293677,0.3655964904926477,0.29891895143353725,0.7010810485664627,False,False,outer-3-nuts,sentinel_initial,nuts,False
testing/garlic/garlic_6.csv#384:512,testing/garlic/garlic_6.csv,herbs,herbs,recognize,0.4743542892127369,0.37706802668814055,0.4229229667262139,0.5770770332737861,True,False,outer-3-nuts,sentinel_initial,nuts,False
testing/kiwi/kiwi_6.csv#0:128,testing/kiwi/kiwi_6.csv,fruits,vegetables,recognize,0.47120963236129215,0.5203819026985667,0.35653376766597994,0.6434662323340201,False,False,outer-3-nuts,sentinel_initial,nuts,False
testing/kiwi/kiwi_6.csv#128:256,testing/kiwi/kiwi_6.csv,fruits,vegetables,recognize,0.6231239527107418,0.6025166636031369,0.44116825100545193,0.558831748994548,False,False,outer-3-nuts,sentinel_initial,nuts,False
testing/kiwi/kiwi_6.csv#256:384,testing/kiwi/kiwi_6.csv,fruits,vegetables,recognize,0.41554261147431304,0.7321627764347255,0.39714042980214664,0.6028595701978534,False,False,outer-3-nuts,sentinel_initial,nuts,False
testing/kiwi/kiwi_6.csv#384:512,testing/kiwi/kiwi_6.csv,fruits,fruits,recognize,0.39446667746905245,0.5658412425076759,0.4724463090203619,0.5275536909796381,True,False,outer-3-nuts,sentinel_initial,nuts,False
testing/lemon/lemon_6.csv#0:128,testing/lemon/lemon_6.csv,fruits,fruits,abstain_unknown,0.9978025422081973,0.001154479624670677,0.033940281442910385,0.9660597185570896,True,False,outer-3-nuts,sentinel_initial,nuts,False
testing/lemon/lemon_6.csv#128:256,testing/lemon/lemon_6.csv,fruits,herbs,abstain_unknown,0.8074563135637907,0.0329170305172721,0.11738222538862783,0.8826177746113721,False,False,outer-3-nuts,sentinel_initial,nuts,False
testing/lemon/lemon_6.csv#256:384,testing/lemon/lemon_6.csv,fruits,herbs,abstain_unknown,0.7634731753594075,0.0394737445104815,0.12499238377422411,0.8750076162257758,False,False,outer-3-nuts,sentinel_initial,nuts,False
testing/lemon/lemon_6.csv#384:512,testing/lemon/lemon_6.csv,fruits,herbs,abstain_unknown,0.8368278367086263,0.053493086085931674,0.15233488969579284,0.8476651103042072,False,False,outer-3-nuts,sentinel_initial,nuts,False
testing/mandarin_orange/mandarin_orange_6.csv#0:128,testing/mandarin_orange/mandarin_orange_6.csv,fruits,fruits,abstain_unknown,0.4886733020294577,0.15169138091054818,0.19602987148560772,0.8039701285143923,False,False,outer-3-nuts,sentinel_initial,nuts,False
testing/mandarin_orange/mandarin_orange_6.csv#128:256,testing/mandarin_orange/mandarin_orange_6.csv,fruits,fruits,recognize,0.5278317129463043,0.3456521550501055,0.3075387683739711,0.6924612316260289,False,False,outer-3-nuts,sentinel_initial,nuts,False
testing/mandarin_orange/mandarin_orange_6.csv#256:384,testing/mandarin_orange/mandarin_orange_6.csv,fruits,fruits,recognize,0.4710252519539226,0.32634079095908397,0.2822866063110406,0.7177133936889595,False,False,outer-3-nuts,sentinel_initial,nuts,False
testing/mandarin_orange/mandarin_orange_6.csv#384:512,testing/mandarin_orange/mandarin_orange_6.csv,fruits,fruits,recognize,0.4613029954891883,0.319297817709716,0.27632718254445976,0.7236728174555402,False,False,outer-3-nuts,sentinel_initial,nuts,False
testing/mango/mango_6.csv#0:128,testing/mango/mango_6.csv,fruits,fruits,recognize,0.609702087991147,0.3498879180155709,0.46187378598159134,0.5381262140184087,True,False,outer-3-nuts,sentinel_initial,nuts,False
testing/mango/mango_6.csv#128:256,testing/mango/mango_6.csv,fruits,fruits,recognize,0.5731485728998785,0.36028125895027446,0.45441686743553145,0.5455831325644686,True,False,outer-3-nuts,sentinel_initial,nuts,False
testing/mango/mango_6.csv#256:384,testing/mango/mango_6.csv,fruits,herbs,recognize,0.632175042115506,0.4448343084791524,0.3818126448485488,0.6181873551514512,False,False,outer-3-nuts,sentinel_initial,nuts,False
testing/mango/mango_6.csv#384:512,testing/mango/mango_6.csv,fruits,herbs,recognize,0.5703507758660237,0.39588720373379743,0.34212849495549624,0.6578715050445038,False,False,outer-3-nuts,sentinel_initial,nuts,False
testing/mint/mint_6.csv#0:128,testing/mint/mint_6.csv,herbs,vegetables,recognize,0.9742842578122467,0.07640514162686558,0.2728375463585801,0.7271624536414198,True,False,outer-3-nuts,sentinel_initial,nuts,False
testing/mint/mint_6.csv#128:256,testing/mint/mint_6.csv,herbs,vegetables,recognize,0.6292394919540418,0.26005608025345195,0.4045213910515013,0.5954786089484987,True,False,outer-3-nuts,sentinel_initial,nuts,False
testing/mint/mint_6.csv#256:384,testing/mint/mint_6.csv,herbs,vegetables,recognize,0.9764884944066167,0.08461663038858777,0.2874494146974616,0.7125505853025385,True,False,outer-3-nuts,sentinel_initial,nuts,False
testing/mint/mint_6.csv#384:512,testing/mint/mint_6.csv,herbs,vegetables,recognize,0.6568177615789924,0.2663022322574343,0.301121901414615,0.6988780985853851,False,False,outer-3-nuts,sentinel_initial,nuts,False
testing/mugwort/mugwort_6.csv#0:128,testing/mugwort/mugwort_6.csv,herbs,herbs,recognize,0.6748788132817716,0.41029193739405984,0.5262103531930762,0.4737896468069238,True,False,outer-3-nuts,sentinel_initial,nuts,False
testing/mugwort/mugwort_6.csv#128:256,testing/mugwort/mugwort_6.csv,herbs,herbs,recognize,0.49968511994915427,0.33786034886744065,0.41088172136259626,0.5891182786374037,True,False,outer-3-nuts,sentinel_initial,nuts,False
testing/mugwort/mugwort_6.csv#256:384,testing/mugwort/mugwort_6.csv,herbs,herbs,recognize,0.6799202588423883,0.38065577957651187,0.5087392025188476,0.49126079748115237,True,False,outer-3-nuts,sentinel_initial,nuts,False
testing/mugwort/mugwort_6.csv#384:512,testing/mugwort/mugwort_6.csv,herbs,herbs,recognize,0.6156367874065443,0.41339585974226384,0.504481614153473,0.49551838584652697,True,False,outer-3-nuts,sentinel_initial,nuts,False
testing/oregano/oregano_6.csv#0:128,testing/oregano/oregano_6.csv,herbs,herbs,abstain_unknown,0.9819417488817791,0.00196796947377408,0.043959428872810374,0.9560405711271897,True,False,outer-3-nuts,sentinel_initial,nuts,False
testing/oregano/oregano_6.csv#128:256,testing/oregano/oregano_6.csv,herbs,herbs,abstain_unknown,0.9563820045172667,0.008256078335134927,0.06397865366792228,0.9360213463320777,False,False,outer-3-nuts,sentinel_initial,nuts,False
testing/oregano/oregano_6.csv#256:384,testing/oregano/oregano_6.csv,herbs,herbs,abstain_unknown,0.7235282214285242,0.01871642802606843,0.11636951439787087,0.8836304856021291,True,False,outer-3-nuts,sentinel_initial,nuts,False
testing/oregano/oregano_6.csv#384:512,testing/oregano/oregano_6.csv,herbs,herbs,abstain_unknown,0.8054268811695953,0.028512629867465382,0.15154154066821313,0.8484584593317869,True,False,outer-3-nuts,sentinel_initial,nuts,False
testing/peach/peach_6.csv#0:128,testing/peach/peach_6.csv,fruits,fruits,abstain_unknown,0.901488010444895,0.0029701581440063486,0.05174516359957697,0.9482548364004231,True,False,outer-3-nuts,sentinel_initial,nuts,False
testing/peach/peach_6.csv#128:256,testing/peach/peach_6.csv,fruits,fruits,abstain_unknown,0.9382816166914615,0.00864371224475183,0.09005685037364747,0.9099431496263526,True,False,outer-3-nuts,sentinel_initial,nuts,False
testing/peach/peach_6.csv#256:384,testing/peach/peach_6.csv,fruits,fruits,abstain_unknown,0.9999640290073896,0.0017540668011053631,0.04188082742235906,0.9581191725776409,True,False,outer-3-nuts,sentinel_initial,nuts,False
testing/peach/peach_6.csv#384:512,testing/peach/peach_6.csv,fruits,vegetables,abstain_unknown,0.863729078474079,0.0005818956768415685,0.016141497834803786,0.9838585021651962,False,False,outer-3-nuts,sentinel_initial,nuts,False
testing/pear/pear_6.csv#0:128,testing/pear/pear_6.csv,fruits,vegetables,recognize,0.49224098249714465,0.2784257712875514,0.26654841021742975,0.7334515897825702,False,False,outer-3-nuts,sentinel_initial,nuts,False
testing/pear/pear_6.csv#128:256,testing/pear/pear_6.csv,fruits,vegetables,recognize,0.5590043387211039,0.5103596713839048,0.38457253085107157,0.6154274691489284,False,False,outer-3-nuts,sentinel_initial,nuts,False
testing/pear/pear_6.csv#256:384,testing/pear/pear_6.csv,fruits,fruits,recognize,0.4972308482431507,0.48255200005492327,0.4898364424057671,0.5101635575942329,True,False,outer-3-nuts,sentinel_initial,nuts,False
testing/pear/pear_6.csv#384:512,testing/pear/pear_6.csv,fruits,vegetables,recognize,0.4947946010132668,0.38973937462197256,0.31617833962581926,0.6838216603741807,False,False,outer-3-nuts,sentinel_initial,nuts,False
testing/pineapple/pineapple_6.csv#0:128,testing/pineapple/pineapple_6.csv,fruits,fruits,abstain_unknown,0.787223825961168,0.0618468888870408,0.22065208925693747,0.7793479107430625,True,False,outer-3-nuts,sentinel_initial,nuts,False
testing/pineapple/pineapple_6.csv#128:256,testing/pineapple/pineapple_6.csv,fruits,fruits,abstain_unknown,0.7982062740685472,0.0644619212423346,0.22683454316779894,0.7731654568322011,True,False,outer-3-nuts,sentinel_initial,nuts,False
testing/pineapple/pineapple_6.csv#256:384,testing/pineapple/pineapple_6.csv,fruits,fruits,recognize,0.8298798213340076,0.07768143327345164,0.253902055852137,0.746097944147863,True,False,outer-3-nuts,sentinel_initial,nuts,False
testing/pineapple/pineapple_6.csv#384:512,testing/pineapple/pineapple_6.csv,fruits,fruits,abstain_unknown,0.5276168998750961,0.05920704198766163,0.17674454997058517,0.8232554500294148,True,False,outer-3-nuts,sentinel_initial,nuts,False
testing/potato/potato_6.csv#0:128,testing/potato/potato_6.csv,vegetables,vegetables,recognize,0.6802497501867327,0.25648693098384895,0.41770225128424315,0.5822977487157568,True,False,outer-3-nuts,sentinel_initial,nuts,False
testing/potato/potato_6.csv#128:256,testing/potato/potato_6.csv,vegetables,vegetables,recognize,0.6752075324767796,0.30041433096725434,0.4503798609319275,0.5496201390680725,True,False,outer-3-nuts,sentinel_initial,nuts,False
testing/potato/potato_6.csv#256:384,testing/potato/potato_6.csv,vegetables,vegetables,recognize,0.8315004676236875,0.2927083237186571,0.49334278959908706,0.5066572104009129,True,False,outer-3-nuts,sentinel_initial,nuts,False
testing/potato/potato_6.csv#384:512,testing/potato/potato_6.csv,vegetables,vegetables,recognize,0.7941967434573851,0.2655005003927226,0.459194547875088,0.5408054521249119,True,False,outer-3-nuts,sentinel_initial,nuts,False
testing/radish/radish_6.csv#0:128,testing/radish/radish_6.csv,vegetables,fruits,recognize,0.7667724078737781,0.4810822291766935,0.43729588642447714,0.5627041135755229,False,False,outer-3-nuts,sentinel_initial,nuts,False
testing/radish/radish_6.csv#128:256,testing/radish/radish_6.csv,vegetables,fruits,recognize,0.6012127465840115,0.6039018209430724,0.43384016424365623,0.5661598357563438,False,False,outer-3-nuts,sentinel_initial,nuts,False
testing/radish/radish_6.csv#256:384,testing/radish/radish_6.csv,vegetables,fruits,recognize,0.420047173452587,0.6447534005182608,0.37469539048474265,0.6253046095152573,False,False,outer-3-nuts,sentinel_initial,nuts,False
testing/radish/radish_6.csv#384:512,testing/radish/radish_6.csv,vegetables,fruits,recognize,0.643231505368491,0.5411899078632602,0.4248063451814981,0.5751936548185019,False,False,outer-3-nuts,sentinel_initial,nuts,False
testing/radish/radish_6.csv#512:640,testing/radish/radish_6.csv,vegetables,fruits,recognize,0.6836315627367299,0.46848196251465346,0.40746469627079596,0.592535303729204,False,False,outer-3-nuts,sentinel_initial,nuts,False
testing/strawberry/strawberry_6.csv#0:128,testing/strawberry/strawberry_6.csv,fruits,fruits,recognize,0.401654693418097,0.4751221033885436,0.43684668108237573,0.5631533189176243,True,False,outer-3-nuts,sentinel_initial,nuts,False
testing/strawberry/strawberry_6.csv#128:256,testing/strawberry/strawberry_6.csv,fruits,fruits,recognize,0.6181467212074211,0.4767922795893939,0.542888187682506,0.457111812317494,True,False,outer-3-nuts,sentinel_initial,nuts,False
testing/strawberry/strawberry_6.csv#256:384,testing/strawberry/strawberry_6.csv,fruits,fruits,recognize,0.41423747448923465,0.5823508940953067,0.49115329952733455,0.5088467004726654,True,False,outer-3-nuts,sentinel_initial,nuts,False
testing/strawberry/strawberry_6.csv#384:512,testing/strawberry/strawberry_6.csv,fruits,fruits,recognize,0.4650912780390977,0.5011302714846313,0.4827746041672731,0.5172253958327269,True,False,outer-3-nuts,sentinel_initial,nuts,False
testing/strawberry/strawberry_6.csv#512:640,testing/strawberry/strawberry_6.csv,fruits,fruits,recognize,0.4907870478778069,0.6654750201198439,0.5714949873455081,0.4285050126544919,True,False,outer-3-nuts,sentinel_initial,nuts,False
testing/sweet_potato/sweet_potato_6.csv#0:128,testing/sweet_potato/sweet_potato_6.csv,vegetables,vegetables,abstain_unknown,0.9999873619175192,4.774067928313614e-05,0.0049747819412919725,0.995025218058708,False,False,outer-3-nuts,sentinel_initial,nuts,False
testing/sweet_potato/sweet_potato_6.csv#128:256,testing/sweet_potato/sweet_potato_6.csv,vegetables,vegetables,abstain_unknown,0.9987328372660577,2.0259188909677123e-05,0.004498168207222901,0.9955018317927771,True,False,outer-3-nuts,sentinel_initial,nuts,False
testing/sweet_potato/sweet_potato_6.csv#256:384,testing/sweet_potato/sweet_potato_6.csv,vegetables,vegetables,abstain_unknown,0.7866729602161333,0.010152644416547755,0.08936895902486176,0.9106310409751383,True,False,outer-3-nuts,sentinel_initial,nuts,False
testing/sweet_potato/sweet_potato_6.csv#384:512,testing/sweet_potato/sweet_potato_6.csv,vegetables,vegetables,abstain_unknown,0.9347908337696599,0.03359024922508021,0.17720004819311816,0.8227999518068818,True,False,outer-3-nuts,sentinel_initial,nuts,False
testing/tomato/tomato_6.csv#0:128,testing/tomato/tomato_6.csv,vegetables,vegetables,recognize,0.9094413140039369,0.45210318011421285,0.6412186134138873,0.3587813865861127,True,False,outer-3-nuts,sentinel_initial,nuts,False
testing/tomato/tomato_6.csv#128:256,testing/tomato/tomato_6.csv,vegetables,vegetables,recognize,0.8105910182621645,0.4461908983726155,0.4330058298489359,0.5669941701510641,False,False,outer-3-nuts,sentinel_initial,nuts,False
testing/tomato/tomato_6.csv#256:384,testing/tomato/tomato_6.csv,vegetables,vegetables,recognize,0.8807514566580162,0.5092555048456217,0.6697219779161311,0.3302780220838689,True,False,outer-3-nuts,sentinel_initial,nuts,False
testing/tomato/tomato_6.csv#384:512,testing/tomato/tomato_6.csv,vegetables,vegetables,recognize,0.9005855123843143,0.6016866255066132,0.5300052280017451,0.4699947719982549,False,False,outer-3-nuts,sentinel_initial,nuts,False
testing/turnip/turnip_6.csv#0:128,testing/turnip/turnip_6.csv,herbs,fruits,recognize,0.5713468538585348,0.26024608693934953,0.27763519573016854,0.7223648042698314,False,False,outer-3-nuts,sentinel_initial,nuts,False
testing/turnip/turnip_6.csv#128:256,testing/turnip/turnip_6.csv,herbs,fruits,recognize,0.4943235983098552,0.42872096203910004,0.33145572715482585,0.6685442728451741,False,False,outer-3-nuts,sentinel_initial,nuts,False
testing/turnip/turnip_6.csv#256:384,testing/turnip/turnip_6.csv,herbs,fruits,recognize,0.44747628381894955,0.3924330644422488,0.3017173632155051,0.698282636784495,False,False,outer-3-nuts,sentinel_initial,nuts,False
testing/turnip/turnip_6.csv#384:512,testing/turnip/turnip_6.csv,herbs,vegetables,abstain_unknown,0.6808934335995621,0.13610762460581338,0.21918624506349346,0.7808137549365065,False,False,outer-3-nuts,sentinel_initial,nuts,False
testing/almond/almond_6.csv#0:128,testing/almond/almond_6.csv,nuts,herbs,recognize,0.7259593601169365,0.13716174218054078,0.3155532452469941,0.684446754753006,True,False,outer-3-nuts,sentinel_initial,nuts,True
testing/almond/almond_6.csv#128:256,testing/almond/almond_6.csv,nuts,herbs,recognize,0.5908123764959248,0.17422778016007476,0.32083629602646785,0.6791637039735321,True,False,outer-3-nuts,sentinel_initial,nuts,True
testing/almond/almond_6.csv#256:384,testing/almond/almond_6.csv,nuts,herbs,abstain_unknown,0.4829948517873017,0.14280856800035605,0.1890953630984475,0.8109046369015525,False,False,outer-3-nuts,sentinel_initial,nuts,True
testing/almond/almond_6.csv#384:512,testing/almond/almond_6.csv,nuts,herbs,recognize,0.5120965024827315,0.16884953809012618,0.2940531548917276,0.7059468451082724,True,False,outer-3-nuts,sentinel_initial,nuts,True
testing/brazil_nut/brazil_nut_6.csv#0:128,testing/brazil_nut/brazil_nut_6.csv,nuts,vegetables,recognize,0.7040476335734561,0.3308283589600956,0.34748405691502987,0.6525159430849701,False,False,outer-3-nuts,sentinel_initial,nuts,True
testing/brazil_nut/brazil_nut_6.csv#128:256,testing/brazil_nut/brazil_nut_6.csv,nuts,vegetables,recognize,0.5814293124376579,0.24725956243872219,0.37916217820661174,0.6208378217933883,True,False,outer-3-nuts,sentinel_initial,nuts,True
testing/brazil_nut/brazil_nut_6.csv#256:384,testing/brazil_nut/brazil_nut_6.csv,nuts,vegetables,recognize,0.5208675588037506,0.2633044918319543,0.37033331997346947,0.6296666800265305,True,False,outer-3-nuts,sentinel_initial,nuts,True
testing/brazil_nut/brazil_nut_6.csv#384:512,testing/brazil_nut/brazil_nut_6.csv,nuts,vegetables,recognize,0.7506067791066994,0.23190475870924857,0.3003956005380691,0.699604399461931,False,False,outer-3-nuts,sentinel_initial,nuts,True
testing/cashew/cashew_6.csv#0:128,testing/cashew/cashew_6.csv,nuts,vegetables,abstain_unknown,0.9985465597525428,0.024312486302459347,0.15581126261073555,0.8441887373892645,True,False,outer-3-nuts,sentinel_initial,nuts,True
testing/cashew/cashew_6.csv#128:256,testing/cashew/cashew_6.csv,nuts,vegetables,recognize,0.6783281820414169,0.38215291487224756,0.5091415245362727,0.4908584754637273,True,False,outer-3-nuts,sentinel_initial,nuts,True
testing/cashew/cashew_6.csv#256:384,testing/cashew/cashew_6.csv,nuts,vegetables,recognize,0.8382504238152255,0.29418556077877556,0.4965895397641078,0.5034104602358922,True,False,outer-3-nuts,sentinel_initial,nuts,True
testing/cashew/cashew_6.csv#384:512,testing/cashew/cashew_6.csv,nuts,vegetables,recognize,0.9273748073425543,0.11545439565552196,0.32721475811443884,0.6727852418855611,True,False,outer-3-nuts,sentinel_initial,nuts,True
testing/chestnuts/chestnuts_6.csv#0:128,testing/chestnuts/chestnuts_6.csv,nuts,vegetables,abstain_unknown,0.9868175798737978,0.0012885037172540655,0.03565835273703833,0.9643416472629617,True,False,outer-3-nuts,sentinel_initial,nuts,True
testing/chestnuts/chestnuts_6.csv#128:256,testing/chestnuts/chestnuts_6.csv,nuts,vegetables,abstain_unknown,0.8822191450633406,0.022885349968447113,0.10230562540387667,0.8976943745961233,False,False,outer-3-nuts,sentinel_initial,nuts,True
testing/chestnuts/chestnuts_6.csv#256:384,testing/chestnuts/chestnuts_6.csv,nuts,vegetables,abstain_unknown,0.5688215501021994,0.013486652672096127,0.06306270621375733,0.9369372937862427,False,False,outer-3-nuts,sentinel_initial,nuts,True
testing/chestnuts/chestnuts_6.csv#384:512,testing/chestnuts/chestnuts_6.csv,nuts,vegetables,abstain_unknown,0.9606996177890649,0.00743856250854118,0.06086544671610267,0.9391345532838973,False,False,outer-3-nuts,sentinel_initial,nuts,True
testing/hazelnut/hazelnut_6.csv#0:128,testing/hazelnut/hazelnut_6.csv,nuts,vegetables,recognize,0.6111109145902535,0.3198209439969462,0.3183068369922677,0.6816931630077323,False,False,outer-3-nuts,sentinel_initial,nuts,True
testing/hazelnut/hazelnut_6.csv#128:256,testing/hazelnut/hazelnut_6.csv,nuts,vegetables,recognize,0.5136067049173283,0.2844655354107089,0.27520902206945885,0.7247909779305411,False,False,outer-3-nuts,sentinel_initial,nuts,True
testing/hazelnut/hazelnut_6.csv#256:384,testing/hazelnut/hazelnut_6.csv,nuts,vegetables,recognize,0.6183013061169027,0.34130695236756503,0.33075403104336965,0.6692459689566304,False,False,outer-3-nuts,sentinel_initial,nuts,True
testing/hazelnut/hazelnut_6.csv#384:512,testing/hazelnut/hazelnut_6.csv,nuts,vegetables,recognize,0.5495107435004722,0.3362043433003141,0.309472633140274,0.690527366859726,False,False,outer-3-nuts,sentinel_initial,nuts,True
testing/peanuts/peanuts_6.csv#0:128,testing/peanuts/peanuts_6.csv,nuts,vegetables,recognize,0.8228206140539873,0.3461095387934673,0.5336535048512125,0.46634649514878745,True,False,outer-3-nuts,sentinel_initial,nuts,True
testing/peanuts/peanuts_6.csv#128:256,testing/peanuts/peanuts_6.csv,nuts,vegetables,recognize,0.485662131177454,0.38626990634828007,0.31184950154916735,0.6881504984508326,False,False,outer-3-nuts,sentinel_initial,nuts,True
testing/peanuts/peanuts_6.csv#256:384,testing/peanuts/peanuts_6.csv,nuts,vegetables,recognize,0.6571914647705368,0.45256457085684754,0.39266186924587454,0.6073381307541255,False,False,outer-3-nuts,sentinel_initial,nuts,True
testing/peanuts/peanuts_6.csv#384:512,testing/peanuts/peanuts_6.csv,nuts,vegetables,recognize,0.7473522257651423,0.24292201149156192,0.3067810975561117,0.6932189024438883,False,False,outer-3-nuts,sentinel_initial,nuts,True
testing/pecans/pecans_6.csv#0:128,testing/pecans/pecans_6.csv,nuts,vegetables,recognize,0.8981679128738083,0.08710258332404543,0.27970117173525544,0.7202988282647446,True,False,outer-3-nuts,sentinel_initial,nuts,True
testing/pecans/pecans_6.csv#128:256,testing/pecans/pecans_6.csv,nuts,vegetables,recognize,0.7924552983742837,0.08566695155439104,0.2605517792202737,0.7394482207797263,True,False,outer-3-nuts,sentinel_initial,nuts,True
testing/pecans/pecans_6.csv#256:384,testing/pecans/pecans_6.csv,nuts,herbs,abstain_unknown,0.5005181765266223,0.06754217812081185,0.13238230973938767,0.8676176902606123,False,False,outer-3-nuts,sentinel_initial,nuts,True
testing/pecans/pecans_6.csv#384:512,testing/pecans/pecans_6.csv,nuts,herbs,abstain_unknown,0.6363209657158115,0.07896304328965556,0.22415583856311452,0.7758441614368855,True,False,outer-3-nuts,sentinel_initial,nuts,True
testing/pili_nut/pili_nut_6.csv#0:128,testing/pili_nut/pili_nut_6.csv,nuts,vegetables,recognize,0.6509715627743345,0.13535958925622862,0.29684211856577764,0.7031578814342223,True,False,outer-3-nuts,sentinel_initial,nuts,True
testing/pili_nut/pili_nut_6.csv#128:256,testing/pili_nut/pili_nut_6.csv,nuts,vegetables,recognize,0.673591429466746,0.18950152726485286,0.35727665000173714,0.6427233499982629,True,False,outer-3-nuts,sentinel_initial,nuts,True
testing/pili_nut/pili_nut_6.csv#256:384,testing/pili_nut/pili_nut_6.csv,nuts,vegetables,recognize,0.5354693494056547,0.1460959736348522,0.27969611358229485,0.7203038864177052,True,False,outer-3-nuts,sentinel_initial,nuts,True
testing/pili_nut/pili_nut_6.csv#384:512,testing/pili_nut/pili_nut_6.csv,nuts,vegetables,recognize,0.5291401977432322,0.14361136448269526,0.2756638275155969,0.7243361724844031,True,False,outer-3-nuts,sentinel_initial,nuts,True
testing/pistachios/pistachios_6.csv#0:128,testing/pistachios/pistachios_6.csv,nuts,herbs,abstain_unknown,0.35621935287321443,0.23349376196258853,0.20764854522483356,0.7923514547751664,False,False,outer-3-nuts,sentinel_initial,nuts,True
testing/pistachios/pistachios_6.csv#128:256,testing/pistachios/pistachios_6.csv,nuts,vegetables,abstain_unknown,0.35563797041199263,0.2555782423694948,0.21706934588512114,0.7829306541148788,False,False,outer-3-nuts,sentinel_initial,nuts,True
testing/pistachios/pistachios_6.csv#256:384,testing/pistachios/pistachios_6.csv,nuts,herbs,abstain_unknown,0.41448901638261976,0.2524098095257043,0.23288532577525886,0.7671146742247411,False,False,outer-3-nuts,sentinel_initial,nuts,True
testing/pistachios/pistachios_6.csv#384:512,testing/pistachios/pistachios_6.csv,nuts,vegetables,recognize,0.558234950715011,0.24017530168574483,0.2636362835563861,0.7363637164436139,False,False,outer-3-nuts,sentinel_initial,nuts,True
testing/pistachios/pistachios_6.csv#512:640,testing/pistachios/pistachios_6.csv,nuts,fruits,recognize,0.43243434275399056,0.26733850984914154,0.3400093422237759,0.6599906577762241,True,False,outer-3-nuts,sentinel_initial,nuts,True
testing/walnuts/walnuts_6.csv#0:128,testing/walnuts/walnuts_6.csv,nuts,vegetables,recognize,0.5158953371313425,0.19310900852024737,0.3156327566233459,0.6843672433766541,True,False,outer-3-nuts,sentinel_initial,nuts,True
testing/walnuts/walnuts_6.csv#128:256,testing/walnuts/walnuts_6.csv,nuts,vegetables,recognize,0.6645298431247524,0.19093541241686718,0.3562053897126497,0.6437946102873503,True,False,outer-3-nuts,sentinel_initial,nuts,True
testing/walnuts/walnuts_6.csv#256:384,testing/walnuts/walnuts_6.csv,nuts,vegetables,recognize,0.6660873898660004,0.21263059659088795,0.3763383571852264,0.6236616428147737,True,False,outer-3-nuts,sentinel_initial,nuts,True
testing/walnuts/walnuts_6.csv#384:512,testing/walnuts/walnuts_6.csv,nuts,vegetables,recognize,0.5507195240969125,0.16734447303556704,0.3035784388760112,0.6964215611239888,True,False,outer-3-nuts,sentinel_initial,nuts,True
testing/walnuts/walnuts_6.csv#512:640,testing/walnuts/walnuts_6.csv,nuts,vegetables,recognize,0.8900624401624476,0.13594142639672432,0.3478453071378601,0.6521546928621399,True,False,outer-3-nuts,sentinel_initial,nuts,True
testing/walnuts/walnuts_6.csv#640:768,testing/walnuts/walnuts_6.csv,nuts,vegetables,recognize,0.6290864263917102,0.4106128073470786,0.365934957560283,0.634065042439717,False,False,outer-3-nuts,sentinel_initial,nuts,True
testing/almond/almond_6.csv#0:128,testing/almond/almond_6.csv,nuts,herbs,recognize,0.7259593601169365,0.13716174218054078,0.3155532452469941,0.684446754753006,True,False,outer-3-nuts,sentinel_pair_initial,nuts,True
testing/almond/almond_6.csv#256:384,testing/almond/almond_6.csv,nuts,herbs,abstain_unknown,0.4829948517873017,0.14280856800035605,0.1890953630984475,0.8109046369015525,False,False,outer-3-nuts,sentinel_pair_initial,nuts,True
testing/angelica/angelica_6.csv#0:128,testing/angelica/angelica_6.csv,herbs,herbs,recognize,0.859516725412349,0.24359857884082872,0.4575773735668876,0.5424226264331125,True,False,outer-3-nuts,sentinel_pair_initial,nuts,False
testing/angelica/angelica_6.csv#256:384,testing/angelica/angelica_6.csv,herbs,herbs,recognize,0.8606111439628277,0.4162945848012915,0.5985547250263503,0.4014452749736497,True,False,outer-3-nuts,sentinel_pair_initial,nuts,False
testing/apple/apple_6.csv#0:128,testing/apple/apple_6.csv,fruits,vegetables,recognize,0.48650775923716033,0.3436035016991025,0.4088591073678953,0.5911408926321047,True,False,outer-3-nuts,sentinel_pair_initial,nuts,False
testing/apple/apple_6.csv#256:384,testing/apple/apple_6.csv,fruits,vegetables,recognize,0.4434384804930106,0.4416209671798169,0.31862072933789665,0.6813792706621034,False,False,outer-3-nuts,sentinel_pair_initial,nuts,False
testing/asparagus/asparagus_6.csv#0:128,testing/asparagus/asparagus_6.csv,vegetables,herbs,abstain_unknown,0.4965729598937851,0.20286851401347825,0.22852375626259339,0.7714762437374066,False,False,outer-3-nuts,sentinel_pair_initial,nuts,False
testing/asparagus/asparagus_6.csv#256:384,testing/asparagus/asparagus_6.csv,vegetables,vegetables,recognize,0.5925578977491822,0.09900725965191413,0.24221381802293127,0.7577861819770687,True,False,outer-3-nuts,sentinel_pair_initial,nuts,False
testing/avocado/avocado_6.csv#0:128,testing/avocado/avocado_6.csv,vegetables,vegetables,recognize,0.8181088376219898,0.368837241131129,0.3955081352240848,0.6044918647759152,False,False,outer-3-nuts,sentinel_pair_initial,nuts,False
testing/avocado/avocado_6.csv#256:384,testing/avocado/avocado_6.csv,vegetables,vegetables,recognize,0.644839855434467,0.44374979863351427,0.3851478846240141,0.6148521153759858,False,False,outer-3-nuts,sentinel_pair_initial,nuts,False
testing/banana/banana_6.csv#0:128,testing/banana/banana_6.csv,fruits,fruits,recognize,0.5324342016702267,0.1701787357255214,0.30101325435479825,0.6989867456452017,True,False,outer-3-nuts,sentinel_pair_initial,nuts,False
testing/banana/banana_6.csv#256:384,testing/banana/banana_6.csv,fruits,herbs,abstain_unknown,0.7452131770278851,0.05128384120996364,0.19549269612512532,0.8045073038748747,True,False,outer-3-nuts,sentinel_pair_initial,nuts,False
testing/brazil_nut/brazil_nut_6.csv#0:128,testing/brazil_nut/brazil_nut_6.csv,nuts,vegetables,recognize,0.7040476335734561,0.3308283589600956,0.34748405691502987,0.6525159430849701,False,False,outer-3-nuts,sentinel_pair_initial,nuts,True
testing/brazil_nut/brazil_nut_6.csv#256:384,testing/brazil_nut/brazil_nut_6.csv,nuts,vegetables,recognize,0.5208675588037506,0.2633044918319543,0.37033331997346947,0.6296666800265305,True,False,outer-3-nuts,sentinel_pair_initial,nuts,True
testing/broccoli/broccoli_6.csv#0:128,testing/broccoli/broccoli_6.csv,vegetables,vegetables,recognize,0.6499706843445393,0.1706799631417447,0.33307202291267357,0.6669279770873264,True,False,outer-3-nuts,sentinel_pair_initial,nuts,False
testing/broccoli/broccoli_6.csv#256:384,testing/broccoli/broccoli_6.csv,vegetables,vegetables,recognize,0.8144811270924287,0.2582814585726209,0.45865605139941706,0.5413439486005829,True,False,outer-3-nuts,sentinel_pair_initial,nuts,False
testing/brussel_sprouts/brussel_sprouts_6.csv#0:128,testing/brussel_sprouts/brussel_sprouts_6.csv,vegetables,vegetables,recognize,0.6989674240314605,0.18633664936877023,0.36089229392152833,0.6391077060784717,True,False,outer-3-nuts,sentinel_pair_initial,nuts,False
testing/brussel_sprouts/brussel_sprouts_6.csv#256:384,testing/brussel_sprouts/brussel_sprouts_6.csv,vegetables,fruits,recognize,0.5990476336103737,0.4104920599732004,0.49588738352855205,0.504112616471448,True,False,outer-3-nuts,sentinel_pair_initial,nuts,False
testing/cabbage/cabbage_6.csv#0:128,testing/cabbage/cabbage_6.csv,vegetables,vegetables,recognize,0.7714545389481364,0.3941244704079678,0.5514064849154,0.4485935150846,True,False,outer-3-nuts,sentinel_pair_initial,nuts,False
testing/cabbage/cabbage_6.csv#256:384,testing/cabbage/cabbage_6.csv,vegetables,vegetables,recognize,0.7184461958415875,0.6899703627431585,0.7040643311205749,0.29593566887942513,True,False,outer-3-nuts,sentinel_pair_initial,nuts,False
testing/cashew/cashew_6.csv#0:128,testing/cashew/cashew_6.csv,nuts,vegetables,abstain_unknown,0.9985465597525428,0.024312486302459347,0.15581126261073555,0.8441887373892645,True,False,outer-3-nuts,sentinel_pair_initial,nuts,True
testing/cashew/cashew_6.csv#256:384,testing/cashew/cashew_6.csv,nuts,vegetables,recognize,0.8382504238152255,0.29418556077877556,0.4965895397641078,0.5034104602358922,True,False,outer-3-nuts,sentinel_pair_initial,nuts,True
testing/cauliflower/cauliflower_6.csv#0:128,testing/cauliflower/cauliflower_6.csv,vegetables,vegetables,recognize,0.5102847148947196,0.641709057943683,0.5722362481337157,0.42776375186628435,True,False,outer-3-nuts,sentinel_pair_initial,nuts,False
testing/cauliflower/cauliflower_6.csv#256:384,testing/cauliflower/cauliflower_6.csv,vegetables,vegetables,recognize,0.6167134938347754,0.6136504355374771,0.6151800582703808,0.3848199417296192,True,False,outer-3-nuts,sentinel_pair_initial,nuts,False
testing/chamomile/chamomile_6.csv#0:128,testing/chamomile/chamomile_6.csv,herbs,fruits,recognize,0.5289523607903642,0.5419042934967475,0.5353891625421073,0.46461083745789267,True,False,outer-3-nuts,sentinel_pair_initial,nuts,False
testing/chamomile/chamomile_6.csv#256:384,testing/chamomile/chamomile_6.csv,herbs,herbs,recognize,0.44383551833070245,0.5593136555094004,0.35873292182256217,0.6412670781774379,False,False,outer-3-nuts,sentinel_pair_initial,nuts,False
testing/chestnuts/chestnuts_6.csv#0:128,testing/chestnuts/chestnuts_6.csv,nuts,vegetables,abstain_unknown,0.9868175798737978,0.0012885037172540655,0.03565835273703833,0.9643416472629617,True,False,outer-3-nuts,sentinel_pair_initial,nuts,True
testing/chestnuts/chestnuts_6.csv#256:384,testing/chestnuts/chestnuts_6.csv,nuts,vegetables,abstain_unknown,0.5688215501021994,0.013486652672096127,0.06306270621375733,0.9369372937862427,False,False,outer-3-nuts,sentinel_pair_initial,nuts,True
testing/chives/chives_6.csv#0:128,testing/chives/chives_6.csv,herbs,vegetables,recognize,0.8174855044124023,0.1801448059563849,0.38375222157601857,0.6162477784239815,True,False,outer-3-nuts,sentinel_pair_initial,nuts,False
testing/chives/chives_6.csv#256:384,testing/chives/chives_6.csv,herbs,vegetables,recognize,0.7738133434786332,0.255946347410798,0.32042402512799006,0.6795759748720099,False,False,outer-3-nuts,sentinel_pair_initial,nuts,False
testing/coriander/coriander_6.csv#0:128,testing/coriander/coriander_6.csv,herbs,herbs,recognize,0.9793067982101948,0.10492595889539481,0.32055374721719226,0.6794462527828078,True,False,outer-3-nuts,sentinel_pair_initial,nuts,False
testing/coriander/coriander_6.csv#256:384,testing/coriander/coriander_6.csv,herbs,herbs,recognize,0.9167311835070772,0.23436474860918463,0.4635185793092187,0.5364814206907813,True,False,outer-3-nuts,sentinel_pair_initial,nuts,False
testing/dill/dill_6.csv#0:128,testing/dill/dill_6.csv,herbs,herbs,abstain_unknown,0.7275209243005065,0.013169368393265903,0.09788253708360183,0.9021174629163982,True,False,outer-3-nuts,sentinel_pair_initial,nuts,False
testing/dill/dill_6.csv#256:384,testing/dill/dill_6.csv,herbs,herbs,abstain_unknown,0.9717567515587506,0.01618988185056714,0.1254297691747342,0.8745702308252659,True,False,outer-3-nuts,sentinel_pair_initial,nuts,False
testing/garlic/garlic_6.csv#0:128,testing/garlic/garlic_6.csv,herbs,vegetables,recognize,0.5659925785799101,0.1455272612457071,0.28699712515307535,0.7130028748469246,True,False,outer-3-nuts,sentinel_pair_initial,nuts,False
testing/garlic/garlic_6.csv#256:384,testing/garlic/garlic_6.csv,herbs,fruits,recognize,0.47145461279293677,0.3655964904926477,0.29891895143353725,0.7010810485664627,False,False,outer-3-nuts,sentinel_pair_initial,nuts,False
testing/hazelnut/hazelnut_6.csv#0:128,testing/hazelnut/hazelnut_6.csv,nuts,vegetables,recognize,0.6111109145902535,0.3198209439969462,0.3183068369922677,0.6816931630077323,False,False,outer-3-nuts,sentinel_pair_initial,nuts,True
testing/hazelnut/hazelnut_6.csv#256:384,testing/hazelnut/hazelnut_6.csv,nuts,vegetables,recognize,0.6183013061169027,0.34130695236756503,0.33075403104336965,0.6692459689566304,False,False,outer-3-nuts,sentinel_pair_initial,nuts,True
testing/kiwi/kiwi_6.csv#0:128,testing/kiwi/kiwi_6.csv,fruits,vegetables,recognize,0.47120963236129215,0.5203819026985667,0.35653376766597994,0.6434662323340201,False,False,outer-3-nuts,sentinel_pair_initial,nuts,False
testing/kiwi/kiwi_6.csv#256:384,testing/kiwi/kiwi_6.csv,fruits,vegetables,recognize,0.41554261147431304,0.7321627764347255,0.39714042980214664,0.6028595701978534,False,False,outer-3-nuts,sentinel_pair_initial,nuts,False
testing/lemon/lemon_6.csv#0:128,testing/lemon/lemon_6.csv,fruits,fruits,abstain_unknown,0.9978025422081973,0.001154479624670677,0.033940281442910385,0.9660597185570896,True,False,outer-3-nuts,sentinel_pair_initial,nuts,False
testing/lemon/lemon_6.csv#256:384,testing/lemon/lemon_6.csv,fruits,herbs,abstain_unknown,0.7634731753594075,0.0394737445104815,0.12499238377422411,0.8750076162257758,False,False,outer-3-nuts,sentinel_pair_initial,nuts,False
testing/mandarin_orange/mandarin_orange_6.csv#0:128,testing/mandarin_orange/mandarin_orange_6.csv,fruits,fruits,abstain_unknown,0.4886733020294577,0.15169138091054818,0.19602987148560772,0.8039701285143923,False,False,outer-3-nuts,sentinel_pair_initial,nuts,False
testing/mandarin_orange/mandarin_orange_6.csv#256:384,testing/mandarin_orange/mandarin_orange_6.csv,fruits,fruits,recognize,0.4710252519539226,0.32634079095908397,0.2822866063110406,0.7177133936889595,False,False,outer-3-nuts,sentinel_pair_initial,nuts,False
testing/mango/mango_6.csv#0:128,testing/mango/mango_6.csv,fruits,fruits,recognize,0.609702087991147,0.3498879180155709,0.46187378598159134,0.5381262140184087,True,False,outer-3-nuts,sentinel_pair_initial,nuts,False
testing/mango/mango_6.csv#256:384,testing/mango/mango_6.csv,fruits,herbs,recognize,0.632175042115506,0.4448343084791524,0.3818126448485488,0.6181873551514512,False,False,outer-3-nuts,sentinel_pair_initial,nuts,False
testing/mint/mint_6.csv#0:128,testing/mint/mint_6.csv,herbs,vegetables,recognize,0.9742842578122467,0.07640514162686558,0.2728375463585801,0.7271624536414198,True,False,outer-3-nuts,sentinel_pair_initial,nuts,False
testing/mint/mint_6.csv#256:384,testing/mint/mint_6.csv,herbs,vegetables,recognize,0.9764884944066167,0.08461663038858777,0.2874494146974616,0.7125505853025385,True,False,outer-3-nuts,sentinel_pair_initial,nuts,False
testing/mugwort/mugwort_6.csv#0:128,testing/mugwort/mugwort_6.csv,herbs,herbs,recognize,0.6748788132817716,0.41029193739405984,0.5262103531930762,0.4737896468069238,True,False,outer-3-nuts,sentinel_pair_initial,nuts,False
testing/mugwort/mugwort_6.csv#256:384,testing/mugwort/mugwort_6.csv,herbs,herbs,recognize,0.6799202588423883,0.38065577957651187,0.5087392025188476,0.49126079748115237,True,False,outer-3-nuts,sentinel_pair_initial,nuts,False
testing/oregano/oregano_6.csv#0:128,testing/oregano/oregano_6.csv,herbs,herbs,abstain_unknown,0.9819417488817791,0.00196796947377408,0.043959428872810374,0.9560405711271897,True,False,outer-3-nuts,sentinel_pair_initial,nuts,False
testing/oregano/oregano_6.csv#256:384,testing/oregano/oregano_6.csv,herbs,herbs,abstain_unknown,0.7235282214285242,0.01871642802606843,0.11636951439787087,0.8836304856021291,True,False,outer-3-nuts,sentinel_pair_initial,nuts,False
testing/peach/peach_6.csv#0:128,testing/peach/peach_6.csv,fruits,fruits,abstain_unknown,0.901488010444895,0.0029701581440063486,0.05174516359957697,0.9482548364004231,True,False,outer-3-nuts,sentinel_pair_initial,nuts,False
testing/peach/peach_6.csv#256:384,testing/peach/peach_6.csv,fruits,fruits,abstain_unknown,0.9999640290073896,0.0017540668011053631,0.04188082742235906,0.9581191725776409,True,False,outer-3-nuts,sentinel_pair_initial,nuts,False
testing/peanuts/peanuts_6.csv#0:128,testing/peanuts/peanuts_6.csv,nuts,vegetables,recognize,0.8228206140539873,0.3461095387934673,0.5336535048512125,0.46634649514878745,True,False,outer-3-nuts,sentinel_pair_initial,nuts,True
testing/peanuts/peanuts_6.csv#256:384,testing/peanuts/peanuts_6.csv,nuts,vegetables,recognize,0.6571914647705368,0.45256457085684754,0.39266186924587454,0.6073381307541255,False,False,outer-3-nuts,sentinel_pair_initial,nuts,True
testing/pear/pear_6.csv#0:128,testing/pear/pear_6.csv,fruits,vegetables,recognize,0.49224098249714465,0.2784257712875514,0.26654841021742975,0.7334515897825702,False,False,outer-3-nuts,sentinel_pair_initial,nuts,False
testing/pear/pear_6.csv#256:384,testing/pear/pear_6.csv,fruits,fruits,recognize,0.4972308482431507,0.48255200005492327,0.4898364424057671,0.5101635575942329,True,False,outer-3-nuts,sentinel_pair_initial,nuts,False
testing/pecans/pecans_6.csv#0:128,testing/pecans/pecans_6.csv,nuts,vegetables,recognize,0.8981679128738083,0.08710258332404543,0.27970117173525544,0.7202988282647446,True,False,outer-3-nuts,sentinel_pair_initial,nuts,True
testing/pecans/pecans_6.csv#256:384,testing/pecans/pecans_6.csv,nuts,herbs,abstain_unknown,0.5005181765266223,0.06754217812081185,0.13238230973938767,0.8676176902606123,False,False,outer-3-nuts,sentinel_pair_initial,nuts,True
testing/pili_nut/pili_nut_6.csv#0:128,testing/pili_nut/pili_nut_6.csv,nuts,vegetables,recognize,0.6509715627743345,0.13535958925622862,0.29684211856577764,0.7031578814342223,True,False,outer-3-nuts,sentinel_pair_initial,nuts,True
testing/pili_nut/pili_nut_6.csv#256:384,testing/pili_nut/pili_nut_6.csv,nuts,vegetables,recognize,0.5354693494056547,0.1460959736348522,0.27969611358229485,0.7203038864177052,True,False,outer-3-nuts,sentinel_pair_initial,nuts,True
testing/pineapple/pineapple_6.csv#0:128,testing/pineapple/pineapple_6.csv,fruits,fruits,abstain_unknown,0.787223825961168,0.0618468888870408,0.22065208925693747,0.7793479107430625,True,False,outer-3-nuts,sentinel_pair_initial,nuts,False
testing/pineapple/pineapple_6.csv#256:384,testing/pineapple/pineapple_6.csv,fruits,fruits,recognize,0.8298798213340076,0.07768143327345164,0.253902055852137,0.746097944147863,True,False,outer-3-nuts,sentinel_pair_initial,nuts,False
testing/pistachios/pistachios_6.csv#0:128,testing/pistachios/pistachios_6.csv,nuts,herbs,abstain_unknown,0.35621935287321443,0.23349376196258853,0.20764854522483356,0.7923514547751664,False,False,outer-3-nuts,sentinel_pair_initial,nuts,True
testing/pistachios/pistachios_6.csv#256:384,testing/pistachios/pistachios_6.csv,nuts,herbs,abstain_unknown,0.41448901638261976,0.2524098095257043,0.23288532577525886,0.7671146742247411,False,False,outer-3-nuts,sentinel_pair_initial,nuts,True
testing/potato/potato_6.csv#0:128,testing/potato/potato_6.csv,vegetables,vegetables,recognize,0.6802497501867327,0.25648693098384895,0.41770225128424315,0.5822977487157568,True,False,outer-3-nuts,sentinel_pair_initial,nuts,False
testing/potato/potato_6.csv#256:384,testing/potato/potato_6.csv,vegetables,vegetables,recognize,0.8315004676236875,0.2927083237186571,0.49334278959908706,0.5066572104009129,True,False,outer-3-nuts,sentinel_pair_initial,nuts,False
testing/radish/radish_6.csv#0:128,testing/radish/radish_6.csv,vegetables,fruits,recognize,0.7667724078737781,0.4810822291766935,0.43729588642447714,0.5627041135755229,False,False,outer-3-nuts,sentinel_pair_initial,nuts,False
testing/radish/radish_6.csv#256:384,testing/radish/radish_6.csv,vegetables,fruits,recognize,0.420047173452587,0.6447534005182608,0.37469539048474265,0.6253046095152573,False,False,outer-3-nuts,sentinel_pair_initial,nuts,False
testing/strawberry/strawberry_6.csv#0:128,testing/strawberry/strawberry_6.csv,fruits,fruits,recognize,0.401654693418097,0.4751221033885436,0.43684668108237573,0.5631533189176243,True,False,outer-3-nuts,sentinel_pair_initial,nuts,False
testing/strawberry/strawberry_6.csv#256:384,testing/strawberry/strawberry_6.csv,fruits,fruits,recognize,0.41423747448923465,0.5823508940953067,0.49115329952733455,0.5088467004726654,True,False,outer-3-nuts,sentinel_pair_initial,nuts,False
testing/sweet_potato/sweet_potato_6.csv#0:128,testing/sweet_potato/sweet_potato_6.csv,vegetables,vegetables,abstain_unknown,0.9999873619175192,4.774067928313614e-05,0.0049747819412919725,0.995025218058708,False,False,outer-3-nuts,sentinel_pair_initial,nuts,False
testing/sweet_potato/sweet_potato_6.csv#256:384,testing/sweet_potato/sweet_potato_6.csv,vegetables,vegetables,abstain_unknown,0.7866729602161333,0.010152644416547755,0.08936895902486176,0.9106310409751383,True,False,outer-3-nuts,sentinel_pair_initial,nuts,False
testing/tomato/tomato_6.csv#0:128,testing/tomato/tomato_6.csv,vegetables,vegetables,recognize,0.9094413140039369,0.45210318011421285,0.6412186134138873,0.3587813865861127,True,False,outer-3-nuts,sentinel_pair_initial,nuts,False
testing/tomato/tomato_6.csv#256:384,testing/tomato/tomato_6.csv,vegetables,vegetables,recognize,0.8807514566580162,0.5092555048456217,0.6697219779161311,0.3302780220838689,True,False,outer-3-nuts,sentinel_pair_initial,nuts,False
testing/turnip/turnip_6.csv#0:128,testing/turnip/turnip_6.csv,herbs,fruits,recognize,0.5713468538585348,0.26024608693934953,0.27763519573016854,0.7223648042698314,False,False,outer-3-nuts,sentinel_pair_initial,nuts,False
testing/turnip/turnip_6.csv#256:384,testing/turnip/turnip_6.csv,herbs,fruits,recognize,0.44747628381894955,0.3924330644422488,0.3017173632155051,0.698282636784495,False,False,outer-3-nuts,sentinel_pair_initial,nuts,False
testing/walnuts/walnuts_6.csv#0:128,testing/walnuts/walnuts_6.csv,nuts,vegetables,recognize,0.5158953371313425,0.19310900852024737,0.3156327566233459,0.6843672433766541,True,False,outer-3-nuts,sentinel_pair_initial,nuts,True
testing/walnuts/walnuts_6.csv#256:384,testing/walnuts/walnuts_6.csv,nuts,vegetables,recognize,0.6660873898660004,0.21263059659088795,0.3763383571852264,0.6236616428147737,True,False,outer-3-nuts,sentinel_pair_initial,nuts,True
testing/walnuts/walnuts_6.csv#512:640,testing/walnuts/walnuts_6.csv,nuts,vegetables,recognize,0.8900624401624476,0.13594142639672432,0.3478453071378601,0.6521546928621399,True,False,outer-3-nuts,sentinel_pair_initial,nuts,True
testing/almond/almond_6.csv#0:128,testing/almond/almond_6.csv,nuts,herbs,recognize,0.7259593601169365,0.13716174218054078,0.3155532452469941,0.684446754753006,True,False,outer-3-nuts,sentinel_asymmetric_repeat_veto,nuts,True
testing/almond/almond_6.csv#256:384,testing/almond/almond_6.csv,nuts,herbs,abstain_unknown,0.4829948517873017,0.14280856800035605,0.1890953630984475,0.8109046369015525,False,True,outer-3-nuts,sentinel_asymmetric_repeat_veto,nuts,True
testing/angelica/angelica_6.csv#0:128,testing/angelica/angelica_6.csv,herbs,herbs,recognize,0.859516725412349,0.24359857884082872,0.4575773735668876,0.5424226264331125,True,False,outer-3-nuts,sentinel_asymmetric_repeat_veto,nuts,False
testing/angelica/angelica_6.csv#256:384,testing/angelica/angelica_6.csv,herbs,herbs,recognize,0.8606111439628277,0.4162945848012915,0.5985547250263503,0.4014452749736497,True,False,outer-3-nuts,sentinel_asymmetric_repeat_veto,nuts,False
testing/apple/apple_6.csv#0:128,testing/apple/apple_6.csv,fruits,vegetables,recognize,0.48650775923716033,0.3436035016991025,0.4088591073678953,0.5911408926321047,True,False,outer-3-nuts,sentinel_asymmetric_repeat_veto,nuts,False
testing/apple/apple_6.csv#256:384,testing/apple/apple_6.csv,fruits,vegetables,recognize,0.4434384804930106,0.4416209671798169,0.31862072933789665,0.6813792706621034,False,False,outer-3-nuts,sentinel_asymmetric_repeat_veto,nuts,False
testing/asparagus/asparagus_6.csv#0:128,testing/asparagus/asparagus_6.csv,vegetables,herbs,abstain_unknown,0.4965729598937851,0.20286851401347825,0.22852375626259339,0.7714762437374066,False,True,outer-3-nuts,sentinel_asymmetric_repeat_veto,nuts,False
testing/asparagus/asparagus_6.csv#256:384,testing/asparagus/asparagus_6.csv,vegetables,vegetables,recognize,0.5925578977491822,0.09900725965191413,0.24221381802293127,0.7577861819770687,True,True,outer-3-nuts,sentinel_asymmetric_repeat_veto,nuts,False
testing/avocado/avocado_6.csv#0:128,testing/avocado/avocado_6.csv,vegetables,vegetables,recognize,0.8181088376219898,0.368837241131129,0.3955081352240848,0.6044918647759152,False,False,outer-3-nuts,sentinel_asymmetric_repeat_veto,nuts,False
testing/avocado/avocado_6.csv#256:384,testing/avocado/avocado_6.csv,vegetables,vegetables,recognize,0.644839855434467,0.44374979863351427,0.3851478846240141,0.6148521153759858,False,False,outer-3-nuts,sentinel_asymmetric_repeat_veto,nuts,False
testing/banana/banana_6.csv#0:128,testing/banana/banana_6.csv,fruits,fruits,recognize,0.5324342016702267,0.1701787357255214,0.30101325435479825,0.6989867456452017,True,False,outer-3-nuts,sentinel_asymmetric_repeat_veto,nuts,False
testing/banana/banana_6.csv#256:384,testing/banana/banana_6.csv,fruits,herbs,abstain_unknown,0.7452131770278851,0.05128384120996364,0.19549269612512532,0.8045073038748747,True,True,outer-3-nuts,sentinel_asymmetric_repeat_veto,nuts,False
testing/brazil_nut/brazil_nut_6.csv#0:128,testing/brazil_nut/brazil_nut_6.csv,nuts,vegetables,recognize,0.7040476335734561,0.3308283589600956,0.34748405691502987,0.6525159430849701,False,False,outer-3-nuts,sentinel_asymmetric_repeat_veto,nuts,True
testing/brazil_nut/brazil_nut_6.csv#256:384,testing/brazil_nut/brazil_nut_6.csv,nuts,vegetables,recognize,0.5208675588037506,0.2633044918319543,0.37033331997346947,0.6296666800265305,True,False,outer-3-nuts,sentinel_asymmetric_repeat_veto,nuts,True
testing/broccoli/broccoli_6.csv#0:128,testing/broccoli/broccoli_6.csv,vegetables,vegetables,recognize,0.6499706843445393,0.1706799631417447,0.33307202291267357,0.6669279770873264,True,False,outer-3-nuts,sentinel_asymmetric_repeat_veto,nuts,False
testing/broccoli/broccoli_6.csv#256:384,testing/broccoli/broccoli_6.csv,vegetables,vegetables,recognize,0.8144811270924287,0.2582814585726209,0.45865605139941706,0.5413439486005829,True,False,outer-3-nuts,sentinel_asymmetric_repeat_veto,nuts,False
testing/brussel_sprouts/brussel_sprouts_6.csv#0:128,testing/brussel_sprouts/brussel_sprouts_6.csv,vegetables,vegetables,recognize,0.6989674240314605,0.18633664936877023,0.36089229392152833,0.6391077060784717,True,False,outer-3-nuts,sentinel_asymmetric_repeat_veto,nuts,False
testing/brussel_sprouts/brussel_sprouts_6.csv#256:384,testing/brussel_sprouts/brussel_sprouts_6.csv,vegetables,fruits,recognize,0.5990476336103737,0.4104920599732004,0.49588738352855205,0.504112616471448,True,False,outer-3-nuts,sentinel_asymmetric_repeat_veto,nuts,False
testing/cabbage/cabbage_6.csv#0:128,testing/cabbage/cabbage_6.csv,vegetables,vegetables,recognize,0.7714545389481364,0.3941244704079678,0.5514064849154,0.4485935150846,True,False,outer-3-nuts,sentinel_asymmetric_repeat_veto,nuts,False
testing/cabbage/cabbage_6.csv#256:384,testing/cabbage/cabbage_6.csv,vegetables,vegetables,recognize,0.7184461958415875,0.6899703627431585,0.7040643311205749,0.29593566887942513,True,False,outer-3-nuts,sentinel_asymmetric_repeat_veto,nuts,False
testing/cashew/cashew_6.csv#0:128,testing/cashew/cashew_6.csv,nuts,vegetables,abstain_unknown,0.9985465597525428,0.024312486302459347,0.15581126261073555,0.8441887373892645,True,False,outer-3-nuts,sentinel_asymmetric_repeat_veto,nuts,True
testing/cashew/cashew_6.csv#256:384,testing/cashew/cashew_6.csv,nuts,vegetables,recognize,0.8382504238152255,0.29418556077877556,0.4965895397641078,0.5034104602358922,True,False,outer-3-nuts,sentinel_asymmetric_repeat_veto,nuts,True
testing/cauliflower/cauliflower_6.csv#0:128,testing/cauliflower/cauliflower_6.csv,vegetables,vegetables,recognize,0.5102847148947196,0.641709057943683,0.5722362481337157,0.42776375186628435,True,False,outer-3-nuts,sentinel_asymmetric_repeat_veto,nuts,False
testing/cauliflower/cauliflower_6.csv#256:384,testing/cauliflower/cauliflower_6.csv,vegetables,vegetables,recognize,0.6167134938347754,0.6136504355374771,0.6151800582703808,0.3848199417296192,True,False,outer-3-nuts,sentinel_asymmetric_repeat_veto,nuts,False
testing/chamomile/chamomile_6.csv#0:128,testing/chamomile/chamomile_6.csv,herbs,fruits,recognize,0.5289523607903642,0.5419042934967475,0.5353891625421073,0.46461083745789267,True,False,outer-3-nuts,sentinel_asymmetric_repeat_veto,nuts,False
testing/chamomile/chamomile_6.csv#256:384,testing/chamomile/chamomile_6.csv,herbs,herbs,recognize,0.44383551833070245,0.5593136555094004,0.35873292182256217,0.6412670781774379,False,False,outer-3-nuts,sentinel_asymmetric_repeat_veto,nuts,False
testing/chestnuts/chestnuts_6.csv#0:128,testing/chestnuts/chestnuts_6.csv,nuts,vegetables,abstain_unknown,0.9868175798737978,0.0012885037172540655,0.03565835273703833,0.9643416472629617,True,False,outer-3-nuts,sentinel_asymmetric_repeat_veto,nuts,True
testing/chestnuts/chestnuts_6.csv#256:384,testing/chestnuts/chestnuts_6.csv,nuts,vegetables,abstain_unknown,0.5688215501021994,0.013486652672096127,0.06306270621375733,0.9369372937862427,False,False,outer-3-nuts,sentinel_asymmetric_repeat_veto,nuts,True
testing/chives/chives_6.csv#0:128,testing/chives/chives_6.csv,herbs,vegetables,recognize,0.8174855044124023,0.1801448059563849,0.38375222157601857,0.6162477784239815,True,False,outer-3-nuts,sentinel_asymmetric_repeat_veto,nuts,False
testing/chives/chives_6.csv#256:384,testing/chives/chives_6.csv,herbs,vegetables,recognize,0.7738133434786332,0.255946347410798,0.32042402512799006,0.6795759748720099,False,False,outer-3-nuts,sentinel_asymmetric_repeat_veto,nuts,False
testing/coriander/coriander_6.csv#0:128,testing/coriander/coriander_6.csv,herbs,herbs,recognize,0.9793067982101948,0.10492595889539481,0.32055374721719226,0.6794462527828078,True,False,outer-3-nuts,sentinel_asymmetric_repeat_veto,nuts,False
testing/coriander/coriander_6.csv#256:384,testing/coriander/coriander_6.csv,herbs,herbs,recognize,0.9167311835070772,0.23436474860918463,0.4635185793092187,0.5364814206907813,True,False,outer-3-nuts,sentinel_asymmetric_repeat_veto,nuts,False
testing/dill/dill_6.csv#0:128,testing/dill/dill_6.csv,herbs,herbs,abstain_unknown,0.7275209243005065,0.013169368393265903,0.09788253708360183,0.9021174629163982,True,False,outer-3-nuts,sentinel_asymmetric_repeat_veto,nuts,False
testing/dill/dill_6.csv#256:384,testing/dill/dill_6.csv,herbs,herbs,abstain_unknown,0.9717567515587506,0.01618988185056714,0.1254297691747342,0.8745702308252659,True,False,outer-3-nuts,sentinel_asymmetric_repeat_veto,nuts,False
testing/garlic/garlic_6.csv#0:128,testing/garlic/garlic_6.csv,herbs,vegetables,recognize,0.5659925785799101,0.1455272612457071,0.28699712515307535,0.7130028748469246,True,True,outer-3-nuts,sentinel_asymmetric_repeat_veto,nuts,False
testing/garlic/garlic_6.csv#256:384,testing/garlic/garlic_6.csv,herbs,fruits,recognize,0.47145461279293677,0.3655964904926477,0.29891895143353725,0.7010810485664627,False,True,outer-3-nuts,sentinel_asymmetric_repeat_veto,nuts,False
testing/hazelnut/hazelnut_6.csv#0:128,testing/hazelnut/hazelnut_6.csv,nuts,vegetables,recognize,0.6111109145902535,0.3198209439969462,0.3183068369922677,0.6816931630077323,False,False,outer-3-nuts,sentinel_asymmetric_repeat_veto,nuts,True
testing/hazelnut/hazelnut_6.csv#256:384,testing/hazelnut/hazelnut_6.csv,nuts,vegetables,recognize,0.6183013061169027,0.34130695236756503,0.33075403104336965,0.6692459689566304,False,False,outer-3-nuts,sentinel_asymmetric_repeat_veto,nuts,True
testing/kiwi/kiwi_6.csv#0:128,testing/kiwi/kiwi_6.csv,fruits,vegetables,recognize,0.47120963236129215,0.5203819026985667,0.35653376766597994,0.6434662323340201,False,False,outer-3-nuts,sentinel_asymmetric_repeat_veto,nuts,False
testing/kiwi/kiwi_6.csv#256:384,testing/kiwi/kiwi_6.csv,fruits,vegetables,recognize,0.41554261147431304,0.7321627764347255,0.39714042980214664,0.6028595701978534,False,False,outer-3-nuts,sentinel_asymmetric_repeat_veto,nuts,False
testing/lemon/lemon_6.csv#0:128,testing/lemon/lemon_6.csv,fruits,fruits,abstain_unknown,0.9978025422081973,0.001154479624670677,0.033940281442910385,0.9660597185570896,True,False,outer-3-nuts,sentinel_asymmetric_repeat_veto,nuts,False
testing/lemon/lemon_6.csv#256:384,testing/lemon/lemon_6.csv,fruits,herbs,abstain_unknown,0.7634731753594075,0.0394737445104815,0.12499238377422411,0.8750076162257758,False,False,outer-3-nuts,sentinel_asymmetric_repeat_veto,nuts,False
testing/mandarin_orange/mandarin_orange_6.csv#0:128,testing/mandarin_orange/mandarin_orange_6.csv,fruits,fruits,abstain_unknown,0.4886733020294577,0.15169138091054818,0.19602987148560772,0.8039701285143923,False,True,outer-3-nuts,sentinel_asymmetric_repeat_veto,nuts,False
testing/mandarin_orange/mandarin_orange_6.csv#256:384,testing/mandarin_orange/mandarin_orange_6.csv,fruits,fruits,recognize,0.4710252519539226,0.32634079095908397,0.2822866063110406,0.7177133936889595,False,True,outer-3-nuts,sentinel_asymmetric_repeat_veto,nuts,False
testing/mango/mango_6.csv#0:128,testing/mango/mango_6.csv,fruits,fruits,recognize,0.609702087991147,0.3498879180155709,0.46187378598159134,0.5381262140184087,True,False,outer-3-nuts,sentinel_asymmetric_repeat_veto,nuts,False
testing/mango/mango_6.csv#256:384,testing/mango/mango_6.csv,fruits,herbs,recognize,0.632175042115506,0.4448343084791524,0.3818126448485488,0.6181873551514512,False,False,outer-3-nuts,sentinel_asymmetric_repeat_veto,nuts,False
testing/mint/mint_6.csv#0:128,testing/mint/mint_6.csv,herbs,vegetables,recognize,0.9742842578122467,0.07640514162686558,0.2728375463585801,0.7271624536414198,True,True,outer-3-nuts,sentinel_asymmetric_repeat_veto,nuts,False
testing/mint/mint_6.csv#256:384,testing/mint/mint_6.csv,herbs,vegetables,recognize,0.9764884944066167,0.08461663038858777,0.2874494146974616,0.7125505853025385,True,True,outer-3-nuts,sentinel_asymmetric_repeat_veto,nuts,False
testing/mugwort/mugwort_6.csv#0:128,testing/mugwort/mugwort_6.csv,herbs,herbs,recognize,0.6748788132817716,0.41029193739405984,0.5262103531930762,0.4737896468069238,True,False,outer-3-nuts,sentinel_asymmetric_repeat_veto,nuts,False
testing/mugwort/mugwort_6.csv#256:384,testing/mugwort/mugwort_6.csv,herbs,herbs,recognize,0.6799202588423883,0.38065577957651187,0.5087392025188476,0.49126079748115237,True,False,outer-3-nuts,sentinel_asymmetric_repeat_veto,nuts,False
testing/oregano/oregano_6.csv#0:128,testing/oregano/oregano_6.csv,herbs,herbs,abstain_unknown,0.9819417488817791,0.00196796947377408,0.043959428872810374,0.9560405711271897,True,False,outer-3-nuts,sentinel_asymmetric_repeat_veto,nuts,False
testing/oregano/oregano_6.csv#256:384,testing/oregano/oregano_6.csv,herbs,herbs,abstain_unknown,0.7235282214285242,0.01871642802606843,0.11636951439787087,0.8836304856021291,True,False,outer-3-nuts,sentinel_asymmetric_repeat_veto,nuts,False
testing/peach/peach_6.csv#0:128,testing/peach/peach_6.csv,fruits,fruits,abstain_unknown,0.901488010444895,0.0029701581440063486,0.05174516359957697,0.9482548364004231,True,False,outer-3-nuts,sentinel_asymmetric_repeat_veto,nuts,False
testing/peach/peach_6.csv#256:384,testing/peach/peach_6.csv,fruits,fruits,abstain_unknown,0.9999640290073896,0.0017540668011053631,0.04188082742235906,0.9581191725776409,True,False,outer-3-nuts,sentinel_asymmetric_repeat_veto,nuts,False
testing/peanuts/peanuts_6.csv#0:128,testing/peanuts/peanuts_6.csv,nuts,vegetables,recognize,0.8228206140539873,0.3461095387934673,0.5336535048512125,0.46634649514878745,True,False,outer-3-nuts,sentinel_asymmetric_repeat_veto,nuts,True
testing/peanuts/peanuts_6.csv#256:384,testing/peanuts/peanuts_6.csv,nuts,vegetables,recognize,0.6571914647705368,0.45256457085684754,0.39266186924587454,0.6073381307541255,False,False,outer-3-nuts,sentinel_asymmetric_repeat_veto,nuts,True
testing/pear/pear_6.csv#0:128,testing/pear/pear_6.csv,fruits,vegetables,recognize,0.49224098249714465,0.2784257712875514,0.26654841021742975,0.7334515897825702,False,True,outer-3-nuts,sentinel_asymmetric_repeat_veto,nuts,False
testing/pear/pear_6.csv#256:384,testing/pear/pear_6.csv,fruits,fruits,recognize,0.4972308482431507,0.48255200005492327,0.4898364424057671,0.5101635575942329,True,False,outer-3-nuts,sentinel_asymmetric_repeat_veto,nuts,False
testing/pecans/pecans_6.csv#0:128,testing/pecans/pecans_6.csv,nuts,vegetables,recognize,0.8981679128738083,0.08710258332404543,0.27970117173525544,0.7202988282647446,True,True,outer-3-nuts,sentinel_asymmetric_repeat_veto,nuts,True
testing/pecans/pecans_6.csv#256:384,testing/pecans/pecans_6.csv,nuts,herbs,abstain_unknown,0.5005181765266223,0.06754217812081185,0.13238230973938767,0.8676176902606123,False,False,outer-3-nuts,sentinel_asymmetric_repeat_veto,nuts,True
testing/pili_nut/pili_nut_6.csv#0:128,testing/pili_nut/pili_nut_6.csv,nuts,vegetables,recognize,0.6509715627743345,0.13535958925622862,0.29684211856577764,0.7031578814342223,True,True,outer-3-nuts,sentinel_asymmetric_repeat_veto,nuts,True
testing/pili_nut/pili_nut_6.csv#256:384,testing/pili_nut/pili_nut_6.csv,nuts,vegetables,recognize,0.5354693494056547,0.1460959736348522,0.27969611358229485,0.7203038864177052,True,True,outer-3-nuts,sentinel_asymmetric_repeat_veto,nuts,True
testing/pineapple/pineapple_6.csv#0:128,testing/pineapple/pineapple_6.csv,fruits,fruits,abstain_unknown,0.787223825961168,0.0618468888870408,0.22065208925693747,0.7793479107430625,True,True,outer-3-nuts,sentinel_asymmetric_repeat_veto,nuts,False
testing/pineapple/pineapple_6.csv#256:384,testing/pineapple/pineapple_6.csv,fruits,fruits,abstain_conflict,0.7000882095714076,0.07602693468080692,0.1661087914729807,0.8338912085270194,False,True,outer-3-nuts,sentinel_asymmetric_repeat_veto,nuts,False
testing/pistachios/pistachios_6.csv#0:128,testing/pistachios/pistachios_6.csv,nuts,herbs,abstain_unknown,0.35621935287321443,0.23349376196258853,0.20764854522483356,0.7923514547751664,False,True,outer-3-nuts,sentinel_asymmetric_repeat_veto,nuts,True
testing/pistachios/pistachios_6.csv#256:384,testing/pistachios/pistachios_6.csv,nuts,herbs,abstain_unknown,0.41448901638261976,0.2524098095257043,0.23288532577525886,0.7671146742247411,False,True,outer-3-nuts,sentinel_asymmetric_repeat_veto,nuts,True
testing/potato/potato_6.csv#0:128,testing/potato/potato_6.csv,vegetables,vegetables,recognize,0.6802497501867327,0.25648693098384895,0.41770225128424315,0.5822977487157568,True,False,outer-3-nuts,sentinel_asymmetric_repeat_veto,nuts,False
testing/potato/potato_6.csv#256:384,testing/potato/potato_6.csv,vegetables,vegetables,recognize,0.8315004676236875,0.2927083237186571,0.49334278959908706,0.5066572104009129,True,False,outer-3-nuts,sentinel_asymmetric_repeat_veto,nuts,False
testing/radish/radish_6.csv#0:128,testing/radish/radish_6.csv,vegetables,fruits,recognize,0.7667724078737781,0.4810822291766935,0.43729588642447714,0.5627041135755229,False,False,outer-3-nuts,sentinel_asymmetric_repeat_veto,nuts,False
testing/radish/radish_6.csv#256:384,testing/radish/radish_6.csv,vegetables,fruits,recognize,0.420047173452587,0.6447534005182608,0.37469539048474265,0.6253046095152573,False,False,outer-3-nuts,sentinel_asymmetric_repeat_veto,nuts,False
testing/strawberry/strawberry_6.csv#0:128,testing/strawberry/strawberry_6.csv,fruits,fruits,recognize,0.401654693418097,0.4751221033885436,0.43684668108237573,0.5631533189176243,True,False,outer-3-nuts,sentinel_asymmetric_repeat_veto,nuts,False
testing/strawberry/strawberry_6.csv#256:384,testing/strawberry/strawberry_6.csv,fruits,fruits,recognize,0.41423747448923465,0.5823508940953067,0.49115329952733455,0.5088467004726654,True,False,outer-3-nuts,sentinel_asymmetric_repeat_veto,nuts,False
testing/sweet_potato/sweet_potato_6.csv#0:128,testing/sweet_potato/sweet_potato_6.csv,vegetables,vegetables,abstain_unknown,0.9999873619175192,4.774067928313614e-05,0.0049747819412919725,0.995025218058708,False,False,outer-3-nuts,sentinel_asymmetric_repeat_veto,nuts,False
testing/sweet_potato/sweet_potato_6.csv#256:384,testing/sweet_potato/sweet_potato_6.csv,vegetables,vegetables,abstain_unknown,0.7866729602161333,0.010152644416547755,0.08936895902486176,0.9106310409751383,True,False,outer-3-nuts,sentinel_asymmetric_repeat_veto,nuts,False
testing/tomato/tomato_6.csv#0:128,testing/tomato/tomato_6.csv,vegetables,vegetables,recognize,0.9094413140039369,0.45210318011421285,0.6412186134138873,0.3587813865861127,True,False,outer-3-nuts,sentinel_asymmetric_repeat_veto,nuts,False
testing/tomato/tomato_6.csv#256:384,testing/tomato/tomato_6.csv,vegetables,vegetables,recognize,0.8807514566580162,0.5092555048456217,0.6697219779161311,0.3302780220838689,True,False,outer-3-nuts,sentinel_asymmetric_repeat_veto,nuts,False
testing/turnip/turnip_6.csv#0:128,testing/turnip/turnip_6.csv,herbs,fruits,recognize,0.5713468538585348,0.26024608693934953,0.27763519573016854,0.7223648042698314,False,True,outer-3-nuts,sentinel_asymmetric_repeat_veto,nuts,False
testing/turnip/turnip_6.csv#256:384,testing/turnip/turnip_6.csv,herbs,fruits,recognize,0.44747628381894955,0.3924330644422488,0.3017173632155051,0.698282636784495,False,False,outer-3-nuts,sentinel_asymmetric_repeat_veto,nuts,False
testing/walnuts/walnuts_6.csv#0:128,testing/walnuts/walnuts_6.csv,nuts,vegetables,recognize,0.5158953371313425,0.19310900852024737,0.3156327566233459,0.6843672433766541,True,False,outer-3-nuts,sentinel_asymmetric_repeat_veto,nuts,True
testing/walnuts/walnuts_6.csv#256:384,testing/walnuts/walnuts_6.csv,nuts,vegetables,recognize,0.6660873898660004,0.21263059659088795,0.3763383571852264,0.6236616428147737,True,False,outer-3-nuts,sentinel_asymmetric_repeat_veto,nuts,True
testing/walnuts/walnuts_6.csv#512:640,testing/walnuts/walnuts_6.csv,nuts,vegetables,recognize,0.8900624401624476,0.13594142639672432,0.3478453071378601,0.6521546928621399,True,False,outer-3-nuts,sentinel_asymmetric_repeat_veto,nuts,True
testing/almond/almond_6.csv#0:128,testing/almond/almond_6.csv,nuts,nuts,recognize,0.9644075909972885,0.48442991984494727,0.6835114424826223,0.3164885575173777,True,False,outer-4-spices,closed_set,spices,False
testing/almond/almond_6.csv#128:256,testing/almond/almond_6.csv,nuts,nuts,recognize,0.917275409635147,0.4092725017837493,0.6127116791167686,0.3872883208832314,True,False,outer-4-spices,closed_set,spices,False
testing/almond/almond_6.csv#256:384,testing/almond/almond_6.csv,nuts,nuts,recognize,0.9287216715564889,0.4496258799261668,0.6462022119894723,0.35379778801052775,True,False,outer-4-spices,closed_set,spices,False
testing/almond/almond_6.csv#384:512,testing/almond/almond_6.csv,nuts,nuts,recognize,0.9379741643531988,0.450695713753388,0.65018530857395,0.34981469142605004,True,False,outer-4-spices,closed_set,spices,False
testing/angelica/angelica_6.csv#0:128,testing/angelica/angelica_6.csv,herbs,herbs,recognize,0.8227086971220612,0.23053898272907933,0.43550709077681643,0.5644929092231836,True,False,outer-4-spices,closed_set,spices,False
testing/angelica/angelica_6.csv#128:256,testing/angelica/angelica_6.csv,herbs,herbs,recognize,0.7480098623320689,0.2871948777902322,0.46349174857633324,0.5365082514236668,True,False,outer-4-spices,closed_set,spices,False
testing/angelica/angelica_6.csv#256:384,testing/angelica/angelica_6.csv,herbs,herbs,recognize,0.8437650613137403,0.3936654264803459,0.5763342196254607,0.4236657803745393,True,False,outer-4-spices,closed_set,spices,False
testing/angelica/angelica_6.csv#384:512,testing/angelica/angelica_6.csv,herbs,herbs,recognize,0.874028261459373,0.2575401005163414,0.47444422887244614,0.5255557711275538,True,False,outer-4-spices,closed_set,spices,False
testing/angelica/angelica_6.csv#512:640,testing/angelica/angelica_6.csv,herbs,herbs,recognize,0.8877033579649216,0.1543594270213601,0.3701693959532617,0.6298306040467383,True,False,outer-4-spices,closed_set,spices,False
testing/apple/apple_6.csv#0:128,testing/apple/apple_6.csv,fruits,nuts,recognize,0.5541131545654003,0.31783844479570844,0.30215858645494914,0.6978414135450508,False,False,outer-4-spices,closed_set,spices,False
testing/apple/apple_6.csv#128:256,testing/apple/apple_6.csv,fruits,nuts,recognize,0.6723742996756866,0.4479266615519207,0.39513136573837565,0.6048686342616243,False,False,outer-4-spices,closed_set,spices,False
testing/apple/apple_6.csv#256:384,testing/apple/apple_6.csv,fruits,nuts,recognize,0.45700032636678023,0.4364303793754482,0.3215497959887401,0.6784502040112599,False,False,outer-4-spices,closed_set,spices,False
testing/apple/apple_6.csv#384:512,testing/apple/apple_6.csv,fruits,fruits,recognize,0.46215297315383147,0.454092201379837,0.3298354977839368,0.6701645022160632,False,False,outer-4-spices,closed_set,spices,False
testing/banana/banana_6.csv#0:128,testing/banana/banana_6.csv,fruits,fruits,recognize,0.6977711182308797,0.18169365793405798,0.35606261650460663,0.6439373834953934,True,False,outer-4-spices,closed_set,spices,False
testing/banana/banana_6.csv#128:256,testing/banana/banana_6.csv,fruits,herbs,recognize,0.6999836632963273,0.13419408759734625,0.30648600135911375,0.6935139986408863,True,False,outer-4-spices,closed_set,spices,False
testing/banana/banana_6.csv#256:384,testing/banana/banana_6.csv,fruits,herbs,recognize,0.7855562830790703,0.05911825828193868,0.21550108871666568,0.7844989112833343,True,False,outer-4-spices,closed_set,spices,False
testing/banana/banana_6.csv#384:512,testing/banana/banana_6.csv,fruits,fruits,recognize,0.6019298730340594,0.4436393445445754,0.5167589131641849,0.4832410868358151,True,False,outer-4-spices,closed_set,spices,False
testing/brazil_nut/brazil_nut_6.csv#0:128,testing/brazil_nut/brazil_nut_6.csv,nuts,nuts,recognize,0.958538203566072,0.44976342939414593,0.6565938087137134,0.3434061912862866,True,False,outer-4-spices,closed_set,spices,False
testing/brazil_nut/brazil_nut_6.csv#128:256,testing/brazil_nut/brazil_nut_6.csv,nuts,nuts,recognize,0.9727241044890493,0.5130960993401984,0.7064707663785663,0.2935292336214337,True,False,outer-4-spices,closed_set,spices,False
testing/brazil_nut/brazil_nut_6.csv#256:384,testing/brazil_nut/brazil_nut_6.csv,nuts,nuts,recognize,0.9408787592799865,0.48888923866079453,0.6782223089050563,0.3217776910949437,True,False,outer-4-spices,closed_set,spices,False
testing/brazil_nut/brazil_nut_6.csv#384:512,testing/brazil_nut/brazil_nut_6.csv,nuts,nuts,recognize,0.9822584813903122,0.49632959062135285,0.6982291528952407,0.3017708471047593,True,False,outer-4-spices,closed_set,spices,False
testing/cashew/cashew_6.csv#0:128,testing/cashew/cashew_6.csv,nuts,nuts,recognize,0.9994855408536261,0.002028856350901378,0.0450312401249952,0.9549687598750048,True,False,outer-4-spices,closed_set,spices,False
testing/cashew/cashew_6.csv#128:256,testing/cashew/cashew_6.csv,nuts,nuts,recognize,0.8638295306816939,0.27128551160462,0.4840913510590353,0.5159086489409648,True,False,outer-4-spices,closed_set,spices,False
testing/cashew/cashew_6.csv#256:384,testing/cashew/cashew_6.csv,nuts,nuts,recognize,0.928141653473941,0.21885384626344512,0.4506965395253059,0.549303460474694,True,False,outer-4-spices,closed_set,spices,False
testing/cashew/cashew_6.csv#384:512,testing/cashew/cashew_6.csv,nuts,nuts,recognize,0.8846552909576442,0.1880247015209452,0.40784439070708817,0.5921556092929119,True,False,outer-4-spices,closed_set,spices,False
testing/chamomile/chamomile_6.csv#0:128,testing/chamomile/chamomile_6.csv,herbs,fruits,recognize,0.6217985362060972,0.5222783798607221,0.5698701010664526,0.43012989893354736,True,False,outer-4-spices,closed_set,spices,False
testing/chamomile/chamomile_6.csv#128:256,testing/chamomile/chamomile_6.csv,herbs,herbs,recognize,0.5380738974925866,0.49761859261079083,0.3725647465693766,0.6274352534306233,False,False,outer-4-spices,closed_set,spices,False
testing/chamomile/chamomile_6.csv#256:384,testing/chamomile/chamomile_6.csv,herbs,fruits,recognize,0.3524541001985345,0.5356958941894915,0.4345206719669463,0.5654793280330537,True,False,outer-4-spices,closed_set,spices,False
testing/chamomile/chamomile_6.csv#384:512,testing/chamomile/chamomile_6.csv,herbs,herbs,recognize,0.4030704852154961,0.40054636039357155,0.289300637346231,0.710699362653769,False,False,outer-4-spices,closed_set,spices,False
testing/chestnuts/chestnuts_6.csv#0:128,testing/chestnuts/chestnuts_6.csv,nuts,fruits,recognize,0.5456617620514012,0.02410757815568433,0.08257927176595459,0.9174207282340454,False,False,outer-4-spices,closed_set,spices,False
testing/chestnuts/chestnuts_6.csv#128:256,testing/chestnuts/chestnuts_6.csv,nuts,herbs,recognize,0.4747380087643271,0.18972138976292274,0.21608153036822167,0.7839184696317784,False,False,outer-4-spices,closed_set,spices,False
testing/chestnuts/chestnuts_6.csv#256:384,testing/chestnuts/chestnuts_6.csv,nuts,nuts,recognize,0.6023657372104784,0.16440085999988951,0.3146894425173334,0.6853105574826666,True,False,outer-4-spices,closed_set,spices,False
testing/chestnuts/chestnuts_6.csv#384:512,testing/chestnuts/chestnuts_6.csv,nuts,nuts,recognize,0.88771726799995,0.03715566419473529,0.18161421945892334,0.8183857805410767,True,False,outer-4-spices,closed_set,spices,False
testing/chives/chives_6.csv#0:128,testing/chives/chives_6.csv,herbs,nuts,recognize,0.9925728697951408,0.14961186056297604,0.3853578516059892,0.6146421483940108,True,False,outer-4-spices,closed_set,spices,False
testing/chives/chives_6.csv#128:256,testing/chives/chives_6.csv,herbs,nuts,recognize,0.9167969818266868,0.18516295306796654,0.29665121616362966,0.7033487838363703,False,False,outer-4-spices,closed_set,spices,False
testing/chives/chives_6.csv#256:384,testing/chives/chives_6.csv,herbs,nuts,recognize,0.7727253137987622,0.2526164848048134,0.3181089660031829,0.6818910339968172,False,False,outer-4-spices,closed_set,spices,False
testing/chives/chives_6.csv#384:512,testing/chives/chives_6.csv,herbs,herbs,recognize,0.5207383133430444,0.4215042259291913,0.4685012269752691,0.5314987730247309,True,False,outer-4-spices,closed_set,spices,False
testing/coriander/coriander_6.csv#0:128,testing/coriander/coriander_6.csv,herbs,herbs,recognize,0.9402801282585193,0.09344517393582047,0.29641970267428736,0.7035802973257126,True,False,outer-4-spices,closed_set,spices,False
testing/coriander/coriander_6.csv#128:256,testing/coriander/coriander_6.csv,herbs,herbs,recognize,0.88847385808584,0.2408620087419411,0.4626009059364862,0.5373990940635138,True,False,outer-4-spices,closed_set,spices,False
testing/coriander/coriander_6.csv#256:384,testing/coriander/coriander_6.csv,herbs,herbs,recognize,0.9169996204914452,0.21083157442055253,0.439695887780703,0.560304112219297,True,False,outer-4-spices,closed_set,spices,False
testing/coriander/coriander_6.csv#384:512,testing/coriander/coriander_6.csv,herbs,herbs,recognize,0.9067088402110186,0.19166720337366444,0.4168768975098341,0.583123102490166,True,False,outer-4-spices,closed_set,spices,False
testing/dill/dill_6.csv#0:128,testing/dill/dill_6.csv,herbs,herbs,recognize,0.7361989626613832,0.012192527355162595,0.09474241917478801,0.905257580825212,True,False,outer-4-spices,closed_set,spices,False
testing/dill/dill_6.csv#128:256,testing/dill/dill_6.csv,herbs,herbs,recognize,0.9621873486970612,0.020506374047272718,0.1404669842914539,0.8595330157085461,True,False,outer-4-spices,closed_set,spices,False
testing/dill/dill_6.csv#256:384,testing/dill/dill_6.csv,herbs,herbs,recognize,0.981899959379957,0.012945798636737501,0.11274519570941217,0.8872548042905878,True,False,outer-4-spices,closed_set,spices,False
testing/dill/dill_6.csv#384:512,testing/dill/dill_6.csv,herbs,herbs,recognize,0.981704739973039,0.012063372857273593,0.10882403371520277,0.8911759662847972,True,False,outer-4-spices,closed_set,spices,False
testing/garlic/garlic_6.csv#0:128,testing/garlic/garlic_6.csv,herbs,herbs,recognize,0.7556067063659578,0.09001342859863733,0.1877733915170222,0.8122266084829778,False,False,outer-4-spices,closed_set,spices,False
testing/garlic/garlic_6.csv#128:256,testing/garlic/garlic_6.csv,herbs,herbs,recognize,0.6052212190216716,0.3555656746483016,0.46389211143638576,0.5361078885636142,True,False,outer-4-spices,closed_set,spices,False
testing/garlic/garlic_6.csv#256:384,testing/garlic/garlic_6.csv,herbs,fruits,recognize,0.5854956801201469,0.36068129624212586,0.3308690579316657,0.6691309420683342,False,False,outer-4-spices,closed_set,spices,False
testing/garlic/garlic_6.csv#384:512,testing/garlic/garlic_6.csv,herbs,fruits,recognize,0.5143245206469327,0.3721497523483826,0.3149995827991851,0.6850004172008148,False,False,outer-4-spices,closed_set,spices,False
testing/hazelnut/hazelnut_6.csv#0:128,testing/hazelnut/hazelnut_6.csv,nuts,nuts,recognize,0.9957882727655801,0.518399517017423,0.718481843649017,0.281518156350983,True,False,outer-4-spices,closed_set,spices,False
testing/hazelnut/hazelnut_6.csv#128:256,testing/hazelnut/hazelnut_6.csv,nuts,nuts,recognize,0.992875731333535,0.7324783868412357,0.8527954115853343,0.14720458841466566,True,False,outer-4-spices,closed_set,spices,False
testing/hazelnut/hazelnut_6.csv#256:384,testing/hazelnut/hazelnut_6.csv,nuts,nuts,recognize,0.9880354692066899,0.5923286450906641,0.7650109219983183,0.23498907800168167,True,False,outer-4-spices,closed_set,spices,False
testing/hazelnut/hazelnut_6.csv#384:512,testing/hazelnut/hazelnut_6.csv,nuts,nuts,recognize,0.9838658628833225,0.6834133661137682,0.8199921226191862,0.1800078773808138,True,False,outer-4-spices,closed_set,spices,False
testing/kiwi/kiwi_6.csv#0:128,testing/kiwi/kiwi_6.csv,fruits,fruits,recognize,0.45036592059157965,0.4978842475348483,0.4735294050944227,0.5264705949055772,True,False,outer-4-spices,closed_set,spices,False
testing/kiwi/kiwi_6.csv#128:256,testing/kiwi/kiwi_6.csv,fruits,fruits,recognize,0.40997571075240574,0.5814830003920224,0.4882559844755216,0.5117440155244783,True,False,outer-4-spices,closed_set,spices,False
testing/kiwi/kiwi_6.csv#256:384,testing/kiwi/kiwi_6.csv,fruits,fruits,recognize,0.538807190328689,0.7182402814331608,0.6220876369289846,0.3779123630710154,True,False,outer-4-spices,closed_set,spices,False
testing/kiwi/kiwi_6.csv#384:512,testing/kiwi/kiwi_6.csv,fruits,fruits,recognize,0.4909629912400576,0.5473425633148025,0.5183868653023879,0.48161313469761213,True,False,outer-4-spices,closed_set,spices,False
testing/lemon/lemon_6.csv#0:128,testing/lemon/lemon_6.csv,fruits,fruits,recognize,0.9978868981289284,0.0007585254041594748,0.027512225695292086,0.9724877743047079,True,False,outer-4-spices,closed_set,spices,False
testing/lemon/lemon_6.csv#128:256,testing/lemon/lemon_6.csv,fruits,herbs,recognize,0.5871065562142557,0.028086832150665705,0.09245754146727664,0.9075424585327234,False,False,outer-4-spices,closed_set,spices,False
testing/lemon/lemon_6.csv#256:384,testing/lemon/lemon_6.csv,fruits,fruits,recognize,0.5203074877175685,0.03374555461483872,0.13250684791090134,0.8674931520890987,True,False,outer-4-spices,closed_set,spices,False
testing/lemon/lemon_6.csv#384:512,testing/lemon/lemon_6.csv,fruits,herbs,recognize,0.6646170565594355,0.04610519450177745,0.12603558079492566,0.8739644192050744,False,False,outer-4-spices,closed_set,spices,False
testing/mandarin_orange/mandarin_orange_6.csv#0:128,testing/mandarin_orange/mandarin_orange_6.csv,fruits,fruits,recognize,0.7213474192642274,0.13382051174593884,0.22370004980522143,0.7762999501947786,False,False,outer-4-spices,closed_set,spices,False
testing/mandarin_orange/mandarin_orange_6.csv#128:256,testing/mandarin_orange/mandarin_orange_6.csv,fruits,fruits,recognize,0.5648044016374512,0.3240354223479202,0.3080191917045484,0.6919808082954516,False,False,outer-4-spices,closed_set,spices,False
testing/mandarin_orange/mandarin_orange_6.csv#256:384,testing/mandarin_orange/mandarin_orange_6.csv,fruits,fruits,recognize,0.7425096460438264,0.23537566467289506,0.4180534672306901,0.5819465327693099,True,False,outer-4-spices,closed_set,spices,False
testing/mandarin_orange/mandarin_orange_6.csv#384:512,testing/mandarin_orange/mandarin_orange_6.csv,fruits,fruits,recognize,0.623504212466804,0.24345632691766073,0.3896101197156676,0.6103898802843324,True,False,outer-4-spices,closed_set,spices,False
testing/mango/mango_6.csv#0:128,testing/mango/mango_6.csv,fruits,fruits,recognize,0.5895717686457775,0.3315288091074395,0.442108613739318,0.557891386260682,True,False,outer-4-spices,closed_set,spices,False
testing/mango/mango_6.csv#128:256,testing/mango/mango_6.csv,fruits,fruits,recognize,0.5927403683438306,0.3526222988514673,0.45717991131223934,0.5428200886877607,True,False,outer-4-spices,closed_set,spices,False
testing/mango/mango_6.csv#256:384,testing/mango/mango_6.csv,fruits,herbs,recognize,0.6534765297633354,0.438927742697855,0.38560620100672793,0.6143937989932721,False,False,outer-4-spices,closed_set,spices,False
testing/mango/mango_6.csv#384:512,testing/mango/mango_6.csv,fruits,herbs,recognize,0.609226728501945,0.39576513749221104,0.35354177527442204,0.6464582247255779,False,False,outer-4-spices,closed_set,spices,False
testing/mint/mint_6.csv#0:128,testing/mint/mint_6.csv,herbs,nuts,recognize,0.9935673045207001,0.14533558675493247,0.38000090418712507,0.6199990958128749,True,False,outer-4-spices,closed_set,spices,False
testing/mint/mint_6.csv#128:256,testing/mint/mint_6.csv,herbs,nuts,recognize,0.9657552549166507,0.18503939871284356,0.42273250605264084,0.5772674939473592,True,False,outer-4-spices,closed_set,spices,False
testing/mint/mint_6.csv#256:384,testing/mint/mint_6.csv,herbs,nuts,recognize,0.9939715523826131,0.05326401631348162,0.23009327887020983,0.7699067211297902,True,False,outer-4-spices,closed_set,spices,False
testing/mint/mint_6.csv#384:512,testing/mint/mint_6.csv,herbs,nuts,recognize,0.6805951159633387,0.24458175710659483,0.4079965065297496,0.5920034934702504,True,False,outer-4-spices,closed_set,spices,False
testing/mugwort/mugwort_6.csv#0:128,testing/mugwort/mugwort_6.csv,herbs,herbs,recognize,0.6170710559392585,0.3870650976207096,0.4887194169521439,0.5112805830478562,True,False,outer-4-spices,closed_set,spices,False
testing/mugwort/mugwort_6.csv#128:256,testing/mugwort/mugwort_6.csv,herbs,herbs,recognize,0.5226851910803113,0.31758056423604947,0.40742441986350375,0.5925755801364962,True,False,outer-4-spices,closed_set,spices,False
testing/mugwort/mugwort_6.csv#256:384,testing/mugwort/mugwort_6.csv,herbs,herbs,recognize,0.6602732731670452,0.35911427549376246,0.48694307482628657,0.5130569251737134,True,False,outer-4-spices,closed_set,spices,False
testing/mugwort/mugwort_6.csv#384:512,testing/mugwort/mugwort_6.csv,herbs,herbs,recognize,0.6141106743060263,0.39285137033907247,0.4911763633777324,0.5088236366222676,True,False,outer-4-spices,closed_set,spices,False
testing/oregano/oregano_6.csv#0:128,testing/oregano/oregano_6.csv,herbs,herbs,recognize,0.9566373130413488,0.001492312054830334,0.03778361277527739,0.9622163872247226,True,False,outer-4-spices,closed_set,spices,False
testing/oregano/oregano_6.csv#128:256,testing/oregano/oregano_6.csv,herbs,herbs,recognize,0.9375094284153322,0.007944423841740173,0.06213717741393415,0.9378628225860659,False,False,outer-4-spices,closed_set,spices,False
testing/oregano/oregano_6.csv#256:384,testing/oregano/oregano_6.csv,herbs,herbs,recognize,0.6338476934645798,0.0164731592545281,0.10218353095072284,0.8978164690492771,True,False,outer-4-spices,closed_set,spices,False
testing/oregano/oregano_6.csv#384:512,testing/oregano/oregano_6.csv,herbs,herbs,recognize,0.7833298502895044,0.025987798503291692,0.14267802322340076,0.8573219767765993,True,False,outer-4-spices,closed_set,spices,False
testing/peach/peach_6.csv#0:128,testing/peach/peach_6.csv,fruits,fruits,recognize,0.9992553042594944,0.0028351179783679373,0.053225996262029854,0.9467740037379702,True,False,outer-4-spices,closed_set,spices,False
testing/peach/peach_6.csv#128:256,testing/peach/peach_6.csv,fruits,fruits,recognize,0.9198254865099224,0.010279315332626143,0.09723773046930778,0.9027622695306923,True,False,outer-4-spices,closed_set,spices,False
testing/peach/peach_6.csv#256:384,testing/peach/peach_6.csv,fruits,fruits,recognize,0.8158496162992817,0.0012339374306971876,0.0317286523409303,0.9682713476590697,True,False,outer-4-spices,closed_set,spices,False
testing/peach/peach_6.csv#384:512,testing/peach/peach_6.csv,fruits,fruits,recognize,0.8101130823507293,0.0005667764928514005,0.021427856907021387,0.9785721430929786,True,False,outer-4-spices,closed_set,spices,False
testing/peanuts/peanuts_6.csv#0:128,testing/peanuts/peanuts_6.csv,nuts,nuts,recognize,0.9444046201689517,0.40414918412498624,0.6178028461614185,0.38219715383858155,True,False,outer-4-spices,closed_set,spices,False
testing/peanuts/peanuts_6.csv#128:256,testing/peanuts/peanuts_6.csv,nuts,nuts,recognize,0.8639487254541373,0.4741851242162504,0.6400559613783323,0.3599440386216677,True,False,outer-4-spices,closed_set,spices,False
testing/peanuts/peanuts_6.csv#256:384,testing/peanuts/peanuts_6.csv,nuts,nuts,recognize,0.8990690460189155,0.43452239591186986,0.45002340570791405,0.549976594292086,False,False,outer-4-spices,closed_set,spices,False
testing/peanuts/peanuts_6.csv#384:512,testing/peanuts/peanuts_6.csv,nuts,nuts,recognize,0.9187303241171906,0.33807861987001137,0.5573177549749048,0.44268224502509523,True,False,outer-4-spices,closed_set,spices,False
testing/pear/pear_6.csv#0:128,testing/pear/pear_6.csv,fruits,fruits,recognize,0.8646767385297189,0.26306184509458125,0.47693129300559917,0.5230687069944009,True,False,outer-4-spices,closed_set,spices,False
testing/pear/pear_6.csv#128:256,testing/pear/pear_6.csv,fruits,fruits,recognize,0.6108879556651143,0.48321987985792486,0.5433168546466692,0.45668314535333077,True,False,outer-4-spices,closed_set,spices,False
testing/pear/pear_6.csv#256:384,testing/pear/pear_6.csv,fruits,fruits,recognize,0.6672268874669631,0.4668983677345628,0.5581461678332459,0.4418538321667541,True,False,outer-4-spices,closed_set,spices,False
testing/pear/pear_6.csv#384:512,testing/pear/pear_6.csv,fruits,fruits,recognize,0.6654553208928631,0.36430040556595417,0.4923673864984278,0.5076326135015722,True,False,outer-4-spices,closed_set,spices,False
testing/pecans/pecans_6.csv#0:128,testing/pecans/pecans_6.csv,nuts,nuts,recognize,0.9998793831713328,0.21906536095271187,0.468015959112083,0.5319840408879171,True,False,outer-4-spices,closed_set,spices,False
testing/pecans/pecans_6.csv#128:256,testing/pecans/pecans_6.csv,nuts,nuts,recognize,0.9998976972194601,0.20915699844009203,0.45731346043778576,0.5426865395622142,True,False,outer-4-spices,closed_set,spices,False
testing/pecans/pecans_6.csv#256:384,testing/pecans/pecans_6.csv,nuts,nuts,recognize,0.9997833266832675,0.2987508474688598,0.5465218350000868,0.4534781649999132,True,False,outer-4-spices,closed_set,spices,False
testing/pecans/pecans_6.csv#384:512,testing/pecans/pecans_6.csv,nuts,nuts,recognize,0.9997056068023034,0.264315300291087,0.5140403560661694,0.4859596439338306,True,False,outer-4-spices,closed_set,spices,False
testing/pili_nut/pili_nut_6.csv#0:128,testing/pili_nut/pili_nut_6.csv,nuts,nuts,recognize,0.9995036889692194,0.35708513957525134,0.5974177050285272,0.4025822949714728,True,False,outer-4-spices,closed_set,spices,False
testing/pili_nut/pili_nut_6.csv#128:256,testing/pili_nut/pili_nut_6.csv,nuts,nuts,recognize,0.9993725717029053,0.33376630262506574,0.5775438409351987,0.4224561590648013,True,False,outer-4-spices,closed_set,spices,False
testing/pili_nut/pili_nut_6.csv#256:384,testing/pili_nut/pili_nut_6.csv,nuts,nuts,recognize,0.9992652191864638,0.3305771325256032,0.5747471015944574,0.4252528984055426,True,False,outer-4-spices,closed_set,spices,False
testing/pili_nut/pili_nut_6.csv#384:512,testing/pili_nut/pili_nut_6.csv,nuts,nuts,recognize,0.9993733347211806,0.4355107758467593,0.6597255917159682,0.34027440828403177,True,False,outer-4-spices,closed_set,spices,False
testing/pineapple/pineapple_6.csv#0:128,testing/pineapple/pineapple_6.csv,fruits,fruits,recognize,0.9998754851374079,0.047573081017895584,0.2180989625428089,0.7819010374571911,True,False,outer-4-spices,closed_set,spices,False
testing/pineapple/pineapple_6.csv#128:256,testing/pineapple/pineapple_6.csv,fruits,fruits,recognize,0.9997128368463443,0.047504327554994195,0.2179235784913629,0.7820764215086371,True,False,outer-4-spices,closed_set,spices,False
testing/pineapple/pineapple_6.csv#256:384,testing/pineapple/pineapple_6.csv,fruits,fruits,recognize,0.998580989570455,0.058713262809051835,0.2421362180194718,0.7578637819805282,True,False,outer-4-spices,closed_set,spices,False
testing/pineapple/pineapple_6.csv#384:512,testing/pineapple/pineapple_6.csv,fruits,fruits,recognize,0.9973522912889624,0.04686765559154244,0.21620259871603487,0.7837974012839651,True,False,outer-4-spices,closed_set,spices,False
testing/pistachios/pistachios_6.csv#0:128,testing/pistachios/pistachios_6.csv,nuts,nuts,recognize,0.9427299540298123,0.6278539387593332,0.7693482402813584,0.2306517597186416,True,False,outer-4-spices,closed_set,spices,False
testing/pistachios/pistachios_6.csv#128:256,testing/pistachios/pistachios_6.csv,nuts,nuts,recognize,0.9028495433910162,0.6903565495835348,0.7894859692030579,0.2105140307969421,True,False,outer-4-spices,closed_set,spices,False
testing/pistachios/pistachios_6.csv#256:384,testing/pistachios/pistachios_6.csv,nuts,nuts,recognize,0.8834977124171661,0.5647964439160167,0.7063967484219835,0.2936032515780165,True,False,outer-4-spices,closed_set,spices,False
testing/pistachios/pistachios_6.csv#384:512,testing/pistachios/pistachios_6.csv,nuts,nuts,recognize,0.9211421729603737,0.4801754733421859,0.6650638156723737,0.3349361843276263,True,False,outer-4-spices,closed_set,spices,False
testing/pistachios/pistachios_6.csv#512:640,testing/pistachios/pistachios_6.csv,nuts,nuts,recognize,0.9109263435222513,0.6138846231208501,0.7477992211041754,0.2522007788958246,True,False,outer-4-spices,closed_set,spices,False
testing/strawberry/strawberry_6.csv#0:128,testing/strawberry/strawberry_6.csv,fruits,nuts,recognize,0.5353858289795851,0.46606034974552984,0.49952187810247695,0.500478121897523,True,False,outer-4-spices,closed_set,spices,False
testing/strawberry/strawberry_6.csv#128:256,testing/strawberry/strawberry_6.csv,fruits,fruits,recognize,0.48483616037248806,0.4612398125402439,0.47289083277532246,0.5271091672246775,True,False,outer-4-spices,closed_set,spices,False
testing/strawberry/strawberry_6.csv#256:384,testing/strawberry/strawberry_6.csv,fruits,fruits,recognize,0.4362756691538889,0.5628090708014336,0.4955198320650485,0.5044801679349515,True,False,outer-4-spices,closed_set,spices,False
testing/strawberry/strawberry_6.csv#384:512,testing/strawberry/strawberry_6.csv,fruits,fruits,recognize,0.45141323579514064,0.4821575394976324,0.4665322015334521,0.5334677984665479,True,False,outer-4-spices,closed_set,spices,False
testing/strawberry/strawberry_6.csv#512:640,testing/strawberry/strawberry_6.csv,fruits,fruits,recognize,0.5732810916275748,0.6481277436628703,0.6095567081093992,0.3904432918906008,True,False,outer-4-spices,closed_set,spices,False
testing/turnip/turnip_6.csv#0:128,testing/turnip/turnip_6.csv,herbs,fruits,recognize,0.9115538273669866,0.2543452124861024,0.3466853098017118,0.6533146901982883,False,False,outer-4-spices,closed_set,spices,False
testing/turnip/turnip_6.csv#128:256,testing/turnip/turnip_6.csv,herbs,fruits,recognize,0.6972393719972193,0.4306135028861034,0.39451840619685924,0.6054815938031408,False,False,outer-4-spices,closed_set,spices,False
testing/turnip/turnip_6.csv#256:384,testing/turnip/turnip_6.csv,herbs,fruits,recognize,0.7176160649292912,0.3857807183809621,0.37883389689993835,0.6211661031000617,False,False,outer-4-spices,closed_set,spices,False
testing/turnip/turnip_6.csv#384:512,testing/turnip/turnip_6.csv,herbs,herbs,recognize,0.7193780955437005,0.15148302951871384,0.3301114558484188,0.6698885441515812,True,False,outer-4-spices,closed_set,spices,False
testing/walnuts/walnuts_6.csv#0:128,testing/walnuts/walnuts_6.csv,nuts,nuts,recognize,0.9074732484352978,0.2815424705241056,0.5054624222422565,0.49453757775774354,True,False,outer-4-spices,closed_set,spices,False
testing/walnuts/walnuts_6.csv#128:256,testing/walnuts/walnuts_6.csv,nuts,nuts,recognize,0.86304631243679,0.30870733020819063,0.5161673400733384,0.4838326599266616,True,False,outer-4-spices,closed_set,spices,False
testing/walnuts/walnuts_6.csv#256:384,testing/walnuts/walnuts_6.csv,nuts,nuts,recognize,0.8122599292653538,0.4090490663406675,0.5764149249385634,0.4235850750614366,True,False,outer-4-spices,closed_set,spices,False
testing/walnuts/walnuts_6.csv#384:512,testing/walnuts/walnuts_6.csv,nuts,nuts,recognize,0.8510425474399359,0.3301805810869653,0.5300921833449813,0.4699078166550187,True,False,outer-4-spices,closed_set,spices,False
testing/walnuts/walnuts_6.csv#512:640,testing/walnuts/walnuts_6.csv,nuts,nuts,recognize,0.9690558346890638,0.1553816023535214,0.3880379470670567,0.6119620529329433,True,False,outer-4-spices,closed_set,spices,False
testing/walnuts/walnuts_6.csv#640:768,testing/walnuts/walnuts_6.csv,nuts,nuts,recognize,0.6745439512236223,0.3932483327304399,0.37082676078569743,0.6291732392143026,False,False,outer-4-spices,closed_set,spices,False
testing/allspice/allspice_6.csv#0:128,testing/allspice/allspice_6.csv,spices,herbs,recognize,0.6234617910790164,0.06524874305054662,0.2016930792267011,0.7983069207732989,True,False,outer-4-spices,closed_set,spices,True
testing/allspice/allspice_6.csv#128:256,testing/allspice/allspice_6.csv,spices,herbs,recognize,0.8582224800494412,0.14467609589088523,0.3523695188567625,0.6476304811432375,True,False,outer-4-spices,closed_set,spices,True
testing/allspice/allspice_6.csv#256:384,testing/allspice/allspice_6.csv,spices,herbs,recognize,0.6154178432718739,0.06038556582928184,0.19277539959084095,0.807224600409159,True,False,outer-4-spices,closed_set,spices,True
testing/allspice/allspice_6.csv#384:512,testing/allspice/allspice_6.csv,spices,herbs,recognize,0.6310481655661845,0.07954755684766689,0.2240498601293738,0.7759501398706262,True,False,outer-4-spices,closed_set,spices,True
testing/chervil/chervil_6.csv#0:128,testing/chervil/chervil_6.csv,spices,nuts,recognize,0.9990823782540491,0.280995635013762,0.5298469470597675,0.47015305294023246,True,False,outer-4-spices,closed_set,spices,True
testing/chervil/chervil_6.csv#128:256,testing/chervil/chervil_6.csv,spices,nuts,recognize,0.9989938330224913,0.2768666308364213,0.5259163971348485,0.4740836028651515,True,False,outer-4-spices,closed_set,spices,True
testing/chervil/chervil_6.csv#256:384,testing/chervil/chervil_6.csv,spices,nuts,recognize,0.9996136721504544,0.3028086617491183,0.5501742254322725,0.44982577456772754,True,False,outer-4-spices,closed_set,spices,True
testing/chervil/chervil_6.csv#384:512,testing/chervil/chervil_6.csv,spices,nuts,recognize,0.9999174494346008,0.06410350994666653,0.2531762590877675,0.7468237409122325,True,False,outer-4-spices,closed_set,spices,True
testing/cinnamon/cinnamon_6.csv#0:128,testing/cinnamon/cinnamon_6.csv,spices,herbs,recognize,0.7297232486323504,0.07591414324430969,0.2353642182350139,0.764635781764986,True,False,outer-4-spices,closed_set,spices,True
testing/cinnamon/cinnamon_6.csv#128:256,testing/cinnamon/cinnamon_6.csv,spices,herbs,recognize,0.9842274499145915,0.030177263825626605,0.17234062614629297,0.827659373853707,True,False,outer-4-spices,closed_set,spices,True
testing/cinnamon/cinnamon_6.csv#256:384,testing/cinnamon/cinnamon_6.csv,spices,herbs,recognize,0.9054616893124963,0.12061259337700361,0.3304694880794638,0.6695305119205361,True,False,outer-4-spices,closed_set,spices,True
testing/cinnamon/cinnamon_6.csv#384:512,testing/cinnamon/cinnamon_6.csv,spices,herbs,recognize,0.8074984055824723,0.09537943621394084,0.27752250839907083,0.7224774916009291,True,False,outer-4-spices,closed_set,spices,True
testing/cloves/cloves_6.csv#0:128,testing/cloves/cloves_6.csv,spices,herbs,recognize,0.9335585255928944,0.04568637146730355,0.20652094708940588,0.7934790529105942,True,False,outer-4-spices,closed_set,spices,True
testing/cloves/cloves_6.csv#128:256,testing/cloves/cloves_6.csv,spices,herbs,recognize,0.9018350976660089,0.05357954457014764,0.21981791057673025,0.7801820894232697,True,False,outer-4-spices,closed_set,spices,True
testing/cloves/cloves_6.csv#256:384,testing/cloves/cloves_6.csv,spices,herbs,recognize,0.9831611608204174,0.06575757134370049,0.2542642133195389,0.745735786680461,True,False,outer-4-spices,closed_set,spices,True
testing/cloves/cloves_6.csv#384:512,testing/cloves/cloves_6.csv,spices,herbs,recognize,0.9496202518457793,0.09882732648015803,0.306346912276479,0.693653087723521,True,False,outer-4-spices,closed_set,spices,True
testing/cumin/cumin_6.csv#0:128,testing/cumin/cumin_6.csv,spices,herbs,recognize,0.9984348648889636,1.666019278111e-05,0.004078494492877446,0.9959215055071226,True,False,outer-4-spices,closed_set,spices,True
testing/cumin/cumin_6.csv#128:256,testing/cumin/cumin_6.csv,spices,herbs,recognize,0.8796142385750727,0.0029703941523254876,0.03680320683730188,0.9631967931626981,False,False,outer-4-spices,closed_set,spices,True
testing/cumin/cumin_6.csv#256:384,testing/cumin/cumin_6.csv,spices,herbs,recognize,0.7597603080576631,0.013493768289728649,0.10125230640663434,0.8987476935933657,True,False,outer-4-spices,closed_set,spices,True
testing/cumin/cumin_6.csv#384:512,testing/cumin/cumin_6.csv,spices,herbs,recognize,0.9658240917880965,0.0312435852346034,0.17371185144777776,0.8262881485522222,True,False,outer-4-spices,closed_set,spices,True
testing/ginger/ginger_6.csv#0:128,testing/ginger/ginger_6.csv,spices,herbs,recognize,0.8221317311759585,0.04283900501194434,0.18766807227742646,0.8123319277225736,True,False,outer-4-spices,closed_set,spices,True
testing/ginger/ginger_6.csv#128:256,testing/ginger/ginger_6.csv,spices,herbs,recognize,0.9718571086361903,0.04159451946703478,0.20105703027833707,0.7989429697216629,True,False,outer-4-spices,closed_set,spices,True
testing/ginger/ginger_6.csv#256:384,testing/ginger/ginger_6.csv,spices,herbs,recognize,0.9489949446762735,0.03486555339241484,0.1818989662223026,0.8181010337776974,True,False,outer-4-spices,closed_set,spices,True
testing/ginger/ginger_6.csv#384:512,testing/ginger/ginger_6.csv,spices,herbs,recognize,0.9588471081165916,0.031816383670775966,0.17466266765812172,0.8253373323418782,True,False,outer-4-spices,closed_set,spices,True
testing/mustard/mustard_6.csv#0:128,testing/mustard/mustard_6.csv,spices,nuts,recognize,0.7708498095718566,0.3372071374681296,0.5098392469235559,0.49016075307644413,True,False,outer-4-spices,closed_set,spices,True
testing/mustard/mustard_6.csv#128:256,testing/mustard/mustard_6.csv,spices,nuts,recognize,0.5560236224125686,0.4337598637496567,0.49110154825582286,0.5088984517441771,True,False,outer-4-spices,closed_set,spices,True
testing/mustard/mustard_6.csv#256:384,testing/mustard/mustard_6.csv,spices,nuts,recognize,0.567266644209873,0.6486841393567764,0.6066109749131549,0.39338902508684515,True,False,outer-4-spices,closed_set,spices,True
testing/mustard/mustard_6.csv#384:512,testing/mustard/mustard_6.csv,spices,nuts,recognize,0.47243429311225654,0.5381407606392085,0.5042183553258216,0.4957816446741784,True,False,outer-4-spices,closed_set,spices,True
testing/nutmeg/nutmeg_6.csv#0:128,testing/nutmeg/nutmeg_6.csv,spices,fruits,recognize,0.9581565259613559,4.351351114373868e-07,0.00046490347407669713,0.9995350965259233,False,False,outer-4-spices,closed_set,spices,True
testing/nutmeg/nutmeg_6.csv#128:256,testing/nutmeg/nutmeg_6.csv,spices,fruits,recognize,0.5553685423703466,0.000379997657540417,0.01452717264894885,0.9854728273510511,True,False,outer-4-spices,closed_set,spices,True
testing/nutmeg/nutmeg_6.csv#256:384,testing/nutmeg/nutmeg_6.csv,spices,fruits,recognize,0.5994684442818342,0.0005020849195458569,0.017348892345551193,0.9826511076544489,True,False,outer-4-spices,closed_set,spices,True
testing/nutmeg/nutmeg_6.csv#384:512,testing/nutmeg/nutmeg_6.csv,spices,herbs,recognize,0.8271825679914484,0.0006185579152763887,0.01628633514273176,0.9837136648572682,False,False,outer-4-spices,closed_set,spices,True
testing/saffron/saffron_6.csv#0:128,testing/saffron/saffron_6.csv,spices,herbs,recognize,0.515474325014159,0.22757708032767907,0.3425056815158012,0.6574943184841988,True,False,outer-4-spices,closed_set,spices,True
testing/saffron/saffron_6.csv#128:256,testing/saffron/saffron_6.csv,spices,herbs,recognize,0.6223579795298478,0.2758495054337783,0.41433940297306265,0.5856605970269373,True,False,outer-4-spices,closed_set,spices,True
testing/saffron/saffron_6.csv#256:384,testing/saffron/saffron_6.csv,spices,herbs,recognize,0.5308664012376303,0.2861769451451936,0.3897713752783902,0.6102286247216098,True,False,outer-4-spices,closed_set,spices,True
testing/saffron/saffron_6.csv#384:512,testing/saffron/saffron_6.csv,spices,herbs,recognize,0.5844956327087587,0.22376076617952562,0.36164511693578616,0.6383548830642138,True,False,outer-4-spices,closed_set,spices,True
testing/star_anise/star_anise_6.csv#0:128,testing/star_anise/star_anise_6.csv,spices,herbs,recognize,0.5460340693588851,0.19341971251146742,0.2339875411393123,0.7660124588606877,False,False,outer-4-spices,closed_set,spices,True
testing/star_anise/star_anise_6.csv#128:256,testing/star_anise/star_anise_6.csv,spices,herbs,recognize,0.6843524853658857,0.19108325347508703,0.3616189976031062,0.6383810023968939,True,False,outer-4-spices,closed_set,spices,True
testing/star_anise/star_anise_6.csv#256:384,testing/star_anise/star_anise_6.csv,spices,herbs,recognize,0.6903008395043951,0.17989722301631839,0.3523963735237268,0.6476036264762732,True,False,outer-4-spices,closed_set,spices,True
testing/star_anise/star_anise_6.csv#384:512,testing/star_anise/star_anise_6.csv,spices,herbs,recognize,0.5885205664703987,0.17859138787029566,0.3241985576096246,0.6758014423903753,True,False,outer-4-spices,closed_set,spices,True
testing/almond/almond_6.csv#0:128,testing/almond/almond_6.csv,nuts,nuts,recognize,0.9644075909972885,0.48442991984494727,0.9644075909972885,0.035592409002711545,True,False,outer-4-spices,confidence_threshold,spices,False
testing/almond/almond_6.csv#128:256,testing/almond/almond_6.csv,nuts,nuts,recognize,0.917275409635147,0.4092725017837493,0.917275409635147,0.08272459036485302,True,False,outer-4-spices,confidence_threshold,spices,False
testing/almond/almond_6.csv#256:384,testing/almond/almond_6.csv,nuts,nuts,recognize,0.9287216715564889,0.4496258799261668,0.9287216715564889,0.07127832844351112,True,False,outer-4-spices,confidence_threshold,spices,False
testing/almond/almond_6.csv#384:512,testing/almond/almond_6.csv,nuts,nuts,recognize,0.9379741643531988,0.450695713753388,0.9379741643531988,0.0620258356468012,True,False,outer-4-spices,confidence_threshold,spices,False
testing/angelica/angelica_6.csv#0:128,testing/angelica/angelica_6.csv,herbs,herbs,recognize,0.8227086971220612,0.23053898272907933,0.8227086971220612,0.17729130287793882,True,False,outer-4-spices,confidence_threshold,spices,False
testing/angelica/angelica_6.csv#128:256,testing/angelica/angelica_6.csv,herbs,herbs,recognize,0.7480098623320689,0.2871948777902322,0.7480098623320689,0.2519901376679311,True,False,outer-4-spices,confidence_threshold,spices,False
testing/angelica/angelica_6.csv#256:384,testing/angelica/angelica_6.csv,herbs,herbs,recognize,0.8437650613137403,0.3936654264803459,0.8437650613137403,0.1562349386862597,True,False,outer-4-spices,confidence_threshold,spices,False
testing/angelica/angelica_6.csv#384:512,testing/angelica/angelica_6.csv,herbs,herbs,recognize,0.874028261459373,0.2575401005163414,0.874028261459373,0.12597173854062704,True,False,outer-4-spices,confidence_threshold,spices,False
testing/angelica/angelica_6.csv#512:640,testing/angelica/angelica_6.csv,herbs,herbs,recognize,0.8877033579649216,0.1543594270213601,0.8877033579649216,0.11229664203507839,True,False,outer-4-spices,confidence_threshold,spices,False
testing/apple/apple_6.csv#0:128,testing/apple/apple_6.csv,fruits,nuts,recognize,0.5541131545654003,0.31783844479570844,0.5541131545654003,0.44588684543459967,False,False,outer-4-spices,confidence_threshold,spices,False
testing/apple/apple_6.csv#128:256,testing/apple/apple_6.csv,fruits,nuts,recognize,0.6723742996756866,0.4479266615519207,0.6723742996756866,0.3276257003243134,False,False,outer-4-spices,confidence_threshold,spices,False
testing/apple/apple_6.csv#256:384,testing/apple/apple_6.csv,fruits,nuts,abstain_unknown,0.45700032636678023,0.4364303793754482,0.45700032636678023,0.5429996736332198,False,False,outer-4-spices,confidence_threshold,spices,False
testing/apple/apple_6.csv#384:512,testing/apple/apple_6.csv,fruits,fruits,abstain_unknown,0.46215297315383147,0.454092201379837,0.46215297315383147,0.5378470268461686,False,False,outer-4-spices,confidence_threshold,spices,False
testing/banana/banana_6.csv#0:128,testing/banana/banana_6.csv,fruits,fruits,recognize,0.6977711182308797,0.18169365793405798,0.6977711182308797,0.30222888176912033,True,False,outer-4-spices,confidence_threshold,spices,False
testing/banana/banana_6.csv#128:256,testing/banana/banana_6.csv,fruits,herbs,recognize,0.6999836632963273,0.13419408759734625,0.6999836632963273,0.30001633670367267,True,False,outer-4-spices,confidence_threshold,spices,False
testing/banana/banana_6.csv#256:384,testing/banana/banana_6.csv,fruits,herbs,recognize,0.7855562830790703,0.05911825828193868,0.7855562830790703,0.21444371692092967,True,False,outer-4-spices,confidence_threshold,spices,False
testing/banana/banana_6.csv#384:512,testing/banana/banana_6.csv,fruits,fruits,recognize,0.6019298730340594,0.4436393445445754,0.6019298730340594,0.3980701269659406,True,False,outer-4-spices,confidence_threshold,spices,False
testing/brazil_nut/brazil_nut_6.csv#0:128,testing/brazil_nut/brazil_nut_6.csv,nuts,nuts,recognize,0.958538203566072,0.44976342939414593,0.958538203566072,0.041461796433928,True,False,outer-4-spices,confidence_threshold,spices,False
testing/brazil_nut/brazil_nut_6.csv#128:256,testing/brazil_nut/brazil_nut_6.csv,nuts,nuts,recognize,0.9727241044890493,0.5130960993401984,0.9727241044890493,0.027275895510950665,True,False,outer-4-spices,confidence_threshold,spices,False
testing/brazil_nut/brazil_nut_6.csv#256:384,testing/brazil_nut/brazil_nut_6.csv,nuts,nuts,recognize,0.9408787592799865,0.48888923866079453,0.9408787592799865,0.05912124072001346,True,False,outer-4-spices,confidence_threshold,spices,False
testing/brazil_nut/brazil_nut_6.csv#384:512,testing/brazil_nut/brazil_nut_6.csv,nuts,nuts,recognize,0.9822584813903122,0.49632959062135285,0.9822584813903122,0.017741518609687756,True,False,outer-4-spices,confidence_threshold,spices,False
testing/cashew/cashew_6.csv#0:128,testing/cashew/cashew_6.csv,nuts,nuts,recognize,0.9994855408536261,0.002028856350901378,0.9994855408536261,0.0005144591463739356,True,False,outer-4-spices,confidence_threshold,spices,False
testing/cashew/cashew_6.csv#128:256,testing/cashew/cashew_6.csv,nuts,nuts,recognize,0.8638295306816939,0.27128551160462,0.8638295306816939,0.13617046931830612,True,False,outer-4-spices,confidence_threshold,spices,False
testing/cashew/cashew_6.csv#256:384,testing/cashew/cashew_6.csv,nuts,nuts,recognize,0.928141653473941,0.21885384626344512,0.928141653473941,0.07185834652605905,True,False,outer-4-spices,confidence_threshold,spices,False
testing/cashew/cashew_6.csv#384:512,testing/cashew/cashew_6.csv,nuts,nuts,recognize,0.8846552909576442,0.1880247015209452,0.8846552909576442,0.11534470904235583,True,False,outer-4-spices,confidence_threshold,spices,False
testing/chamomile/chamomile_6.csv#0:128,testing/chamomile/chamomile_6.csv,herbs,fruits,recognize,0.6217985362060972,0.5222783798607221,0.6217985362060972,0.37820146379390285,True,False,outer-4-spices,confidence_threshold,spices,False
testing/chamomile/chamomile_6.csv#128:256,testing/chamomile/chamomile_6.csv,herbs,herbs,recognize,0.5380738974925866,0.49761859261079083,0.5380738974925866,0.4619261025074134,False,False,outer-4-spices,confidence_threshold,spices,False
testing/chamomile/chamomile_6.csv#256:384,testing/chamomile/chamomile_6.csv,herbs,fruits,abstain_unknown,0.3524541001985345,0.5356958941894915,0.3524541001985345,0.6475458998014655,True,False,outer-4-spices,confidence_threshold,spices,False
testing/chamomile/chamomile_6.csv#384:512,testing/chamomile/chamomile_6.csv,herbs,herbs,abstain_unknown,0.4030704852154961,0.40054636039357155,0.4030704852154961,0.596929514784504,False,False,outer-4-spices,confidence_threshold,spices,False
testing/chestnuts/chestnuts_6.csv#0:128,testing/chestnuts/chestnuts_6.csv,nuts,fruits,recognize,0.5456617620514012,0.02410757815568433,0.5456617620514012,0.45433823794859884,False,False,outer-4-spices,confidence_threshold,spices,False
testing/chestnuts/chestnuts_6.csv#128:256,testing/chestnuts/chestnuts_6.csv,nuts,herbs,abstain_unknown,0.4747380087643271,0.18972138976292274,0.4747380087643271,0.5252619912356729,False,False,outer-4-spices,confidence_threshold,spices,False
testing/chestnuts/chestnuts_6.csv#256:384,testing/chestnuts/chestnuts_6.csv,nuts,nuts,recognize,0.6023657372104784,0.16440085999988951,0.6023657372104784,0.39763426278952163,True,False,outer-4-spices,confidence_threshold,spices,False
testing/chestnuts/chestnuts_6.csv#384:512,testing/chestnuts/chestnuts_6.csv,nuts,nuts,recognize,0.88771726799995,0.03715566419473529,0.88771726799995,0.11228273200005001,True,False,outer-4-spices,confidence_threshold,spices,False
testing/chives/chives_6.csv#0:128,testing/chives/chives_6.csv,herbs,nuts,recognize,0.9925728697951408,0.14961186056297604,0.9925728697951408,0.007427130204859189,True,False,outer-4-spices,confidence_threshold,spices,False
testing/chives/chives_6.csv#128:256,testing/chives/chives_6.csv,herbs,nuts,recognize,0.9167969818266868,0.18516295306796654,0.9167969818266868,0.08320301817331321,False,False,outer-4-spices,confidence_threshold,spices,False
testing/chives/chives_6.csv#256:384,testing/chives/chives_6.csv,herbs,nuts,recognize,0.7727253137987622,0.2526164848048134,0.7727253137987622,0.2272746862012378,False,False,outer-4-spices,confidence_threshold,spices,False
testing/chives/chives_6.csv#384:512,testing/chives/chives_6.csv,herbs,herbs,abstain_unknown,0.5207383133430444,0.4215042259291913,0.5207383133430444,0.47926168665695557,True,False,outer-4-spices,confidence_threshold,spices,False
testing/coriander/coriander_6.csv#0:128,testing/coriander/coriander_6.csv,herbs,herbs,recognize,0.9402801282585193,0.09344517393582047,0.9402801282585193,0.059719871741480746,True,False,outer-4-spices,confidence_threshold,spices,False
testing/coriander/coriander_6.csv#128:256,testing/coriander/coriander_6.csv,herbs,herbs,recognize,0.88847385808584,0.2408620087419411,0.88847385808584,0.11152614191415999,True,False,outer-4-spices,confidence_threshold,spices,False
testing/coriander/coriander_6.csv#256:384,testing/coriander/coriander_6.csv,herbs,herbs,recognize,0.9169996204914452,0.21083157442055253,0.9169996204914452,0.08300037950855477,True,False,outer-4-spices,confidence_threshold,spices,False
testing/coriander/coriander_6.csv#384:512,testing/coriander/coriander_6.csv,herbs,herbs,recognize,0.9067088402110186,0.19166720337366444,0.9067088402110186,0.09329115978898139,True,False,outer-4-spices,confidence_threshold,spices,False
testing/dill/dill_6.csv#0:128,testing/dill/dill_6.csv,herbs,herbs,recognize,0.7361989626613832,0.012192527355162595,0.7361989626613832,0.2638010373386168,True,False,outer-4-spices,confidence_threshold,spices,False
testing/dill/dill_6.csv#128:256,testing/dill/dill_6.csv,herbs,herbs,recognize,0.9621873486970612,0.020506374047272718,0.9621873486970612,0.03781265130293876,True,False,outer-4-spices,confidence_threshold,spices,False
testing/dill/dill_6.csv#256:384,testing/dill/dill_6.csv,herbs,herbs,recognize,0.981899959379957,0.012945798636737501,0.981899959379957,0.018100040620043,True,False,outer-4-spices,confidence_threshold,spices,False
testing/dill/dill_6.csv#384:512,testing/dill/dill_6.csv,herbs,herbs,recognize,0.981704739973039,0.012063372857273593,0.981704739973039,0.018295260026961024,True,False,outer-4-spices,confidence_threshold,spices,False
testing/garlic/garlic_6.csv#0:128,testing/garlic/garlic_6.csv,herbs,herbs,recognize,0.7556067063659578,0.09001342859863733,0.7556067063659578,0.24439329363404216,False,False,outer-4-spices,confidence_threshold,spices,False
testing/garlic/garlic_6.csv#128:256,testing/garlic/garlic_6.csv,herbs,herbs,recognize,0.6052212190216716,0.3555656746483016,0.6052212190216716,0.3947787809783284,True,False,outer-4-spices,confidence_threshold,spices,False
testing/garlic/garlic_6.csv#256:384,testing/garlic/garlic_6.csv,herbs,fruits,recognize,0.5854956801201469,0.36068129624212586,0.5854956801201469,0.41450431987985314,False,False,outer-4-spices,confidence_threshold,spices,False
testing/garlic/garlic_6.csv#384:512,testing/garlic/garlic_6.csv,herbs,fruits,abstain_unknown,0.5143245206469327,0.3721497523483826,0.5143245206469327,0.4856754793530673,False,False,outer-4-spices,confidence_threshold,spices,False
testing/hazelnut/hazelnut_6.csv#0:128,testing/hazelnut/hazelnut_6.csv,nuts,nuts,recognize,0.9957882727655801,0.518399517017423,0.9957882727655801,0.004211727234419871,True,False,outer-4-spices,confidence_threshold,spices,False
testing/hazelnut/hazelnut_6.csv#128:256,testing/hazelnut/hazelnut_6.csv,nuts,nuts,recognize,0.992875731333535,0.7324783868412357,0.992875731333535,0.0071242686664649835,True,False,outer-4-spices,confidence_threshold,spices,False
testing/hazelnut/hazelnut_6.csv#256:384,testing/hazelnut/hazelnut_6.csv,nuts,nuts,recognize,0.9880354692066899,0.5923286450906641,0.9880354692066899,0.011964530793310058,True,False,outer-4-spices,confidence_threshold,spices,False
testing/hazelnut/hazelnut_6.csv#384:512,testing/hazelnut/hazelnut_6.csv,nuts,nuts,recognize,0.9838658628833225,0.6834133661137682,0.9838658628833225,0.01613413711667755,True,False,outer-4-spices,confidence_threshold,spices,False
testing/kiwi/kiwi_6.csv#0:128,testing/kiwi/kiwi_6.csv,fruits,fruits,abstain_unknown,0.45036592059157965,0.4978842475348483,0.45036592059157965,0.5496340794084204,True,False,outer-4-spices,confidence_threshold,spices,False
testing/kiwi/kiwi_6.csv#128:256,testing/kiwi/kiwi_6.csv,fruits,fruits,abstain_unknown,0.40997571075240574,0.5814830003920224,0.40997571075240574,0.5900242892475942,True,False,outer-4-spices,confidence_threshold,spices,False
testing/kiwi/kiwi_6.csv#256:384,testing/kiwi/kiwi_6.csv,fruits,fruits,recognize,0.538807190328689,0.7182402814331608,0.538807190328689,0.46119280967131104,True,False,outer-4-spices,confidence_threshold,spices,False
testing/kiwi/kiwi_6.csv#384:512,testing/kiwi/kiwi_6.csv,fruits,fruits,abstain_unknown,0.4909629912400576,0.5473425633148025,0.4909629912400576,0.5090370087599424,True,False,outer-4-spices,confidence_threshold,spices,False
testing/lemon/lemon_6.csv#0:128,testing/lemon/lemon_6.csv,fruits,fruits,recognize,0.9978868981289284,0.0007585254041594748,0.9978868981289284,0.00211310187107161,True,False,outer-4-spices,confidence_threshold,spices,False
testing/lemon/lemon_6.csv#128:256,testing/lemon/lemon_6.csv,fruits,herbs,recognize,0.5871065562142557,0.028086832150665705,0.5871065562142557,0.41289344378574433,False,False,outer-4-spices,confidence_threshold,spices,False
testing/lemon/lemon_6.csv#256:384,testing/lemon/lemon_6.csv,fruits,fruits,abstain_unknown,0.5203074877175685,0.03374555461483872,0.5203074877175685,0.4796925122824315,True,False,outer-4-spices,confidence_threshold,spices,False
testing/lemon/lemon_6.csv#384:512,testing/lemon/lemon_6.csv,fruits,herbs,recognize,0.6646170565594355,0.04610519450177745,0.6646170565594355,0.3353829434405645,False,False,outer-4-spices,confidence_threshold,spices,False
testing/mandarin_orange/mandarin_orange_6.csv#0:128,testing/mandarin_orange/mandarin_orange_6.csv,fruits,fruits,recognize,0.7213474192642274,0.13382051174593884,0.7213474192642274,0.2786525807357726,False,False,outer-4-spices,confidence_threshold,spices,False
testing/mandarin_orange/mandarin_orange_6.csv#128:256,testing/mandarin_orange/mandarin_orange_6.csv,fruits,fruits,recognize,0.5648044016374512,0.3240354223479202,0.5648044016374512,0.43519559836254884,False,False,outer-4-spices,confidence_threshold,spices,False
testing/mandarin_orange/mandarin_orange_6.csv#256:384,testing/mandarin_orange/mandarin_orange_6.csv,fruits,fruits,recognize,0.7425096460438264,0.23537566467289506,0.7425096460438264,0.2574903539561736,True,False,outer-4-spices,confidence_threshold,spices,False
testing/mandarin_orange/mandarin_orange_6.csv#384:512,testing/mandarin_orange/mandarin_orange_6.csv,fruits,fruits,recognize,0.623504212466804,0.24345632691766073,0.623504212466804,0.376495787533196,True,False,outer-4-spices,confidence_threshold,spices,False
testing/mango/mango_6.csv#0:128,testing/mango/mango_6.csv,fruits,fruits,recognize,0.5895717686457775,0.3315288091074395,0.5895717686457775,0.41042823135422246,True,False,outer-4-spices,confidence_threshold,spices,False
testing/mango/mango_6.csv#128:256,testing/mango/mango_6.csv,fruits,fruits,recognize,0.5927403683438306,0.3526222988514673,0.5927403683438306,0.4072596316561694,True,False,outer-4-spices,confidence_threshold,spices,False
testing/mango/mango_6.csv#256:384,testing/mango/mango_6.csv,fruits,herbs,recognize,0.6534765297633354,0.438927742697855,0.6534765297633354,0.34652347023666463,False,False,outer-4-spices,confidence_threshold,spices,False
testing/mango/mango_6.csv#384:512,testing/mango/mango_6.csv,fruits,herbs,recognize,0.609226728501945,0.39576513749221104,0.609226728501945,0.39077327149805496,False,False,outer-4-spices,confidence_threshold,spices,False
testing/mint/mint_6.csv#0:128,testing/mint/mint_6.csv,herbs,nuts,recognize,0.9935673045207001,0.14533558675493247,0.9935673045207001,0.006432695479299921,True,False,outer-4-spices,confidence_threshold,spices,False
testing/mint/mint_6.csv#128:256,testing/mint/mint_6.csv,herbs,nuts,recognize,0.9657552549166507,0.18503939871284356,0.9657552549166507,0.03424474508334929,True,False,outer-4-spices,confidence_threshold,spices,False
testing/mint/mint_6.csv#256:384,testing/mint/mint_6.csv,herbs,nuts,recognize,0.9939715523826131,0.05326401631348162,0.9939715523826131,0.006028447617386856,True,False,outer-4-spices,confidence_threshold,spices,False
testing/mint/mint_6.csv#384:512,testing/mint/mint_6.csv,herbs,nuts,recognize,0.6805951159633387,0.24458175710659483,0.6805951159633387,0.31940488403666134,True,False,outer-4-spices,confidence_threshold,spices,False
testing/mugwort/mugwort_6.csv#0:128,testing/mugwort/mugwort_6.csv,herbs,herbs,recognize,0.6170710559392585,0.3870650976207096,0.6170710559392585,0.3829289440607415,True,False,outer-4-spices,confidence_threshold,spices,False
testing/mugwort/mugwort_6.csv#128:256,testing/mugwort/mugwort_6.csv,herbs,herbs,abstain_unknown,0.5226851910803113,0.31758056423604947,0.5226851910803113,0.4773148089196887,True,False,outer-4-spices,confidence_threshold,spices,False
testing/mugwort/mugwort_6.csv#256:384,testing/mugwort/mugwort_6.csv,herbs,herbs,recognize,0.6602732731670452,0.35911427549376246,0.6602732731670452,0.3397267268329548,True,False,outer-4-spices,confidence_threshold,spices,False
testing/mugwort/mugwort_6.csv#384:512,testing/mugwort/mugwort_6.csv,herbs,herbs,recognize,0.6141106743060263,0.39285137033907247,0.6141106743060263,0.3858893256939737,True,False,outer-4-spices,confidence_threshold,spices,False
testing/oregano/oregano_6.csv#0:128,testing/oregano/oregano_6.csv,herbs,herbs,recognize,0.9566373130413488,0.001492312054830334,0.9566373130413488,0.0433626869586512,True,False,outer-4-spices,confidence_threshold,spices,False
testing/oregano/oregano_6.csv#128:256,testing/oregano/oregano_6.csv,herbs,herbs,recognize,0.9375094284153322,0.007944423841740173,0.9375094284153322,0.06249057158466775,False,False,outer-4-spices,confidence_threshold,spices,False
testing/oregano/oregano_6.csv#256:384,testing/oregano/oregano_6.csv,herbs,herbs,recognize,0.6338476934645798,0.0164731592545281,0.6338476934645798,0.3661523065354202,True,False,outer-4-spices,confidence_threshold,spices,False
testing/oregano/oregano_6.csv#384:512,testing/oregano/oregano_6.csv,herbs,herbs,recognize,0.7833298502895044,0.025987798503291692,0.7833298502895044,0.21667014971049559,True,False,outer-4-spices,confidence_threshold,spices,False
testing/peach/peach_6.csv#0:128,testing/peach/peach_6.csv,fruits,fruits,recognize,0.9992553042594944,0.0028351179783679373,0.9992553042594944,0.0007446957405056187,True,False,outer-4-spices,confidence_threshold,spices,False
testing/peach/peach_6.csv#128:256,testing/peach/peach_6.csv,fruits,fruits,recognize,0.9198254865099224,0.010279315332626143,0.9198254865099224,0.08017451349007765,True,False,outer-4-spices,confidence_threshold,spices,False
testing/peach/peach_6.csv#256:384,testing/peach/peach_6.csv,fruits,fruits,recognize,0.8158496162992817,0.0012339374306971876,0.8158496162992817,0.18415038370071835,True,False,outer-4-spices,confidence_threshold,spices,False
testing/peach/peach_6.csv#384:512,testing/peach/peach_6.csv,fruits,fruits,recognize,0.8101130823507293,0.0005667764928514005,0.8101130823507293,0.18988691764927068,True,False,outer-4-spices,confidence_threshold,spices,False
testing/peanuts/peanuts_6.csv#0:128,testing/peanuts/peanuts_6.csv,nuts,nuts,recognize,0.9444046201689517,0.40414918412498624,0.9444046201689517,0.05559537983104834,True,False,outer-4-spices,confidence_threshold,spices,False
testing/peanuts/peanuts_6.csv#128:256,testing/peanuts/peanuts_6.csv,nuts,nuts,recognize,0.8639487254541373,0.4741851242162504,0.8639487254541373,0.13605127454586274,True,False,outer-4-spices,confidence_threshold,spices,False
testing/peanuts/peanuts_6.csv#256:384,testing/peanuts/peanuts_6.csv,nuts,nuts,recognize,0.8990690460189155,0.43452239591186986,0.8990690460189155,0.10093095398108454,False,False,outer-4-spices,confidence_threshold,spices,False
testing/peanuts/peanuts_6.csv#384:512,testing/peanuts/peanuts_6.csv,nuts,nuts,recognize,0.9187303241171906,0.33807861987001137,0.9187303241171906,0.08126967588280942,True,False,outer-4-spices,confidence_threshold,spices,False
testing/pear/pear_6.csv#0:128,testing/pear/pear_6.csv,fruits,fruits,recognize,0.8646767385297189,0.26306184509458125,0.8646767385297189,0.13532326147028106,True,False,outer-4-spices,confidence_threshold,spices,False
testing/pear/pear_6.csv#128:256,testing/pear/pear_6.csv,fruits,fruits,recognize,0.6108879556651143,0.48321987985792486,0.6108879556651143,0.38911204433488567,True,False,outer-4-spices,confidence_threshold,spices,False
testing/pear/pear_6.csv#256:384,testing/pear/pear_6.csv,fruits,fruits,recognize,0.6672268874669631,0.4668983677345628,0.6672268874669631,0.3327731125330369,True,False,outer-4-spices,confidence_threshold,spices,False
testing/pear/pear_6.csv#384:512,testing/pear/pear_6.csv,fruits,fruits,recognize,0.6654553208928631,0.36430040556595417,0.6654553208928631,0.3345446791071369,True,False,outer-4-spices,confidence_threshold,spices,False
testing/pecans/pecans_6.csv#0:128,testing/pecans/pecans_6.csv,nuts,nuts,recognize,0.9998793831713328,0.21906536095271187,0.9998793831713328,0.00012061682866715273,True,False,outer-4-spices,confidence_threshold,spices,False
testing/pecans/pecans_6.csv#128:256,testing/pecans/pecans_6.csv,nuts,nuts,recognize,0.9998976972194601,0.20915699844009203,0.9998976972194601,0.00010230278053990904,True,False,outer-4-spices,confidence_threshold,spices,False
testing/pecans/pecans_6.csv#256:384,testing/pecans/pecans_6.csv,nuts,nuts,recognize,0.9997833266832675,0.2987508474688598,0.9997833266832675,0.00021667331673247414,True,False,outer-4-spices,confidence_threshold,spices,False
testing/pecans/pecans_6.csv#384:512,testing/pecans/pecans_6.csv,nuts,nuts,recognize,0.9997056068023034,0.264315300291087,0.9997056068023034,0.00029439319769664074,True,False,outer-4-spices,confidence_threshold,spices,False
testing/pili_nut/pili_nut_6.csv#0:128,testing/pili_nut/pili_nut_6.csv,nuts,nuts,recognize,0.9995036889692194,0.35708513957525134,0.9995036889692194,0.0004963110307806273,True,False,outer-4-spices,confidence_threshold,spices,False
testing/pili_nut/pili_nut_6.csv#128:256,testing/pili_nut/pili_nut_6.csv,nuts,nuts,recognize,0.9993725717029053,0.33376630262506574,0.9993725717029053,0.0006274282970947231,True,False,outer-4-spices,confidence_threshold,spices,False
testing/pili_nut/pili_nut_6.csv#256:384,testing/pili_nut/pili_nut_6.csv,nuts,nuts,recognize,0.9992652191864638,0.3305771325256032,0.9992652191864638,0.0007347808135361733,True,False,outer-4-spices,confidence_threshold,spices,False
testing/pili_nut/pili_nut_6.csv#384:512,testing/pili_nut/pili_nut_6.csv,nuts,nuts,recognize,0.9993733347211806,0.4355107758467593,0.9993733347211806,0.0006266652788193827,True,False,outer-4-spices,confidence_threshold,spices,False
testing/pineapple/pineapple_6.csv#0:128,testing/pineapple/pineapple_6.csv,fruits,fruits,recognize,0.9998754851374079,0.047573081017895584,0.9998754851374079,0.00012451486259212885,True,False,outer-4-spices,confidence_threshold,spices,False
testing/pineapple/pineapple_6.csv#128:256,testing/pineapple/pineapple_6.csv,fruits,fruits,recognize,0.9997128368463443,0.047504327554994195,0.9997128368463443,0.00028716315365573397,True,False,outer-4-spices,confidence_threshold,spices,False
testing/pineapple/pineapple_6.csv#256:384,testing/pineapple/pineapple_6.csv,fruits,fruits,recognize,0.998580989570455,0.058713262809051835,0.998580989570455,0.0014190104295449535,True,False,outer-4-spices,confidence_threshold,spices,False
testing/pineapple/pineapple_6.csv#384:512,testing/pineapple/pineapple_6.csv,fruits,fruits,recognize,0.9973522912889624,0.04686765559154244,0.9973522912889624,0.0026477087110375885,True,False,outer-4-spices,confidence_threshold,spices,False
testing/pistachios/pistachios_6.csv#0:128,testing/pistachios/pistachios_6.csv,nuts,nuts,recognize,0.9427299540298123,0.6278539387593332,0.9427299540298123,0.0572700459701877,True,False,outer-4-spices,confidence_threshold,spices,False
testing/pistachios/pistachios_6.csv#128:256,testing/pistachios/pistachios_6.csv,nuts,nuts,recognize,0.9028495433910162,0.6903565495835348,0.9028495433910162,0.0971504566089838,True,False,outer-4-spices,confidence_threshold,spices,False
testing/pistachios/pistachios_6.csv#256:384,testing/pistachios/pistachios_6.csv,nuts,nuts,recognize,0.8834977124171661,0.5647964439160167,0.8834977124171661,0.11650228758283387,True,False,outer-4-spices,confidence_threshold,spices,False
testing/pistachios/pistachios_6.csv#384:512,testing/pistachios/pistachios_6.csv,nuts,nuts,recognize,0.9211421729603737,0.4801754733421859,0.9211421729603737,0.0788578270396263,True,False,outer-4-spices,confidence_threshold,spices,False
testing/pistachios/pistachios_6.csv#512:640,testing/pistachios/pistachios_6.csv,nuts,nuts,recognize,0.9109263435222513,0.6138846231208501,0.9109263435222513,0.08907365647774868,True,False,outer-4-spices,confidence_threshold,spices,False
testing/strawberry/strawberry_6.csv#0:128,testing/strawberry/strawberry_6.csv,fruits,nuts,recognize,0.5353858289795851,0.46606034974552984,0.5353858289795851,0.4646141710204149,True,False,outer-4-spices,confidence_threshold,spices,False
testing/strawberry/strawberry_6.csv#128:256,testing/strawberry/strawberry_6.csv,fruits,fruits,abstain_unknown,0.48483616037248806,0.4612398125402439,0.48483616037248806,0.515163839627512,True,False,outer-4-spices,confidence_threshold,spices,False
testing/strawberry/strawberry_6.csv#256:384,testing/strawberry/strawberry_6.csv,fruits,fruits,abstain_unknown,0.4362756691538889,0.5628090708014336,0.4362756691538889,0.5637243308461111,True,False,outer-4-spices,confidence_threshold,spices,False
testing/strawberry/strawberry_6.csv#384:512,testing/strawberry/strawberry_6.csv,fruits,fruits,abstain_unknown,0.45141323579514064,0.4821575394976324,0.45141323579514064,0.5485867642048594,True,False,outer-4-spices,confidence_threshold,spices,False
testing/strawberry/strawberry_6.csv#512:640,testing/strawberry/strawberry_6.csv,fruits,fruits,recognize,0.5732810916275748,0.6481277436628703,0.5732810916275748,0.4267189083724252,True,False,outer-4-spices,confidence_threshold,spices,False
testing/turnip/turnip_6.csv#0:128,testing/turnip/turnip_6.csv,herbs,fruits,recognize,0.9115538273669866,0.2543452124861024,0.9115538273669866,0.08844617263301335,False,False,outer-4-spices,confidence_threshold,spices,False
testing/turnip/turnip_6.csv#128:256,testing/turnip/turnip_6.csv,herbs,fruits,recognize,0.6972393719972193,0.4306135028861034,0.6972393719972193,0.3027606280027807,False,False,outer-4-spices,confidence_threshold,spices,False
testing/turnip/turnip_6.csv#256:384,testing/turnip/turnip_6.csv,herbs,fruits,recognize,0.7176160649292912,0.3857807183809621,0.7176160649292912,0.2823839350707088,False,False,outer-4-spices,confidence_threshold,spices,False
testing/turnip/turnip_6.csv#384:512,testing/turnip/turnip_6.csv,herbs,herbs,recognize,0.7193780955437005,0.15148302951871384,0.7193780955437005,0.28062190445629953,True,False,outer-4-spices,confidence_threshold,spices,False
testing/walnuts/walnuts_6.csv#0:128,testing/walnuts/walnuts_6.csv,nuts,nuts,recognize,0.9074732484352978,0.2815424705241056,0.9074732484352978,0.09252675156470225,True,False,outer-4-spices,confidence_threshold,spices,False
testing/walnuts/walnuts_6.csv#128:256,testing/walnuts/walnuts_6.csv,nuts,nuts,recognize,0.86304631243679,0.30870733020819063,0.86304631243679,0.13695368756321002,True,False,outer-4-spices,confidence_threshold,spices,False
testing/walnuts/walnuts_6.csv#256:384,testing/walnuts/walnuts_6.csv,nuts,nuts,recognize,0.8122599292653538,0.4090490663406675,0.8122599292653538,0.18774007073464616,True,False,outer-4-spices,confidence_threshold,spices,False
testing/walnuts/walnuts_6.csv#384:512,testing/walnuts/walnuts_6.csv,nuts,nuts,recognize,0.8510425474399359,0.3301805810869653,0.8510425474399359,0.1489574525600641,True,False,outer-4-spices,confidence_threshold,spices,False
testing/walnuts/walnuts_6.csv#512:640,testing/walnuts/walnuts_6.csv,nuts,nuts,recognize,0.9690558346890638,0.1553816023535214,0.9690558346890638,0.030944165310936245,True,False,outer-4-spices,confidence_threshold,spices,False
testing/walnuts/walnuts_6.csv#640:768,testing/walnuts/walnuts_6.csv,nuts,nuts,recognize,0.6745439512236223,0.3932483327304399,0.6745439512236223,0.3254560487763777,False,False,outer-4-spices,confidence_threshold,spices,False
testing/allspice/allspice_6.csv#0:128,testing/allspice/allspice_6.csv,spices,herbs,recognize,0.6234617910790164,0.06524874305054662,0.6234617910790164,0.37653820892098355,True,False,outer-4-spices,confidence_threshold,spices,True
testing/allspice/allspice_6.csv#128:256,testing/allspice/allspice_6.csv,spices,herbs,recognize,0.8582224800494412,0.14467609589088523,0.8582224800494412,0.14177751995055876,True,False,outer-4-spices,confidence_threshold,spices,True
testing/allspice/allspice_6.csv#256:384,testing/allspice/allspice_6.csv,spices,herbs,recognize,0.6154178432718739,0.06038556582928184,0.6154178432718739,0.3845821567281261,True,False,outer-4-spices,confidence_threshold,spices,True
testing/allspice/allspice_6.csv#384:512,testing/allspice/allspice_6.csv,spices,herbs,recognize,0.6310481655661845,0.07954755684766689,0.6310481655661845,0.3689518344338155,True,False,outer-4-spices,confidence_threshold,spices,True
testing/chervil/chervil_6.csv#0:128,testing/chervil/chervil_6.csv,spices,nuts,recognize,0.9990823782540491,0.280995635013762,0.9990823782540491,0.0009176217459508917,True,False,outer-4-spices,confidence_threshold,spices,True
testing/chervil/chervil_6.csv#128:256,testing/chervil/chervil_6.csv,spices,nuts,recognize,0.9989938330224913,0.2768666308364213,0.9989938330224913,0.0010061669775086601,True,False,outer-4-spices,confidence_threshold,spices,True
testing/chervil/chervil_6.csv#256:384,testing/chervil/chervil_6.csv,spices,nuts,recognize,0.9996136721504544,0.3028086617491183,0.9996136721504544,0.00038632784954562016,True,False,outer-4-spices,confidence_threshold,spices,True
testing/chervil/chervil_6.csv#384:512,testing/chervil/chervil_6.csv,spices,nuts,recognize,0.9999174494346008,0.06410350994666653,0.9999174494346008,8.255056539918648e-05,True,False,outer-4-spices,confidence_threshold,spices,True
testing/cinnamon/cinnamon_6.csv#0:128,testing/cinnamon/cinnamon_6.csv,spices,herbs,recognize,0.7297232486323504,0.07591414324430969,0.7297232486323504,0.2702767513676496,True,False,outer-4-spices,confidence_threshold,spices,True
testing/cinnamon/cinnamon_6.csv#128:256,testing/cinnamon/cinnamon_6.csv,spices,herbs,recognize,0.9842274499145915,0.030177263825626605,0.9842274499145915,0.015772550085408454,True,False,outer-4-spices,confidence_threshold,spices,True
testing/cinnamon/cinnamon_6.csv#256:384,testing/cinnamon/cinnamon_6.csv,spices,herbs,recognize,0.9054616893124963,0.12061259337700361,0.9054616893124963,0.09453831068750373,True,False,outer-4-spices,confidence_threshold,spices,True
testing/cinnamon/cinnamon_6.csv#384:512,testing/cinnamon/cinnamon_6.csv,spices,herbs,recognize,0.8074984055824723,0.09537943621394084,0.8074984055824723,0.19250159441752768,True,False,outer-4-spices,confidence_threshold,spices,True
testing/cloves/cloves_6.csv#0:128,testing/cloves/cloves_6.csv,spices,herbs,recognize,0.9335585255928944,0.04568637146730355,0.9335585255928944,0.06644147440710557,True,False,outer-4-spices,confidence_threshold,spices,True
testing/cloves/cloves_6.csv#128:256,testing/cloves/cloves_6.csv,spices,herbs,recognize,0.9018350976660089,0.05357954457014764,0.9018350976660089,0.09816490233399111,True,False,outer-4-spices,confidence_threshold,spices,True
testing/cloves/cloves_6.csv#256:384,testing/cloves/cloves_6.csv,spices,herbs,recognize,0.9831611608204174,0.06575757134370049,0.9831611608204174,0.01683883917958262,True,False,outer-4-spices,confidence_threshold,spices,True
testing/cloves/cloves_6.csv#384:512,testing/cloves/cloves_6.csv,spices,herbs,recognize,0.9496202518457793,0.09882732648015803,0.9496202518457793,0.05037974815422075,True,False,outer-4-spices,confidence_threshold,spices,True
testing/cumin/cumin_6.csv#0:128,testing/cumin/cumin_6.csv,spices,herbs,recognize,0.9984348648889636,1.666019278111e-05,0.9984348648889636,0.0015651351110363976,True,False,outer-4-spices,confidence_threshold,spices,True
testing/cumin/cumin_6.csv#128:256,testing/cumin/cumin_6.csv,spices,herbs,recognize,0.8796142385750727,0.0029703941523254876,0.8796142385750727,0.1203857614249273,False,False,outer-4-spices,confidence_threshold,spices,True
testing/cumin/cumin_6.csv#256:384,testing/cumin/cumin_6.csv,spices,herbs,recognize,0.7597603080576631,0.013493768289728649,0.7597603080576631,0.24023969194233685,True,False,outer-4-spices,confidence_threshold,spices,True
testing/cumin/cumin_6.csv#384:512,testing/cumin/cumin_6.csv,spices,herbs,recognize,0.9658240917880965,0.0312435852346034,0.9658240917880965,0.03417590821190353,True,False,outer-4-spices,confidence_threshold,spices,True
testing/ginger/ginger_6.csv#0:128,testing/ginger/ginger_6.csv,spices,herbs,recognize,0.8221317311759585,0.04283900501194434,0.8221317311759585,0.1778682688240415,True,False,outer-4-spices,confidence_threshold,spices,True
testing/ginger/ginger_6.csv#128:256,testing/ginger/ginger_6.csv,spices,herbs,recognize,0.9718571086361903,0.04159451946703478,0.9718571086361903,0.028142891363809652,True,False,outer-4-spices,confidence_threshold,spices,True
testing/ginger/ginger_6.csv#256:384,testing/ginger/ginger_6.csv,spices,herbs,recognize,0.9489949446762735,0.03486555339241484,0.9489949446762735,0.051005055323726456,True,False,outer-4-spices,confidence_threshold,spices,True
testing/ginger/ginger_6.csv#384:512,testing/ginger/ginger_6.csv,spices,herbs,recognize,0.9588471081165916,0.031816383670775966,0.9588471081165916,0.04115289188340843,True,False,outer-4-spices,confidence_threshold,spices,True
testing/mustard/mustard_6.csv#0:128,testing/mustard/mustard_6.csv,spices,nuts,recognize,0.7708498095718566,0.3372071374681296,0.7708498095718566,0.22915019042814344,True,False,outer-4-spices,confidence_threshold,spices,True
testing/mustard/mustard_6.csv#128:256,testing/mustard/mustard_6.csv,spices,nuts,recognize,0.5560236224125686,0.4337598637496567,0.5560236224125686,0.44397637758743136,True,False,outer-4-spices,confidence_threshold,spices,True
testing/mustard/mustard_6.csv#256:384,testing/mustard/mustard_6.csv,spices,nuts,recognize,0.567266644209873,0.6486841393567764,0.567266644209873,0.43273335579012695,True,False,outer-4-spices,confidence_threshold,spices,True
testing/mustard/mustard_6.csv#384:512,testing/mustard/mustard_6.csv,spices,nuts,abstain_unknown,0.47243429311225654,0.5381407606392085,0.47243429311225654,0.5275657068877435,True,False,outer-4-spices,confidence_threshold,spices,True
testing/nutmeg/nutmeg_6.csv#0:128,testing/nutmeg/nutmeg_6.csv,spices,fruits,recognize,0.9581565259613559,4.351351114373868e-07,0.9581565259613559,0.04184347403864408,False,False,outer-4-spices,confidence_threshold,spices,True
testing/nutmeg/nutmeg_6.csv#128:256,testing/nutmeg/nutmeg_6.csv,spices,fruits,recognize,0.5553685423703466,0.000379997657540417,0.5553685423703466,0.4446314576296534,True,False,outer-4-spices,confidence_threshold,spices,True
testing/nutmeg/nutmeg_6.csv#256:384,testing/nutmeg/nutmeg_6.csv,spices,fruits,recognize,0.5994684442818342,0.0005020849195458569,0.5994684442818342,0.4005315557181658,True,False,outer-4-spices,confidence_threshold,spices,True
testing/nutmeg/nutmeg_6.csv#384:512,testing/nutmeg/nutmeg_6.csv,spices,herbs,recognize,0.8271825679914484,0.0006185579152763887,0.8271825679914484,0.1728174320085516,False,False,outer-4-spices,confidence_threshold,spices,True
testing/saffron/saffron_6.csv#0:128,testing/saffron/saffron_6.csv,spices,herbs,abstain_unknown,0.515474325014159,0.22757708032767907,0.515474325014159,0.484525674985841,True,False,outer-4-spices,confidence_threshold,spices,True
testing/saffron/saffron_6.csv#128:256,testing/saffron/saffron_6.csv,spices,herbs,recognize,0.6223579795298478,0.2758495054337783,0.6223579795298478,0.37764202047015216,True,False,outer-4-spices,confidence_threshold,spices,True
testing/saffron/saffron_6.csv#256:384,testing/saffron/saffron_6.csv,spices,herbs,recognize,0.5308664012376303,0.2861769451451936,0.5308664012376303,0.4691335987623697,True,False,outer-4-spices,confidence_threshold,spices,True
testing/saffron/saffron_6.csv#384:512,testing/saffron/saffron_6.csv,spices,herbs,recognize,0.5844956327087587,0.22376076617952562,0.5844956327087587,0.4155043672912413,True,False,outer-4-spices,confidence_threshold,spices,True
testing/star_anise/star_anise_6.csv#0:128,testing/star_anise/star_anise_6.csv,spices,herbs,recognize,0.5460340693588851,0.19341971251146742,0.5460340693588851,0.4539659306411149,False,False,outer-4-spices,confidence_threshold,spices,True
testing/star_anise/star_anise_6.csv#128:256,testing/star_anise/star_anise_6.csv,spices,herbs,recognize,0.6843524853658857,0.19108325347508703,0.6843524853658857,0.31564751463411433,True,False,outer-4-spices,confidence_threshold,spices,True
testing/star_anise/star_anise_6.csv#256:384,testing/star_anise/star_anise_6.csv,spices,herbs,recognize,0.6903008395043951,0.17989722301631839,0.6903008395043951,0.30969916049560486,True,False,outer-4-spices,confidence_threshold,spices,True
testing/star_anise/star_anise_6.csv#384:512,testing/star_anise/star_anise_6.csv,spices,herbs,recognize,0.5885205664703987,0.17859138787029566,0.5885205664703987,0.41147943352960126,True,False,outer-4-spices,confidence_threshold,spices,True
testing/almond/almond_6.csv#0:128,testing/almond/almond_6.csv,nuts,nuts,recognize,0.9644075909972885,0.48442991984494727,0.6835114424826223,0.3164885575173777,True,False,outer-4-spices,sentinel_initial,spices,False
testing/almond/almond_6.csv#128:256,testing/almond/almond_6.csv,nuts,nuts,recognize,0.917275409635147,0.4092725017837493,0.6127116791167686,0.3872883208832314,True,False,outer-4-spices,sentinel_initial,spices,False
testing/almond/almond_6.csv#256:384,testing/almond/almond_6.csv,nuts,nuts,recognize,0.9287216715564889,0.4496258799261668,0.6462022119894723,0.35379778801052775,True,False,outer-4-spices,sentinel_initial,spices,False
testing/almond/almond_6.csv#384:512,testing/almond/almond_6.csv,nuts,nuts,recognize,0.9379741643531988,0.450695713753388,0.65018530857395,0.34981469142605004,True,False,outer-4-spices,sentinel_initial,spices,False
testing/angelica/angelica_6.csv#0:128,testing/angelica/angelica_6.csv,herbs,herbs,recognize,0.8227086971220612,0.23053898272907933,0.43550709077681643,0.5644929092231836,True,False,outer-4-spices,sentinel_initial,spices,False
testing/angelica/angelica_6.csv#128:256,testing/angelica/angelica_6.csv,herbs,herbs,recognize,0.7480098623320689,0.2871948777902322,0.46349174857633324,0.5365082514236668,True,False,outer-4-spices,sentinel_initial,spices,False
testing/angelica/angelica_6.csv#256:384,testing/angelica/angelica_6.csv,herbs,herbs,recognize,0.8437650613137403,0.3936654264803459,0.5763342196254607,0.4236657803745393,True,False,outer-4-spices,sentinel_initial,spices,False
testing/angelica/angelica_6.csv#384:512,testing/angelica/angelica_6.csv,herbs,herbs,recognize,0.874028261459373,0.2575401005163414,0.47444422887244614,0.5255557711275538,True,False,outer-4-spices,sentinel_initial,spices,False
testing/angelica/angelica_6.csv#512:640,testing/angelica/angelica_6.csv,herbs,herbs,recognize,0.8877033579649216,0.1543594270213601,0.3701693959532617,0.6298306040467383,True,False,outer-4-spices,sentinel_initial,spices,False
testing/apple/apple_6.csv#0:128,testing/apple/apple_6.csv,fruits,nuts,recognize,0.5541131545654003,0.31783844479570844,0.30215858645494914,0.6978414135450508,False,False,outer-4-spices,sentinel_initial,spices,False
testing/apple/apple_6.csv#128:256,testing/apple/apple_6.csv,fruits,nuts,recognize,0.6723742996756866,0.4479266615519207,0.39513136573837565,0.6048686342616243,False,False,outer-4-spices,sentinel_initial,spices,False
testing/apple/apple_6.csv#256:384,testing/apple/apple_6.csv,fruits,nuts,recognize,0.45700032636678023,0.4364303793754482,0.3215497959887401,0.6784502040112599,False,False,outer-4-spices,sentinel_initial,spices,False
testing/apple/apple_6.csv#384:512,testing/apple/apple_6.csv,fruits,fruits,recognize,0.46215297315383147,0.454092201379837,0.3298354977839368,0.6701645022160632,False,False,outer-4-spices,sentinel_initial,spices,False
testing/banana/banana_6.csv#0:128,testing/banana/banana_6.csv,fruits,fruits,recognize,0.6977711182308797,0.18169365793405798,0.35606261650460663,0.6439373834953934,True,False,outer-4-spices,sentinel_initial,spices,False
testing/banana/banana_6.csv#128:256,testing/banana/banana_6.csv,fruits,herbs,recognize,0.6999836632963273,0.13419408759734625,0.30648600135911375,0.6935139986408863,True,False,outer-4-spices,sentinel_initial,spices,False
testing/banana/banana_6.csv#256:384,testing/banana/banana_6.csv,fruits,herbs,abstain_unknown,0.7855562830790703,0.05911825828193868,0.21550108871666568,0.7844989112833343,True,False,outer-4-spices,sentinel_initial,spices,False
testing/banana/banana_6.csv#384:512,testing/banana/banana_6.csv,fruits,fruits,recognize,0.6019298730340594,0.4436393445445754,0.5167589131641849,0.4832410868358151,True,False,outer-4-spices,sentinel_initial,spices,False
testing/brazil_nut/brazil_nut_6.csv#0:128,testing/brazil_nut/brazil_nut_6.csv,nuts,nuts,recognize,0.958538203566072,0.44976342939414593,0.6565938087137134,0.3434061912862866,True,False,outer-4-spices,sentinel_initial,spices,False
testing/brazil_nut/brazil_nut_6.csv#128:256,testing/brazil_nut/brazil_nut_6.csv,nuts,nuts,recognize,0.9727241044890493,0.5130960993401984,0.7064707663785663,0.2935292336214337,True,False,outer-4-spices,sentinel_initial,spices,False
testing/brazil_nut/brazil_nut_6.csv#256:384,testing/brazil_nut/brazil_nut_6.csv,nuts,nuts,recognize,0.9408787592799865,0.48888923866079453,0.6782223089050563,0.3217776910949437,True,False,outer-4-spices,sentinel_initial,spices,False
testing/brazil_nut/brazil_nut_6.csv#384:512,testing/brazil_nut/brazil_nut_6.csv,nuts,nuts,recognize,0.9822584813903122,0.49632959062135285,0.6982291528952407,0.3017708471047593,True,False,outer-4-spices,sentinel_initial,spices,False
testing/cashew/cashew_6.csv#0:128,testing/cashew/cashew_6.csv,nuts,nuts,abstain_unknown,0.9994855408536261,0.002028856350901378,0.0450312401249952,0.9549687598750048,True,False,outer-4-spices,sentinel_initial,spices,False
testing/cashew/cashew_6.csv#128:256,testing/cashew/cashew_6.csv,nuts,nuts,recognize,0.8638295306816939,0.27128551160462,0.4840913510590353,0.5159086489409648,True,False,outer-4-spices,sentinel_initial,spices,False
testing/cashew/cashew_6.csv#256:384,testing/cashew/cashew_6.csv,nuts,nuts,recognize,0.928141653473941,0.21885384626344512,0.4506965395253059,0.549303460474694,True,False,outer-4-spices,sentinel_initial,spices,False
testing/cashew/cashew_6.csv#384:512,testing/cashew/cashew_6.csv,nuts,nuts,recognize,0.8846552909576442,0.1880247015209452,0.40784439070708817,0.5921556092929119,True,False,outer-4-spices,sentinel_initial,spices,False
testing/chamomile/chamomile_6.csv#0:128,testing/chamomile/chamomile_6.csv,herbs,fruits,recognize,0.6217985362060972,0.5222783798607221,0.5698701010664526,0.43012989893354736,True,False,outer-4-spices,sentinel_initial,spices,False
testing/chamomile/chamomile_6.csv#128:256,testing/chamomile/chamomile_6.csv,herbs,herbs,recognize,0.5380738974925866,0.49761859261079083,0.3725647465693766,0.6274352534306233,False,False,outer-4-spices,sentinel_initial,spices,False
testing/chamomile/chamomile_6.csv#256:384,testing/chamomile/chamomile_6.csv,herbs,fruits,recognize,0.3524541001985345,0.5356958941894915,0.4345206719669463,0.5654793280330537,True,False,outer-4-spices,sentinel_initial,spices,False
testing/chamomile/chamomile_6.csv#384:512,testing/chamomile/chamomile_6.csv,herbs,herbs,abstain_unknown,0.4030704852154961,0.40054636039357155,0.289300637346231,0.710699362653769,False,False,outer-4-spices,sentinel_initial,spices,False
testing/chestnuts/chestnuts_6.csv#0:128,testing/chestnuts/chestnuts_6.csv,nuts,fruits,abstain_unknown,0.5456617620514012,0.02410757815568433,0.08257927176595459,0.9174207282340454,False,False,outer-4-spices,sentinel_initial,spices,False
testing/chestnuts/chestnuts_6.csv#128:256,testing/chestnuts/chestnuts_6.csv,nuts,herbs,abstain_unknown,0.4747380087643271,0.18972138976292274,0.21608153036822167,0.7839184696317784,False,False,outer-4-spices,sentinel_initial,spices,False
testing/chestnuts/chestnuts_6.csv#256:384,testing/chestnuts/chestnuts_6.csv,nuts,nuts,recognize,0.6023657372104784,0.16440085999988951,0.3146894425173334,0.6853105574826666,True,False,outer-4-spices,sentinel_initial,spices,False
testing/chestnuts/chestnuts_6.csv#384:512,testing/chestnuts/chestnuts_6.csv,nuts,nuts,abstain_unknown,0.88771726799995,0.03715566419473529,0.18161421945892334,0.8183857805410767,True,False,outer-4-spices,sentinel_initial,spices,False
testing/chives/chives_6.csv#0:128,testing/chives/chives_6.csv,herbs,nuts,recognize,0.9925728697951408,0.14961186056297604,0.3853578516059892,0.6146421483940108,True,False,outer-4-spices,sentinel_initial,spices,False
testing/chives/chives_6.csv#128:256,testing/chives/chives_6.csv,herbs,nuts,abstain_unknown,0.9167969818266868,0.18516295306796654,0.29665121616362966,0.7033487838363703,False,False,outer-4-spices,sentinel_initial,spices,False
testing/chives/chives_6.csv#256:384,testing/chives/chives_6.csv,herbs,nuts,recognize,0.7727253137987622,0.2526164848048134,0.3181089660031829,0.6818910339968172,False,False,outer-4-spices,sentinel_initial,spices,False
testing/chives/chives_6.csv#384:512,testing/chives/chives_6.csv,herbs,herbs,recognize,0.5207383133430444,0.4215042259291913,0.4685012269752691,0.5314987730247309,True,False,outer-4-spices,sentinel_initial,spices,False
testing/coriander/coriander_6.csv#0:128,testing/coriander/coriander_6.csv,herbs,herbs,abstain_unknown,0.9402801282585193,0.09344517393582047,0.29641970267428736,0.7035802973257126,True,False,outer-4-spices,sentinel_initial,spices,False
testing/coriander/coriander_6.csv#128:256,testing/coriander/coriander_6.csv,herbs,herbs,recognize,0.88847385808584,0.2408620087419411,0.4626009059364862,0.5373990940635138,True,False,outer-4-spices,sentinel_initial,spices,False
testing/coriander/coriander_6.csv#256:384,testing/coriander/coriander_6.csv,herbs,herbs,recognize,0.9169996204914452,0.21083157442055253,0.439695887780703,0.560304112219297,True,False,outer-4-spices,sentinel_initial,spices,False
testing/coriander/coriander_6.csv#384:512,testing/coriander/coriander_6.csv,herbs,herbs,recognize,0.9067088402110186,0.19166720337366444,0.4168768975098341,0.583123102490166,True,False,outer-4-spices,sentinel_initial,spices,False
testing/dill/dill_6.csv#0:128,testing/dill/dill_6.csv,herbs,herbs,abstain_unknown,0.7361989626613832,0.012192527355162595,0.09474241917478801,0.905257580825212,True,False,outer-4-spices,sentinel_initial,spices,False
testing/dill/dill_6.csv#128:256,testing/dill/dill_6.csv,herbs,herbs,abstain_unknown,0.9621873486970612,0.020506374047272718,0.1404669842914539,0.8595330157085461,True,False,outer-4-spices,sentinel_initial,spices,False
testing/dill/dill_6.csv#256:384,testing/dill/dill_6.csv,herbs,herbs,abstain_unknown,0.981899959379957,0.012945798636737501,0.11274519570941217,0.8872548042905878,True,False,outer-4-spices,sentinel_initial,spices,False
testing/dill/dill_6.csv#384:512,testing/dill/dill_6.csv,herbs,herbs,abstain_unknown,0.981704739973039,0.012063372857273593,0.10882403371520277,0.8911759662847972,True,False,outer-4-spices,sentinel_initial,spices,False
testing/garlic/garlic_6.csv#0:128,testing/garlic/garlic_6.csv,herbs,herbs,abstain_unknown,0.7556067063659578,0.09001342859863733,0.1877733915170222,0.8122266084829778,False,False,outer-4-spices,sentinel_initial,spices,False
testing/garlic/garlic_6.csv#128:256,testing/garlic/garlic_6.csv,herbs,herbs,recognize,0.6052212190216716,0.3555656746483016,0.46389211143638576,0.5361078885636142,True,False,outer-4-spices,sentinel_initial,spices,False
testing/garlic/garlic_6.csv#256:384,testing/garlic/garlic_6.csv,herbs,fruits,recognize,0.5854956801201469,0.36068129624212586,0.3308690579316657,0.6691309420683342,False,False,outer-4-spices,sentinel_initial,spices,False
testing/garlic/garlic_6.csv#384:512,testing/garlic/garlic_6.csv,herbs,fruits,recognize,0.5143245206469327,0.3721497523483826,0.3149995827991851,0.6850004172008148,False,False,outer-4-spices,sentinel_initial,spices,False
testing/hazelnut/hazelnut_6.csv#0:128,testing/hazelnut/hazelnut_6.csv,nuts,nuts,recognize,0.9957882727655801,0.518399517017423,0.718481843649017,0.281518156350983,True,False,outer-4-spices,sentinel_initial,spices,False
testing/hazelnut/hazelnut_6.csv#128:256,testing/hazelnut/hazelnut_6.csv,nuts,nuts,recognize,0.992875731333535,0.7324783868412357,0.8527954115853343,0.14720458841466566,True,False,outer-4-spices,sentinel_initial,spices,False
testing/hazelnut/hazelnut_6.csv#256:384,testing/hazelnut/hazelnut_6.csv,nuts,nuts,recognize,0.9880354692066899,0.5923286450906641,0.7650109219983183,0.23498907800168167,True,False,outer-4-spices,sentinel_initial,spices,False
testing/hazelnut/hazelnut_6.csv#384:512,testing/hazelnut/hazelnut_6.csv,nuts,nuts,recognize,0.9838658628833225,0.6834133661137682,0.8199921226191862,0.1800078773808138,True,False,outer-4-spices,sentinel_initial,spices,False
testing/kiwi/kiwi_6.csv#0:128,testing/kiwi/kiwi_6.csv,fruits,fruits,recognize,0.45036592059157965,0.4978842475348483,0.4735294050944227,0.5264705949055772,True,False,outer-4-spices,sentinel_initial,spices,False
testing/kiwi/kiwi_6.csv#128:256,testing/kiwi/kiwi_6.csv,fruits,fruits,recognize,0.40997571075240574,0.5814830003920224,0.4882559844755216,0.5117440155244783,True,False,outer-4-spices,sentinel_initial,spices,False
testing/kiwi/kiwi_6.csv#256:384,testing/kiwi/kiwi_6.csv,fruits,fruits,recognize,0.538807190328689,0.7182402814331608,0.6220876369289846,0.3779123630710154,True,False,outer-4-spices,sentinel_initial,spices,False
testing/kiwi/kiwi_6.csv#384:512,testing/kiwi/kiwi_6.csv,fruits,fruits,recognize,0.4909629912400576,0.5473425633148025,0.5183868653023879,0.48161313469761213,True,False,outer-4-spices,sentinel_initial,spices,False
testing/lemon/lemon_6.csv#0:128,testing/lemon/lemon_6.csv,fruits,fruits,abstain_unknown,0.9978868981289284,0.0007585254041594748,0.027512225695292086,0.9724877743047079,True,False,outer-4-spices,sentinel_initial,spices,False
testing/lemon/lemon_6.csv#128:256,testing/lemon/lemon_6.csv,fruits,herbs,abstain_unknown,0.5871065562142557,0.028086832150665705,0.09245754146727664,0.9075424585327234,False,False,outer-4-spices,sentinel_initial,spices,False
testing/lemon/lemon_6.csv#256:384,testing/lemon/lemon_6.csv,fruits,fruits,abstain_unknown,0.5203074877175685,0.03374555461483872,0.13250684791090134,0.8674931520890987,True,False,outer-4-spices,sentinel_initial,spices,False
testing/lemon/lemon_6.csv#384:512,testing/lemon/lemon_6.csv,fruits,herbs,abstain_unknown,0.6646170565594355,0.04610519450177745,0.12603558079492566,0.8739644192050744,False,False,outer-4-spices,sentinel_initial,spices,False
testing/mandarin_orange/mandarin_orange_6.csv#0:128,testing/mandarin_orange/mandarin_orange_6.csv,fruits,fruits,abstain_unknown,0.7213474192642274,0.13382051174593884,0.22370004980522143,0.7762999501947786,False,False,outer-4-spices,sentinel_initial,spices,False
testing/mandarin_orange/mandarin_orange_6.csv#128:256,testing/mandarin_orange/mandarin_orange_6.csv,fruits,fruits,recognize,0.5648044016374512,0.3240354223479202,0.3080191917045484,0.6919808082954516,False,False,outer-4-spices,sentinel_initial,spices,False
testing/mandarin_orange/mandarin_orange_6.csv#256:384,testing/mandarin_orange/mandarin_orange_6.csv,fruits,fruits,recognize,0.7425096460438264,0.23537566467289506,0.4180534672306901,0.5819465327693099,True,False,outer-4-spices,sentinel_initial,spices,False
testing/mandarin_orange/mandarin_orange_6.csv#384:512,testing/mandarin_orange/mandarin_orange_6.csv,fruits,fruits,recognize,0.623504212466804,0.24345632691766073,0.3896101197156676,0.6103898802843324,True,False,outer-4-spices,sentinel_initial,spices,False
testing/mango/mango_6.csv#0:128,testing/mango/mango_6.csv,fruits,fruits,recognize,0.5895717686457775,0.3315288091074395,0.442108613739318,0.557891386260682,True,False,outer-4-spices,sentinel_initial,spices,False
testing/mango/mango_6.csv#128:256,testing/mango/mango_6.csv,fruits,fruits,recognize,0.5927403683438306,0.3526222988514673,0.45717991131223934,0.5428200886877607,True,False,outer-4-spices,sentinel_initial,spices,False
testing/mango/mango_6.csv#256:384,testing/mango/mango_6.csv,fruits,herbs,recognize,0.6534765297633354,0.438927742697855,0.38560620100672793,0.6143937989932721,False,False,outer-4-spices,sentinel_initial,spices,False
testing/mango/mango_6.csv#384:512,testing/mango/mango_6.csv,fruits,herbs,recognize,0.609226728501945,0.39576513749221104,0.35354177527442204,0.6464582247255779,False,False,outer-4-spices,sentinel_initial,spices,False
testing/mint/mint_6.csv#0:128,testing/mint/mint_6.csv,herbs,nuts,recognize,0.9935673045207001,0.14533558675493247,0.38000090418712507,0.6199990958128749,True,False,outer-4-spices,sentinel_initial,spices,False
testing/mint/mint_6.csv#128:256,testing/mint/mint_6.csv,herbs,nuts,recognize,0.9657552549166507,0.18503939871284356,0.42273250605264084,0.5772674939473592,True,False,outer-4-spices,sentinel_initial,spices,False
testing/mint/mint_6.csv#256:384,testing/mint/mint_6.csv,herbs,nuts,abstain_unknown,0.9939715523826131,0.05326401631348162,0.23009327887020983,0.7699067211297902,True,False,outer-4-spices,sentinel_initial,spices,False
testing/mint/mint_6.csv#384:512,testing/mint/mint_6.csv,herbs,nuts,recognize,0.6805951159633387,0.24458175710659483,0.4079965065297496,0.5920034934702504,True,False,outer-4-spices,sentinel_initial,spices,False
testing/mugwort/mugwort_6.csv#0:128,testing/mugwort/mugwort_6.csv,herbs,herbs,recognize,0.6170710559392585,0.3870650976207096,0.4887194169521439,0.5112805830478562,True,False,outer-4-spices,sentinel_initial,spices,False
testing/mugwort/mugwort_6.csv#128:256,testing/mugwort/mugwort_6.csv,herbs,herbs,recognize,0.5226851910803113,0.31758056423604947,0.40742441986350375,0.5925755801364962,True,False,outer-4-spices,sentinel_initial,spices,False
testing/mugwort/mugwort_6.csv#256:384,testing/mugwort/mugwort_6.csv,herbs,herbs,recognize,0.6602732731670452,0.35911427549376246,0.48694307482628657,0.5130569251737134,True,False,outer-4-spices,sentinel_initial,spices,False
testing/mugwort/mugwort_6.csv#384:512,testing/mugwort/mugwort_6.csv,herbs,herbs,recognize,0.6141106743060263,0.39285137033907247,0.4911763633777324,0.5088236366222676,True,False,outer-4-spices,sentinel_initial,spices,False
testing/oregano/oregano_6.csv#0:128,testing/oregano/oregano_6.csv,herbs,herbs,abstain_unknown,0.9566373130413488,0.001492312054830334,0.03778361277527739,0.9622163872247226,True,False,outer-4-spices,sentinel_initial,spices,False
testing/oregano/oregano_6.csv#128:256,testing/oregano/oregano_6.csv,herbs,herbs,abstain_unknown,0.9375094284153322,0.007944423841740173,0.06213717741393415,0.9378628225860659,False,False,outer-4-spices,sentinel_initial,spices,False
testing/oregano/oregano_6.csv#256:384,testing/oregano/oregano_6.csv,herbs,herbs,abstain_unknown,0.6338476934645798,0.0164731592545281,0.10218353095072284,0.8978164690492771,True,False,outer-4-spices,sentinel_initial,spices,False
testing/oregano/oregano_6.csv#384:512,testing/oregano/oregano_6.csv,herbs,herbs,abstain_unknown,0.7833298502895044,0.025987798503291692,0.14267802322340076,0.8573219767765993,True,False,outer-4-spices,sentinel_initial,spices,False
testing/peach/peach_6.csv#0:128,testing/peach/peach_6.csv,fruits,fruits,abstain_unknown,0.9992553042594944,0.0028351179783679373,0.053225996262029854,0.9467740037379702,True,False,outer-4-spices,sentinel_initial,spices,False
testing/peach/peach_6.csv#128:256,testing/peach/peach_6.csv,fruits,fruits,abstain_unknown,0.9198254865099224,0.010279315332626143,0.09723773046930778,0.9027622695306923,True,False,outer-4-spices,sentinel_initial,spices,False
testing/peach/peach_6.csv#256:384,testing/peach/peach_6.csv,fruits,fruits,abstain_unknown,0.8158496162992817,0.0012339374306971876,0.0317286523409303,0.9682713476590697,True,False,outer-4-spices,sentinel_initial,spices,False
testing/peach/peach_6.csv#384:512,testing/peach/peach_6.csv,fruits,fruits,abstain_unknown,0.8101130823507293,0.0005667764928514005,0.021427856907021387,0.9785721430929786,True,False,outer-4-spices,sentinel_initial,spices,False
testing/peanuts/peanuts_6.csv#0:128,testing/peanuts/peanuts_6.csv,nuts,nuts,recognize,0.9444046201689517,0.40414918412498624,0.6178028461614185,0.38219715383858155,True,False,outer-4-spices,sentinel_initial,spices,False
testing/peanuts/peanuts_6.csv#128:256,testing/peanuts/peanuts_6.csv,nuts,nuts,recognize,0.8639487254541373,0.4741851242162504,0.6400559613783323,0.3599440386216677,True,False,outer-4-spices,sentinel_initial,spices,False
testing/peanuts/peanuts_6.csv#256:384,testing/peanuts/peanuts_6.csv,nuts,nuts,recognize,0.8990690460189155,0.43452239591186986,0.45002340570791405,0.549976594292086,False,False,outer-4-spices,sentinel_initial,spices,False
testing/peanuts/peanuts_6.csv#384:512,testing/peanuts/peanuts_6.csv,nuts,nuts,recognize,0.9187303241171906,0.33807861987001137,0.5573177549749048,0.44268224502509523,True,False,outer-4-spices,sentinel_initial,spices,False
testing/pear/pear_6.csv#0:128,testing/pear/pear_6.csv,fruits,fruits,recognize,0.8646767385297189,0.26306184509458125,0.47693129300559917,0.5230687069944009,True,False,outer-4-spices,sentinel_initial,spices,False
testing/pear/pear_6.csv#128:256,testing/pear/pear_6.csv,fruits,fruits,recognize,0.6108879556651143,0.48321987985792486,0.5433168546466692,0.45668314535333077,True,False,outer-4-spices,sentinel_initial,spices,False
testing/pear/pear_6.csv#256:384,testing/pear/pear_6.csv,fruits,fruits,recognize,0.6672268874669631,0.4668983677345628,0.5581461678332459,0.4418538321667541,True,False,outer-4-spices,sentinel_initial,spices,False
testing/pear/pear_6.csv#384:512,testing/pear/pear_6.csv,fruits,fruits,recognize,0.6654553208928631,0.36430040556595417,0.4923673864984278,0.5076326135015722,True,False,outer-4-spices,sentinel_initial,spices,False
testing/pecans/pecans_6.csv#0:128,testing/pecans/pecans_6.csv,nuts,nuts,recognize,0.9998793831713328,0.21906536095271187,0.468015959112083,0.5319840408879171,True,False,outer-4-spices,sentinel_initial,spices,False
testing/pecans/pecans_6.csv#128:256,testing/pecans/pecans_6.csv,nuts,nuts,recognize,0.9998976972194601,0.20915699844009203,0.45731346043778576,0.5426865395622142,True,False,outer-4-spices,sentinel_initial,spices,False
testing/pecans/pecans_6.csv#256:384,testing/pecans/pecans_6.csv,nuts,nuts,recognize,0.9997833266832675,0.2987508474688598,0.5465218350000868,0.4534781649999132,True,False,outer-4-spices,sentinel_initial,spices,False
testing/pecans/pecans_6.csv#384:512,testing/pecans/pecans_6.csv,nuts,nuts,recognize,0.9997056068023034,0.264315300291087,0.5140403560661694,0.4859596439338306,True,False,outer-4-spices,sentinel_initial,spices,False
testing/pili_nut/pili_nut_6.csv#0:128,testing/pili_nut/pili_nut_6.csv,nuts,nuts,recognize,0.9995036889692194,0.35708513957525134,0.5974177050285272,0.4025822949714728,True,False,outer-4-spices,sentinel_initial,spices,False
testing/pili_nut/pili_nut_6.csv#128:256,testing/pili_nut/pili_nut_6.csv,nuts,nuts,recognize,0.9993725717029053,0.33376630262506574,0.5775438409351987,0.4224561590648013,True,False,outer-4-spices,sentinel_initial,spices,False
testing/pili_nut/pili_nut_6.csv#256:384,testing/pili_nut/pili_nut_6.csv,nuts,nuts,recognize,0.9992652191864638,0.3305771325256032,0.5747471015944574,0.4252528984055426,True,False,outer-4-spices,sentinel_initial,spices,False
testing/pili_nut/pili_nut_6.csv#384:512,testing/pili_nut/pili_nut_6.csv,nuts,nuts,recognize,0.9993733347211806,0.4355107758467593,0.6597255917159682,0.34027440828403177,True,False,outer-4-spices,sentinel_initial,spices,False
testing/pineapple/pineapple_6.csv#0:128,testing/pineapple/pineapple_6.csv,fruits,fruits,abstain_unknown,0.9998754851374079,0.047573081017895584,0.2180989625428089,0.7819010374571911,True,False,outer-4-spices,sentinel_initial,spices,False
testing/pineapple/pineapple_6.csv#128:256,testing/pineapple/pineapple_6.csv,fruits,fruits,abstain_unknown,0.9997128368463443,0.047504327554994195,0.2179235784913629,0.7820764215086371,True,False,outer-4-spices,sentinel_initial,spices,False
testing/pineapple/pineapple_6.csv#256:384,testing/pineapple/pineapple_6.csv,fruits,fruits,abstain_unknown,0.998580989570455,0.058713262809051835,0.2421362180194718,0.7578637819805282,True,False,outer-4-spices,sentinel_initial,spices,False
testing/pineapple/pineapple_6.csv#384:512,testing/pineapple/pineapple_6.csv,fruits,fruits,abstain_unknown,0.9973522912889624,0.04686765559154244,0.21620259871603487,0.7837974012839651,True,False,outer-4-spices,sentinel_initial,spices,False
testing/pistachios/pistachios_6.csv#0:128,testing/pistachios/pistachios_6.csv,nuts,nuts,recognize,0.9427299540298123,0.6278539387593332,0.7693482402813584,0.2306517597186416,True,False,outer-4-spices,sentinel_initial,spices,False
testing/pistachios/pistachios_6.csv#128:256,testing/pistachios/pistachios_6.csv,nuts,nuts,recognize,0.9028495433910162,0.6903565495835348,0.7894859692030579,0.2105140307969421,True,False,outer-4-spices,sentinel_initial,spices,False
testing/pistachios/pistachios_6.csv#256:384,testing/pistachios/pistachios_6.csv,nuts,nuts,recognize,0.8834977124171661,0.5647964439160167,0.7063967484219835,0.2936032515780165,True,False,outer-4-spices,sentinel_initial,spices,False
testing/pistachios/pistachios_6.csv#384:512,testing/pistachios/pistachios_6.csv,nuts,nuts,recognize,0.9211421729603737,0.4801754733421859,0.6650638156723737,0.3349361843276263,True,False,outer-4-spices,sentinel_initial,spices,False
testing/pistachios/pistachios_6.csv#512:640,testing/pistachios/pistachios_6.csv,nuts,nuts,recognize,0.9109263435222513,0.6138846231208501,0.7477992211041754,0.2522007788958246,True,False,outer-4-spices,sentinel_initial,spices,False
testing/strawberry/strawberry_6.csv#0:128,testing/strawberry/strawberry_6.csv,fruits,nuts,recognize,0.5353858289795851,0.46606034974552984,0.49952187810247695,0.500478121897523,True,False,outer-4-spices,sentinel_initial,spices,False
testing/strawberry/strawberry_6.csv#128:256,testing/strawberry/strawberry_6.csv,fruits,fruits,recognize,0.48483616037248806,0.4612398125402439,0.47289083277532246,0.5271091672246775,True,False,outer-4-spices,sentinel_initial,spices,False
testing/strawberry/strawberry_6.csv#256:384,testing/strawberry/strawberry_6.csv,fruits,fruits,recognize,0.4362756691538889,0.5628090708014336,0.4955198320650485,0.5044801679349515,True,False,outer-4-spices,sentinel_initial,spices,False
testing/strawberry/strawberry_6.csv#384:512,testing/strawberry/strawberry_6.csv,fruits,fruits,recognize,0.45141323579514064,0.4821575394976324,0.4665322015334521,0.5334677984665479,True,False,outer-4-spices,sentinel_initial,spices,False
testing/strawberry/strawberry_6.csv#512:640,testing/strawberry/strawberry_6.csv,fruits,fruits,recognize,0.5732810916275748,0.6481277436628703,0.6095567081093992,0.3904432918906008,True,False,outer-4-spices,sentinel_initial,spices,False
testing/turnip/turnip_6.csv#0:128,testing/turnip/turnip_6.csv,herbs,fruits,recognize,0.9115538273669866,0.2543452124861024,0.3466853098017118,0.6533146901982883,False,False,outer-4-spices,sentinel_initial,spices,False
testing/turnip/turnip_6.csv#128:256,testing/turnip/turnip_6.csv,herbs,fruits,recognize,0.6972393719972193,0.4306135028861034,0.39451840619685924,0.6054815938031408,False,False,outer-4-spices,sentinel_initial,spices,False
testing/turnip/turnip_6.csv#256:384,testing/turnip/turnip_6.csv,herbs,fruits,recognize,0.7176160649292912,0.3857807183809621,0.37883389689993835,0.6211661031000617,False,False,outer-4-spices,sentinel_initial,spices,False
testing/turnip/turnip_6.csv#384:512,testing/turnip/turnip_6.csv,herbs,herbs,recognize,0.7193780955437005,0.15148302951871384,0.3301114558484188,0.6698885441515812,True,False,outer-4-spices,sentinel_initial,spices,False
testing/walnuts/walnuts_6.csv#0:128,testing/walnuts/walnuts_6.csv,nuts,nuts,recognize,0.9074732484352978,0.2815424705241056,0.5054624222422565,0.49453757775774354,True,False,outer-4-spices,sentinel_initial,spices,False
testing/walnuts/walnuts_6.csv#128:256,testing/walnuts/walnuts_6.csv,nuts,nuts,recognize,0.86304631243679,0.30870733020819063,0.5161673400733384,0.4838326599266616,True,False,outer-4-spices,sentinel_initial,spices,False
testing/walnuts/walnuts_6.csv#256:384,testing/walnuts/walnuts_6.csv,nuts,nuts,recognize,0.8122599292653538,0.4090490663406675,0.5764149249385634,0.4235850750614366,True,False,outer-4-spices,sentinel_initial,spices,False
testing/walnuts/walnuts_6.csv#384:512,testing/walnuts/walnuts_6.csv,nuts,nuts,recognize,0.8510425474399359,0.3301805810869653,0.5300921833449813,0.4699078166550187,True,False,outer-4-spices,sentinel_initial,spices,False
testing/walnuts/walnuts_6.csv#512:640,testing/walnuts/walnuts_6.csv,nuts,nuts,recognize,0.9690558346890638,0.1553816023535214,0.3880379470670567,0.6119620529329433,True,False,outer-4-spices,sentinel_initial,spices,False
testing/walnuts/walnuts_6.csv#640:768,testing/walnuts/walnuts_6.csv,nuts,nuts,recognize,0.6745439512236223,0.3932483327304399,0.37082676078569743,0.6291732392143026,False,False,outer-4-spices,sentinel_initial,spices,False
testing/allspice/allspice_6.csv#0:128,testing/allspice/allspice_6.csv,spices,herbs,abstain_unknown,0.6234617910790164,0.06524874305054662,0.2016930792267011,0.7983069207732989,True,False,outer-4-spices,sentinel_initial,spices,True
testing/allspice/allspice_6.csv#128:256,testing/allspice/allspice_6.csv,spices,herbs,recognize,0.8582224800494412,0.14467609589088523,0.3523695188567625,0.6476304811432375,True,False,outer-4-spices,sentinel_initial,spices,True
testing/allspice/allspice_6.csv#256:384,testing/allspice/allspice_6.csv,spices,herbs,abstain_unknown,0.6154178432718739,0.06038556582928184,0.19277539959084095,0.807224600409159,True,False,outer-4-spices,sentinel_initial,spices,True
testing/allspice/allspice_6.csv#384:512,testing/allspice/allspice_6.csv,spices,herbs,abstain_unknown,0.6310481655661845,0.07954755684766689,0.2240498601293738,0.7759501398706262,True,False,outer-4-spices,sentinel_initial,spices,True
testing/chervil/chervil_6.csv#0:128,testing/chervil/chervil_6.csv,spices,nuts,recognize,0.9990823782540491,0.280995635013762,0.5298469470597675,0.47015305294023246,True,False,outer-4-spices,sentinel_initial,spices,True
testing/chervil/chervil_6.csv#128:256,testing/chervil/chervil_6.csv,spices,nuts,recognize,0.9989938330224913,0.2768666308364213,0.5259163971348485,0.4740836028651515,True,False,outer-4-spices,sentinel_initial,spices,True
testing/chervil/chervil_6.csv#256:384,testing/chervil/chervil_6.csv,spices,nuts,recognize,0.9996136721504544,0.3028086617491183,0.5501742254322725,0.44982577456772754,True,False,outer-4-spices,sentinel_initial,spices,True
testing/chervil/chervil_6.csv#384:512,testing/chervil/chervil_6.csv,spices,nuts,abstain_unknown,0.9999174494346008,0.06410350994666653,0.2531762590877675,0.7468237409122325,True,False,outer-4-spices,sentinel_initial,spices,True
testing/cinnamon/cinnamon_6.csv#0:128,testing/cinnamon/cinnamon_6.csv,spices,herbs,abstain_unknown,0.7297232486323504,0.07591414324430969,0.2353642182350139,0.764635781764986,True,False,outer-4-spices,sentinel_initial,spices,True
testing/cinnamon/cinnamon_6.csv#128:256,testing/cinnamon/cinnamon_6.csv,spices,herbs,abstain_unknown,0.9842274499145915,0.030177263825626605,0.17234062614629297,0.827659373853707,True,False,outer-4-spices,sentinel_initial,spices,True
testing/cinnamon/cinnamon_6.csv#256:384,testing/cinnamon/cinnamon_6.csv,spices,herbs,recognize,0.9054616893124963,0.12061259337700361,0.3304694880794638,0.6695305119205361,True,False,outer-4-spices,sentinel_initial,spices,True
testing/cinnamon/cinnamon_6.csv#384:512,testing/cinnamon/cinnamon_6.csv,spices,herbs,abstain_unknown,0.8074984055824723,0.09537943621394084,0.27752250839907083,0.7224774916009291,True,False,outer-4-spices,sentinel_initial,spices,True
testing/cloves/cloves_6.csv#0:128,testing/cloves/cloves_6.csv,spices,herbs,abstain_unknown,0.9335585255928944,0.04568637146730355,0.20652094708940588,0.7934790529105942,True,False,outer-4-spices,sentinel_initial,spices,True
testing/cloves/cloves_6.csv#128:256,testing/cloves/cloves_6.csv,spices,herbs,abstain_unknown,0.9018350976660089,0.05357954457014764,0.21981791057673025,0.7801820894232697,True,False,outer-4-spices,sentinel_initial,spices,True
testing/cloves/cloves_6.csv#256:384,testing/cloves/cloves_6.csv,spices,herbs,abstain_unknown,0.9831611608204174,0.06575757134370049,0.2542642133195389,0.745735786680461,True,False,outer-4-spices,sentinel_initial,spices,True
testing/cloves/cloves_6.csv#384:512,testing/cloves/cloves_6.csv,spices,herbs,recognize,0.9496202518457793,0.09882732648015803,0.306346912276479,0.693653087723521,True,False,outer-4-spices,sentinel_initial,spices,True
testing/cumin/cumin_6.csv#0:128,testing/cumin/cumin_6.csv,spices,herbs,abstain_unknown,0.9984348648889636,1.666019278111e-05,0.004078494492877446,0.9959215055071226,True,False,outer-4-spices,sentinel_initial,spices,True
testing/cumin/cumin_6.csv#128:256,testing/cumin/cumin_6.csv,spices,herbs,abstain_unknown,0.8796142385750727,0.0029703941523254876,0.03680320683730188,0.9631967931626981,False,False,outer-4-spices,sentinel_initial,spices,True
testing/cumin/cumin_6.csv#256:384,testing/cumin/cumin_6.csv,spices,herbs,abstain_unknown,0.7597603080576631,0.013493768289728649,0.10125230640663434,0.8987476935933657,True,False,outer-4-spices,sentinel_initial,spices,True
testing/cumin/cumin_6.csv#384:512,testing/cumin/cumin_6.csv,spices,herbs,abstain_unknown,0.9658240917880965,0.0312435852346034,0.17371185144777776,0.8262881485522222,True,False,outer-4-spices,sentinel_initial,spices,True
testing/ginger/ginger_6.csv#0:128,testing/ginger/ginger_6.csv,spices,herbs,abstain_unknown,0.8221317311759585,0.04283900501194434,0.18766807227742646,0.8123319277225736,True,False,outer-4-spices,sentinel_initial,spices,True
testing/ginger/ginger_6.csv#128:256,testing/ginger/ginger_6.csv,spices,herbs,abstain_unknown,0.9718571086361903,0.04159451946703478,0.20105703027833707,0.7989429697216629,True,False,outer-4-spices,sentinel_initial,spices,True
testing/ginger/ginger_6.csv#256:384,testing/ginger/ginger_6.csv,spices,herbs,abstain_unknown,0.9489949446762735,0.03486555339241484,0.1818989662223026,0.8181010337776974,True,False,outer-4-spices,sentinel_initial,spices,True
testing/ginger/ginger_6.csv#384:512,testing/ginger/ginger_6.csv,spices,herbs,abstain_unknown,0.9588471081165916,0.031816383670775966,0.17466266765812172,0.8253373323418782,True,False,outer-4-spices,sentinel_initial,spices,True
testing/mustard/mustard_6.csv#0:128,testing/mustard/mustard_6.csv,spices,nuts,recognize,0.7708498095718566,0.3372071374681296,0.5098392469235559,0.49016075307644413,True,False,outer-4-spices,sentinel_initial,spices,True
testing/mustard/mustard_6.csv#128:256,testing/mustard/mustard_6.csv,spices,nuts,recognize,0.5560236224125686,0.4337598637496567,0.49110154825582286,0.5088984517441771,True,False,outer-4-spices,sentinel_initial,spices,True
testing/mustard/mustard_6.csv#256:384,testing/mustard/mustard_6.csv,spices,nuts,recognize,0.567266644209873,0.6486841393567764,0.6066109749131549,0.39338902508684515,True,False,outer-4-spices,sentinel_initial,spices,True
testing/mustard/mustard_6.csv#384:512,testing/mustard/mustard_6.csv,spices,nuts,recognize,0.47243429311225654,0.5381407606392085,0.5042183553258216,0.4957816446741784,True,False,outer-4-spices,sentinel_initial,spices,True
testing/nutmeg/nutmeg_6.csv#0:128,testing/nutmeg/nutmeg_6.csv,spices,fruits,abstain_unknown,0.9581565259613559,4.351351114373868e-07,0.00046490347407669713,0.9995350965259233,False,False,outer-4-spices,sentinel_initial,spices,True
testing/nutmeg/nutmeg_6.csv#128:256,testing/nutmeg/nutmeg_6.csv,spices,fruits,abstain_unknown,0.5553685423703466,0.000379997657540417,0.01452717264894885,0.9854728273510511,True,False,outer-4-spices,sentinel_initial,spices,True
testing/nutmeg/nutmeg_6.csv#256:384,testing/nutmeg/nutmeg_6.csv,spices,fruits,abstain_unknown,0.5994684442818342,0.0005020849195458569,0.017348892345551193,0.9826511076544489,True,False,outer-4-spices,sentinel_initial,spices,True
testing/nutmeg/nutmeg_6.csv#384:512,testing/nutmeg/nutmeg_6.csv,spices,herbs,abstain_unknown,0.8271825679914484,0.0006185579152763887,0.01628633514273176,0.9837136648572682,False,False,outer-4-spices,sentinel_initial,spices,True
testing/saffron/saffron_6.csv#0:128,testing/saffron/saffron_6.csv,spices,herbs,recognize,0.515474325014159,0.22757708032767907,0.3425056815158012,0.6574943184841988,True,False,outer-4-spices,sentinel_initial,spices,True
testing/saffron/saffron_6.csv#128:256,testing/saffron/saffron_6.csv,spices,herbs,recognize,0.6223579795298478,0.2758495054337783,0.41433940297306265,0.5856605970269373,True,False,outer-4-spices,sentinel_initial,spices,True
testing/saffron/saffron_6.csv#256:384,testing/saffron/saffron_6.csv,spices,herbs,recognize,0.5308664012376303,0.2861769451451936,0.3897713752783902,0.6102286247216098,True,False,outer-4-spices,sentinel_initial,spices,True
testing/saffron/saffron_6.csv#384:512,testing/saffron/saffron_6.csv,spices,herbs,recognize,0.5844956327087587,0.22376076617952562,0.36164511693578616,0.6383548830642138,True,False,outer-4-spices,sentinel_initial,spices,True
testing/star_anise/star_anise_6.csv#0:128,testing/star_anise/star_anise_6.csv,spices,herbs,abstain_unknown,0.5460340693588851,0.19341971251146742,0.2339875411393123,0.7660124588606877,False,False,outer-4-spices,sentinel_initial,spices,True
testing/star_anise/star_anise_6.csv#128:256,testing/star_anise/star_anise_6.csv,spices,herbs,recognize,0.6843524853658857,0.19108325347508703,0.3616189976031062,0.6383810023968939,True,False,outer-4-spices,sentinel_initial,spices,True
testing/star_anise/star_anise_6.csv#256:384,testing/star_anise/star_anise_6.csv,spices,herbs,recognize,0.6903008395043951,0.17989722301631839,0.3523963735237268,0.6476036264762732,True,False,outer-4-spices,sentinel_initial,spices,True
testing/star_anise/star_anise_6.csv#384:512,testing/star_anise/star_anise_6.csv,spices,herbs,recognize,0.5885205664703987,0.17859138787029566,0.3241985576096246,0.6758014423903753,True,False,outer-4-spices,sentinel_initial,spices,True
testing/allspice/allspice_6.csv#0:128,testing/allspice/allspice_6.csv,spices,herbs,abstain_unknown,0.6234617910790164,0.06524874305054662,0.2016930792267011,0.7983069207732989,True,False,outer-4-spices,sentinel_pair_initial,spices,True
testing/allspice/allspice_6.csv#256:384,testing/allspice/allspice_6.csv,spices,herbs,abstain_unknown,0.6154178432718739,0.06038556582928184,0.19277539959084095,0.807224600409159,True,False,outer-4-spices,sentinel_pair_initial,spices,True
testing/almond/almond_6.csv#0:128,testing/almond/almond_6.csv,nuts,nuts,recognize,0.9644075909972885,0.48442991984494727,0.6835114424826223,0.3164885575173777,True,False,outer-4-spices,sentinel_pair_initial,spices,False
testing/almond/almond_6.csv#256:384,testing/almond/almond_6.csv,nuts,nuts,recognize,0.9287216715564889,0.4496258799261668,0.6462022119894723,0.35379778801052775,True,False,outer-4-spices,sentinel_pair_initial,spices,False
testing/angelica/angelica_6.csv#0:128,testing/angelica/angelica_6.csv,herbs,herbs,recognize,0.8227086971220612,0.23053898272907933,0.43550709077681643,0.5644929092231836,True,False,outer-4-spices,sentinel_pair_initial,spices,False
testing/angelica/angelica_6.csv#256:384,testing/angelica/angelica_6.csv,herbs,herbs,recognize,0.8437650613137403,0.3936654264803459,0.5763342196254607,0.4236657803745393,True,False,outer-4-spices,sentinel_pair_initial,spices,False
testing/apple/apple_6.csv#0:128,testing/apple/apple_6.csv,fruits,nuts,recognize,0.5541131545654003,0.31783844479570844,0.30215858645494914,0.6978414135450508,False,False,outer-4-spices,sentinel_pair_initial,spices,False
testing/apple/apple_6.csv#256:384,testing/apple/apple_6.csv,fruits,nuts,recognize,0.45700032636678023,0.4364303793754482,0.3215497959887401,0.6784502040112599,False,False,outer-4-spices,sentinel_pair_initial,spices,False
testing/banana/banana_6.csv#0:128,testing/banana/banana_6.csv,fruits,fruits,recognize,0.6977711182308797,0.18169365793405798,0.35606261650460663,0.6439373834953934,True,False,outer-4-spices,sentinel_pair_initial,spices,False
testing/banana/banana_6.csv#256:384,testing/banana/banana_6.csv,fruits,herbs,abstain_unknown,0.7855562830790703,0.05911825828193868,0.21550108871666568,0.7844989112833343,True,False,outer-4-spices,sentinel_pair_initial,spices,False
testing/brazil_nut/brazil_nut_6.csv#0:128,testing/brazil_nut/brazil_nut_6.csv,nuts,nuts,recognize,0.958538203566072,0.44976342939414593,0.6565938087137134,0.3434061912862866,True,False,outer-4-spices,sentinel_pair_initial,spices,False
testing/brazil_nut/brazil_nut_6.csv#256:384,testing/brazil_nut/brazil_nut_6.csv,nuts,nuts,recognize,0.9408787592799865,0.48888923866079453,0.6782223089050563,0.3217776910949437,True,False,outer-4-spices,sentinel_pair_initial,spices,False
testing/cashew/cashew_6.csv#0:128,testing/cashew/cashew_6.csv,nuts,nuts,abstain_unknown,0.9994855408536261,0.002028856350901378,0.0450312401249952,0.9549687598750048,True,False,outer-4-spices,sentinel_pair_initial,spices,False
testing/cashew/cashew_6.csv#256:384,testing/cashew/cashew_6.csv,nuts,nuts,recognize,0.928141653473941,0.21885384626344512,0.4506965395253059,0.549303460474694,True,False,outer-4-spices,sentinel_pair_initial,spices,False
testing/chamomile/chamomile_6.csv#0:128,testing/chamomile/chamomile_6.csv,herbs,fruits,recognize,0.6217985362060972,0.5222783798607221,0.5698701010664526,0.43012989893354736,True,False,outer-4-spices,sentinel_pair_initial,spices,False
testing/chamomile/chamomile_6.csv#256:384,testing/chamomile/chamomile_6.csv,herbs,fruits,recognize,0.3524541001985345,0.5356958941894915,0.4345206719669463,0.5654793280330537,True,False,outer-4-spices,sentinel_pair_initial,spices,False
testing/chervil/chervil_6.csv#0:128,testing/chervil/chervil_6.csv,spices,nuts,recognize,0.9990823782540491,0.280995635013762,0.5298469470597675,0.47015305294023246,True,False,outer-4-spices,sentinel_pair_initial,spices,True
testing/chervil/chervil_6.csv#256:384,testing/chervil/chervil_6.csv,spices,nuts,recognize,0.9996136721504544,0.3028086617491183,0.5501742254322725,0.44982577456772754,True,False,outer-4-spices,sentinel_pair_initial,spices,True
testing/chestnuts/chestnuts_6.csv#0:128,testing/chestnuts/chestnuts_6.csv,nuts,fruits,abstain_unknown,0.5456617620514012,0.02410757815568433,0.08257927176595459,0.9174207282340454,False,False,outer-4-spices,sentinel_pair_initial,spices,False
testing/chestnuts/chestnuts_6.csv#256:384,testing/chestnuts/chestnuts_6.csv,nuts,nuts,recognize,0.6023657372104784,0.16440085999988951,0.3146894425173334,0.6853105574826666,True,False,outer-4-spices,sentinel_pair_initial,spices,False
testing/chives/chives_6.csv#0:128,testing/chives/chives_6.csv,herbs,nuts,recognize,0.9925728697951408,0.14961186056297604,0.3853578516059892,0.6146421483940108,True,False,outer-4-spices,sentinel_pair_initial,spices,False
testing/chives/chives_6.csv#256:384,testing/chives/chives_6.csv,herbs,nuts,recognize,0.7727253137987622,0.2526164848048134,0.3181089660031829,0.6818910339968172,False,False,outer-4-spices,sentinel_pair_initial,spices,False
testing/cinnamon/cinnamon_6.csv#0:128,testing/cinnamon/cinnamon_6.csv,spices,herbs,abstain_unknown,0.7297232486323504,0.07591414324430969,0.2353642182350139,0.764635781764986,True,False,outer-4-spices,sentinel_pair_initial,spices,True
testing/cinnamon/cinnamon_6.csv#256:384,testing/cinnamon/cinnamon_6.csv,spices,herbs,recognize,0.9054616893124963,0.12061259337700361,0.3304694880794638,0.6695305119205361,True,False,outer-4-spices,sentinel_pair_initial,spices,True
testing/cloves/cloves_6.csv#0:128,testing/cloves/cloves_6.csv,spices,herbs,abstain_unknown,0.9335585255928944,0.04568637146730355,0.20652094708940588,0.7934790529105942,True,False,outer-4-spices,sentinel_pair_initial,spices,True
testing/cloves/cloves_6.csv#256:384,testing/cloves/cloves_6.csv,spices,herbs,abstain_unknown,0.9831611608204174,0.06575757134370049,0.2542642133195389,0.745735786680461,True,False,outer-4-spices,sentinel_pair_initial,spices,True
testing/coriander/coriander_6.csv#0:128,testing/coriander/coriander_6.csv,herbs,herbs,abstain_unknown,0.9402801282585193,0.09344517393582047,0.29641970267428736,0.7035802973257126,True,False,outer-4-spices,sentinel_pair_initial,spices,False
testing/coriander/coriander_6.csv#256:384,testing/coriander/coriander_6.csv,herbs,herbs,recognize,0.9169996204914452,0.21083157442055253,0.439695887780703,0.560304112219297,True,False,outer-4-spices,sentinel_pair_initial,spices,False
testing/cumin/cumin_6.csv#0:128,testing/cumin/cumin_6.csv,spices,herbs,abstain_unknown,0.9984348648889636,1.666019278111e-05,0.004078494492877446,0.9959215055071226,True,False,outer-4-spices,sentinel_pair_initial,spices,True
testing/cumin/cumin_6.csv#256:384,testing/cumin/cumin_6.csv,spices,herbs,abstain_unknown,0.7597603080576631,0.013493768289728649,0.10125230640663434,0.8987476935933657,True,False,outer-4-spices,sentinel_pair_initial,spices,True
testing/dill/dill_6.csv#0:128,testing/dill/dill_6.csv,herbs,herbs,abstain_unknown,0.7361989626613832,0.012192527355162595,0.09474241917478801,0.905257580825212,True,False,outer-4-spices,sentinel_pair_initial,spices,False
testing/dill/dill_6.csv#256:384,testing/dill/dill_6.csv,herbs,herbs,abstain_unknown,0.981899959379957,0.012945798636737501,0.11274519570941217,0.8872548042905878,True,False,outer-4-spices,sentinel_pair_initial,spices,False
testing/garlic/garlic_6.csv#0:128,testing/garlic/garlic_6.csv,herbs,herbs,abstain_unknown,0.7556067063659578,0.09001342859863733,0.1877733915170222,0.8122266084829778,False,False,outer-4-spices,sentinel_pair_initial,spices,False
testing/garlic/garlic_6.csv#256:384,testing/garlic/garlic_6.csv,herbs,fruits,recognize,0.5854956801201469,0.36068129624212586,0.3308690579316657,0.6691309420683342,False,False,outer-4-spices,sentinel_pair_initial,spices,False
testing/ginger/ginger_6.csv#0:128,testing/ginger/ginger_6.csv,spices,herbs,abstain_unknown,0.8221317311759585,0.04283900501194434,0.18766807227742646,0.8123319277225736,True,False,outer-4-spices,sentinel_pair_initial,spices,True
testing/ginger/ginger_6.csv#256:384,testing/ginger/ginger_6.csv,spices,herbs,abstain_unknown,0.9489949446762735,0.03486555339241484,0.1818989662223026,0.8181010337776974,True,False,outer-4-spices,sentinel_pair_initial,spices,True
testing/hazelnut/hazelnut_6.csv#0:128,testing/hazelnut/hazelnut_6.csv,nuts,nuts,recognize,0.9957882727655801,0.518399517017423,0.718481843649017,0.281518156350983,True,False,outer-4-spices,sentinel_pair_initial,spices,False
testing/hazelnut/hazelnut_6.csv#256:384,testing/hazelnut/hazelnut_6.csv,nuts,nuts,recognize,0.9880354692066899,0.5923286450906641,0.7650109219983183,0.23498907800168167,True,False,outer-4-spices,sentinel_pair_initial,spices,False
testing/kiwi/kiwi_6.csv#0:128,testing/kiwi/kiwi_6.csv,fruits,fruits,recognize,0.45036592059157965,0.4978842475348483,0.4735294050944227,0.5264705949055772,True,False,outer-4-spices,sentinel_pair_initial,spices,False
testing/kiwi/kiwi_6.csv#256:384,testing/kiwi/kiwi_6.csv,fruits,fruits,recognize,0.538807190328689,0.7182402814331608,0.6220876369289846,0.3779123630710154,True,False,outer-4-spices,sentinel_pair_initial,spices,False
testing/lemon/lemon_6.csv#0:128,testing/lemon/lemon_6.csv,fruits,fruits,abstain_unknown,0.9978868981289284,0.0007585254041594748,0.027512225695292086,0.9724877743047079,True,False,outer-4-spices,sentinel_pair_initial,spices,False
testing/lemon/lemon_6.csv#256:384,testing/lemon/lemon_6.csv,fruits,fruits,abstain_unknown,0.5203074877175685,0.03374555461483872,0.13250684791090134,0.8674931520890987,True,False,outer-4-spices,sentinel_pair_initial,spices,False
testing/mandarin_orange/mandarin_orange_6.csv#0:128,testing/mandarin_orange/mandarin_orange_6.csv,fruits,fruits,abstain_unknown,0.7213474192642274,0.13382051174593884,0.22370004980522143,0.7762999501947786,False,False,outer-4-spices,sentinel_pair_initial,spices,False
testing/mandarin_orange/mandarin_orange_6.csv#256:384,testing/mandarin_orange/mandarin_orange_6.csv,fruits,fruits,recognize,0.7425096460438264,0.23537566467289506,0.4180534672306901,0.5819465327693099,True,False,outer-4-spices,sentinel_pair_initial,spices,False
testing/mango/mango_6.csv#0:128,testing/mango/mango_6.csv,fruits,fruits,recognize,0.5895717686457775,0.3315288091074395,0.442108613739318,0.557891386260682,True,False,outer-4-spices,sentinel_pair_initial,spices,False
testing/mango/mango_6.csv#256:384,testing/mango/mango_6.csv,fruits,herbs,recognize,0.6534765297633354,0.438927742697855,0.38560620100672793,0.6143937989932721,False,False,outer-4-spices,sentinel_pair_initial,spices,False
testing/mint/mint_6.csv#0:128,testing/mint/mint_6.csv,herbs,nuts,recognize,0.9935673045207001,0.14533558675493247,0.38000090418712507,0.6199990958128749,True,False,outer-4-spices,sentinel_pair_initial,spices,False
testing/mint/mint_6.csv#256:384,testing/mint/mint_6.csv,herbs,nuts,abstain_unknown,0.9939715523826131,0.05326401631348162,0.23009327887020983,0.7699067211297902,True,False,outer-4-spices,sentinel_pair_initial,spices,False
testing/mugwort/mugwort_6.csv#0:128,testing/mugwort/mugwort_6.csv,herbs,herbs,recognize,0.6170710559392585,0.3870650976207096,0.4887194169521439,0.5112805830478562,True,False,outer-4-spices,sentinel_pair_initial,spices,False
testing/mugwort/mugwort_6.csv#256:384,testing/mugwort/mugwort_6.csv,herbs,herbs,recognize,0.6602732731670452,0.35911427549376246,0.48694307482628657,0.5130569251737134,True,False,outer-4-spices,sentinel_pair_initial,spices,False
testing/mustard/mustard_6.csv#0:128,testing/mustard/mustard_6.csv,spices,nuts,recognize,0.7708498095718566,0.3372071374681296,0.5098392469235559,0.49016075307644413,True,False,outer-4-spices,sentinel_pair_initial,spices,True
testing/mustard/mustard_6.csv#256:384,testing/mustard/mustard_6.csv,spices,nuts,recognize,0.567266644209873,0.6486841393567764,0.6066109749131549,0.39338902508684515,True,False,outer-4-spices,sentinel_pair_initial,spices,True
testing/nutmeg/nutmeg_6.csv#0:128,testing/nutmeg/nutmeg_6.csv,spices,fruits,abstain_unknown,0.9581565259613559,4.351351114373868e-07,0.00046490347407669713,0.9995350965259233,False,False,outer-4-spices,sentinel_pair_initial,spices,True
testing/nutmeg/nutmeg_6.csv#256:384,testing/nutmeg/nutmeg_6.csv,spices,fruits,abstain_unknown,0.5994684442818342,0.0005020849195458569,0.017348892345551193,0.9826511076544489,True,False,outer-4-spices,sentinel_pair_initial,spices,True
testing/oregano/oregano_6.csv#0:128,testing/oregano/oregano_6.csv,herbs,herbs,abstain_unknown,0.9566373130413488,0.001492312054830334,0.03778361277527739,0.9622163872247226,True,False,outer-4-spices,sentinel_pair_initial,spices,False
testing/oregano/oregano_6.csv#256:384,testing/oregano/oregano_6.csv,herbs,herbs,abstain_unknown,0.6338476934645798,0.0164731592545281,0.10218353095072284,0.8978164690492771,True,False,outer-4-spices,sentinel_pair_initial,spices,False
testing/peach/peach_6.csv#0:128,testing/peach/peach_6.csv,fruits,fruits,abstain_unknown,0.9992553042594944,0.0028351179783679373,0.053225996262029854,0.9467740037379702,True,False,outer-4-spices,sentinel_pair_initial,spices,False
testing/peach/peach_6.csv#256:384,testing/peach/peach_6.csv,fruits,fruits,abstain_unknown,0.8158496162992817,0.0012339374306971876,0.0317286523409303,0.9682713476590697,True,False,outer-4-spices,sentinel_pair_initial,spices,False
testing/peanuts/peanuts_6.csv#0:128,testing/peanuts/peanuts_6.csv,nuts,nuts,recognize,0.9444046201689517,0.40414918412498624,0.6178028461614185,0.38219715383858155,True,False,outer-4-spices,sentinel_pair_initial,spices,False
testing/peanuts/peanuts_6.csv#256:384,testing/peanuts/peanuts_6.csv,nuts,nuts,recognize,0.8990690460189155,0.43452239591186986,0.45002340570791405,0.549976594292086,False,False,outer-4-spices,sentinel_pair_initial,spices,False
testing/pear/pear_6.csv#0:128,testing/pear/pear_6.csv,fruits,fruits,recognize,0.8646767385297189,0.26306184509458125,0.47693129300559917,0.5230687069944009,True,False,outer-4-spices,sentinel_pair_initial,spices,False
testing/pear/pear_6.csv#256:384,testing/pear/pear_6.csv,fruits,fruits,recognize,0.6672268874669631,0.4668983677345628,0.5581461678332459,0.4418538321667541,True,False,outer-4-spices,sentinel_pair_initial,spices,False
testing/pecans/pecans_6.csv#0:128,testing/pecans/pecans_6.csv,nuts,nuts,recognize,0.9998793831713328,0.21906536095271187,0.468015959112083,0.5319840408879171,True,False,outer-4-spices,sentinel_pair_initial,spices,False
testing/pecans/pecans_6.csv#256:384,testing/pecans/pecans_6.csv,nuts,nuts,recognize,0.9997833266832675,0.2987508474688598,0.5465218350000868,0.4534781649999132,True,False,outer-4-spices,sentinel_pair_initial,spices,False
testing/pili_nut/pili_nut_6.csv#0:128,testing/pili_nut/pili_nut_6.csv,nuts,nuts,recognize,0.9995036889692194,0.35708513957525134,0.5974177050285272,0.4025822949714728,True,False,outer-4-spices,sentinel_pair_initial,spices,False
testing/pili_nut/pili_nut_6.csv#256:384,testing/pili_nut/pili_nut_6.csv,nuts,nuts,recognize,0.9992652191864638,0.3305771325256032,0.5747471015944574,0.4252528984055426,True,False,outer-4-spices,sentinel_pair_initial,spices,False
testing/pineapple/pineapple_6.csv#0:128,testing/pineapple/pineapple_6.csv,fruits,fruits,abstain_unknown,0.9998754851374079,0.047573081017895584,0.2180989625428089,0.7819010374571911,True,False,outer-4-spices,sentinel_pair_initial,spices,False
testing/pineapple/pineapple_6.csv#256:384,testing/pineapple/pineapple_6.csv,fruits,fruits,abstain_unknown,0.998580989570455,0.058713262809051835,0.2421362180194718,0.7578637819805282,True,False,outer-4-spices,sentinel_pair_initial,spices,False
testing/pistachios/pistachios_6.csv#0:128,testing/pistachios/pistachios_6.csv,nuts,nuts,recognize,0.9427299540298123,0.6278539387593332,0.7693482402813584,0.2306517597186416,True,False,outer-4-spices,sentinel_pair_initial,spices,False
testing/pistachios/pistachios_6.csv#256:384,testing/pistachios/pistachios_6.csv,nuts,nuts,recognize,0.8834977124171661,0.5647964439160167,0.7063967484219835,0.2936032515780165,True,False,outer-4-spices,sentinel_pair_initial,spices,False
testing/saffron/saffron_6.csv#0:128,testing/saffron/saffron_6.csv,spices,herbs,recognize,0.515474325014159,0.22757708032767907,0.3425056815158012,0.6574943184841988,True,False,outer-4-spices,sentinel_pair_initial,spices,True
testing/saffron/saffron_6.csv#256:384,testing/saffron/saffron_6.csv,spices,herbs,recognize,0.5308664012376303,0.2861769451451936,0.3897713752783902,0.6102286247216098,True,False,outer-4-spices,sentinel_pair_initial,spices,True
testing/star_anise/star_anise_6.csv#0:128,testing/star_anise/star_anise_6.csv,spices,herbs,abstain_unknown,0.5460340693588851,0.19341971251146742,0.2339875411393123,0.7660124588606877,False,False,outer-4-spices,sentinel_pair_initial,spices,True
testing/star_anise/star_anise_6.csv#256:384,testing/star_anise/star_anise_6.csv,spices,herbs,recognize,0.6903008395043951,0.17989722301631839,0.3523963735237268,0.6476036264762732,True,False,outer-4-spices,sentinel_pair_initial,spices,True
testing/strawberry/strawberry_6.csv#0:128,testing/strawberry/strawberry_6.csv,fruits,nuts,recognize,0.5353858289795851,0.46606034974552984,0.49952187810247695,0.500478121897523,True,False,outer-4-spices,sentinel_pair_initial,spices,False
testing/strawberry/strawberry_6.csv#256:384,testing/strawberry/strawberry_6.csv,fruits,fruits,recognize,0.4362756691538889,0.5628090708014336,0.4955198320650485,0.5044801679349515,True,False,outer-4-spices,sentinel_pair_initial,spices,False
testing/turnip/turnip_6.csv#0:128,testing/turnip/turnip_6.csv,herbs,fruits,recognize,0.9115538273669866,0.2543452124861024,0.3466853098017118,0.6533146901982883,False,False,outer-4-spices,sentinel_pair_initial,spices,False
testing/turnip/turnip_6.csv#256:384,testing/turnip/turnip_6.csv,herbs,fruits,recognize,0.7176160649292912,0.3857807183809621,0.37883389689993835,0.6211661031000617,False,False,outer-4-spices,sentinel_pair_initial,spices,False
testing/walnuts/walnuts_6.csv#0:128,testing/walnuts/walnuts_6.csv,nuts,nuts,recognize,0.9074732484352978,0.2815424705241056,0.5054624222422565,0.49453757775774354,True,False,outer-4-spices,sentinel_pair_initial,spices,False
testing/walnuts/walnuts_6.csv#256:384,testing/walnuts/walnuts_6.csv,nuts,nuts,recognize,0.8122599292653538,0.4090490663406675,0.5764149249385634,0.4235850750614366,True,False,outer-4-spices,sentinel_pair_initial,spices,False
testing/walnuts/walnuts_6.csv#512:640,testing/walnuts/walnuts_6.csv,nuts,nuts,recognize,0.9690558346890638,0.1553816023535214,0.3880379470670567,0.6119620529329433,True,False,outer-4-spices,sentinel_pair_initial,spices,False
testing/allspice/allspice_6.csv#0:128,testing/allspice/allspice_6.csv,spices,herbs,abstain_unknown,0.6234617910790164,0.06524874305054662,0.2016930792267011,0.7983069207732989,True,False,outer-4-spices,sentinel_asymmetric_repeat_veto,spices,True
testing/allspice/allspice_6.csv#256:384,testing/allspice/allspice_6.csv,spices,herbs,abstain_unknown,0.6154178432718739,0.06038556582928184,0.19277539959084095,0.807224600409159,True,False,outer-4-spices,sentinel_asymmetric_repeat_veto,spices,True
testing/almond/almond_6.csv#0:128,testing/almond/almond_6.csv,nuts,nuts,recognize,0.9644075909972885,0.48442991984494727,0.6835114424826223,0.3164885575173777,True,False,outer-4-spices,sentinel_asymmetric_repeat_veto,spices,False
testing/almond/almond_6.csv#256:384,testing/almond/almond_6.csv,nuts,nuts,recognize,0.9287216715564889,0.4496258799261668,0.6462022119894723,0.35379778801052775,True,False,outer-4-spices,sentinel_asymmetric_repeat_veto,spices,False
testing/angelica/angelica_6.csv#0:128,testing/angelica/angelica_6.csv,herbs,herbs,recognize,0.8227086971220612,0.23053898272907933,0.43550709077681643,0.5644929092231836,True,False,outer-4-spices,sentinel_asymmetric_repeat_veto,spices,False
testing/angelica/angelica_6.csv#256:384,testing/angelica/angelica_6.csv,herbs,herbs,recognize,0.8437650613137403,0.3936654264803459,0.5763342196254607,0.4236657803745393,True,False,outer-4-spices,sentinel_asymmetric_repeat_veto,spices,False
testing/apple/apple_6.csv#0:128,testing/apple/apple_6.csv,fruits,nuts,recognize,0.5541131545654003,0.31783844479570844,0.30215858645494914,0.6978414135450508,False,True,outer-4-spices,sentinel_asymmetric_repeat_veto,spices,False
testing/apple/apple_6.csv#256:384,testing/apple/apple_6.csv,fruits,nuts,recognize,0.45700032636678023,0.4364303793754482,0.3215497959887401,0.6784502040112599,False,True,outer-4-spices,sentinel_asymmetric_repeat_veto,spices,False
testing/banana/banana_6.csv#0:128,testing/banana/banana_6.csv,fruits,fruits,abstain_conflict,0.5020210889856679,0.1146421260944544,0.23990157353708677,0.7600984264629133,True,True,outer-4-spices,sentinel_asymmetric_repeat_veto,spices,False
testing/banana/banana_6.csv#256:384,testing/banana/banana_6.csv,fruits,herbs,abstain_unknown,0.7855562830790703,0.05911825828193868,0.21550108871666568,0.7844989112833343,True,False,outer-4-spices,sentinel_asymmetric_repeat_veto,spices,False
testing/brazil_nut/brazil_nut_6.csv#0:128,testing/brazil_nut/brazil_nut_6.csv,nuts,nuts,recognize,0.958538203566072,0.44976342939414593,0.6565938087137134,0.3434061912862866,True,False,outer-4-spices,sentinel_asymmetric_repeat_veto,spices,False
testing/brazil_nut/brazil_nut_6.csv#256:384,testing/brazil_nut/brazil_nut_6.csv,nuts,nuts,recognize,0.9408787592799865,0.48888923866079453,0.6782223089050563,0.3217776910949437,True,False,outer-4-spices,sentinel_asymmetric_repeat_veto,spices,False
testing/cashew/cashew_6.csv#0:128,testing/cashew/cashew_6.csv,nuts,nuts,abstain_unknown,0.9994855408536261,0.002028856350901378,0.0450312401249952,0.9549687598750048,True,False,outer-4-spices,sentinel_asymmetric_repeat_veto,spices,False
testing/cashew/cashew_6.csv#256:384,testing/cashew/cashew_6.csv,nuts,nuts,recognize,0.928141653473941,0.21885384626344512,0.4506965395253059,0.549303460474694,True,False,outer-4-spices,sentinel_asymmetric_repeat_veto,spices,False
testing/chamomile/chamomile_6.csv#0:128,testing/chamomile/chamomile_6.csv,herbs,fruits,recognize,0.6217985362060972,0.5222783798607221,0.5698701010664526,0.43012989893354736,True,False,outer-4-spices,sentinel_asymmetric_repeat_veto,spices,False
testing/chamomile/chamomile_6.csv#256:384,testing/chamomile/chamomile_6.csv,herbs,fruits,recognize,0.3524541001985345,0.5356958941894915,0.4345206719669463,0.5654793280330537,True,False,outer-4-spices,sentinel_asymmetric_repeat_veto,spices,False
testing/chervil/chervil_6.csv#0:128,testing/chervil/chervil_6.csv,spices,nuts,recognize,0.9990823782540491,0.280995635013762,0.5298469470597675,0.47015305294023246,True,False,outer-4-spices,sentinel_asymmetric_repeat_veto,spices,True
testing/chervil/chervil_6.csv#256:384,testing/chervil/chervil_6.csv,spices,nuts,recognize,0.9996136721504544,0.3028086617491183,0.5501742254322725,0.44982577456772754,True,False,outer-4-spices,sentinel_asymmetric_repeat_veto,spices,True
testing/chestnuts/chestnuts_6.csv#0:128,testing/chestnuts/chestnuts_6.csv,nuts,fruits,abstain_unknown,0.5456617620514012,0.02410757815568433,0.08257927176595459,0.9174207282340454,False,False,outer-4-spices,sentinel_asymmetric_repeat_veto,spices,False
testing/chestnuts/chestnuts_6.csv#256:384,testing/chestnuts/chestnuts_6.csv,nuts,nuts,recognize,0.6023657372104784,0.16440085999988951,0.3146894425173334,0.6853105574826666,True,True,outer-4-spices,sentinel_asymmetric_repeat_veto,spices,False
testing/chives/chives_6.csv#0:128,testing/chives/chives_6.csv,herbs,nuts,recognize,0.9925728697951408,0.14961186056297604,0.3853578516059892,0.6146421483940108,True,False,outer-4-spices,sentinel_asymmetric_repeat_veto,spices,False
testing/chives/chives_6.csv#256:384,testing/chives/chives_6.csv,herbs,nuts,abstain_conflict,0.506951045025994,0.29781709096588055,0.27976302571806305,0.720236974281937,False,True,outer-4-spices,sentinel_asymmetric_repeat_veto,spices,False
testing/cinnamon/cinnamon_6.csv#0:128,testing/cinnamon/cinnamon_6.csv,spices,herbs,abstain_unknown,0.7297232486323504,0.07591414324430969,0.2353642182350139,0.764635781764986,True,False,outer-4-spices,sentinel_asymmetric_repeat_veto,spices,True
testing/cinnamon/cinnamon_6.csv#256:384,testing/cinnamon/cinnamon_6.csv,spices,herbs,recognize,0.9054616893124963,0.12061259337700361,0.3304694880794638,0.6695305119205361,True,True,outer-4-spices,sentinel_asymmetric_repeat_veto,spices,True
testing/cloves/cloves_6.csv#0:128,testing/cloves/cloves_6.csv,spices,herbs,abstain_unknown,0.9335585255928944,0.04568637146730355,0.20652094708940588,0.7934790529105942,True,False,outer-4-spices,sentinel_asymmetric_repeat_veto,spices,True
testing/cloves/cloves_6.csv#256:384,testing/cloves/cloves_6.csv,spices,herbs,abstain_unknown,0.9831611608204174,0.06575757134370049,0.2542642133195389,0.745735786680461,True,True,outer-4-spices,sentinel_asymmetric_repeat_veto,spices,True
testing/coriander/coriander_6.csv#0:128,testing/coriander/coriander_6.csv,herbs,herbs,abstain_unknown,0.9402801282585193,0.09344517393582047,0.29641970267428736,0.7035802973257126,True,True,outer-4-spices,sentinel_asymmetric_repeat_veto,spices,False
testing/coriander/coriander_6.csv#256:384,testing/coriander/coriander_6.csv,herbs,herbs,recognize,0.9169996204914452,0.21083157442055253,0.439695887780703,0.560304112219297,True,False,outer-4-spices,sentinel_asymmetric_repeat_veto,spices,False
testing/cumin/cumin_6.csv#0:128,testing/cumin/cumin_6.csv,spices,herbs,abstain_unknown,0.9984348648889636,1.666019278111e-05,0.004078494492877446,0.9959215055071226,True,False,outer-4-spices,sentinel_asymmetric_repeat_veto,spices,True
testing/cumin/cumin_6.csv#256:384,testing/cumin/cumin_6.csv,spices,herbs,abstain_unknown,0.7597603080576631,0.013493768289728649,0.10125230640663434,0.8987476935933657,True,False,outer-4-spices,sentinel_asymmetric_repeat_veto,spices,True
testing/dill/dill_6.csv#0:128,testing/dill/dill_6.csv,herbs,herbs,abstain_unknown,0.7361989626613832,0.012192527355162595,0.09474241917478801,0.905257580825212,True,False,outer-4-spices,sentinel_asymmetric_repeat_veto,spices,False
testing/dill/dill_6.csv#256:384,testing/dill/dill_6.csv,herbs,herbs,abstain_unknown,0.981899959379957,0.012945798636737501,0.11274519570941217,0.8872548042905878,True,False,outer-4-spices,sentinel_asymmetric_repeat_veto,spices,False
testing/garlic/garlic_6.csv#0:128,testing/garlic/garlic_6.csv,herbs,herbs,abstain_unknown,0.7556067063659578,0.09001342859863733,0.1877733915170222,0.8122266084829778,False,False,outer-4-spices,sentinel_asymmetric_repeat_veto,spices,False
testing/garlic/garlic_6.csv#256:384,testing/garlic/garlic_6.csv,herbs,fruits,recognize,0.5854956801201469,0.36068129624212586,0.3308690579316657,0.6691309420683342,False,True,outer-4-spices,sentinel_asymmetric_repeat_veto,spices,False
testing/ginger/ginger_6.csv#0:128,testing/ginger/ginger_6.csv,spices,herbs,abstain_unknown,0.8221317311759585,0.04283900501194434,0.18766807227742646,0.8123319277225736,True,False,outer-4-spices,sentinel_asymmetric_repeat_veto,spices,True
testing/ginger/ginger_6.csv#256:384,testing/ginger/ginger_6.csv,spices,herbs,abstain_unknown,0.9489949446762735,0.03486555339241484,0.1818989662223026,0.8181010337776974,True,False,outer-4-spices,sentinel_asymmetric_repeat_veto,spices,True
testing/hazelnut/hazelnut_6.csv#0:128,testing/hazelnut/hazelnut_6.csv,nuts,nuts,recognize,0.9957882727655801,0.518399517017423,0.718481843649017,0.281518156350983,True,False,outer-4-spices,sentinel_asymmetric_repeat_veto,spices,False
testing/hazelnut/hazelnut_6.csv#256:384,testing/hazelnut/hazelnut_6.csv,nuts,nuts,recognize,0.9880354692066899,0.5923286450906641,0.7650109219983183,0.23498907800168167,True,False,outer-4-spices,sentinel_asymmetric_repeat_veto,spices,False
testing/kiwi/kiwi_6.csv#0:128,testing/kiwi/kiwi_6.csv,fruits,fruits,recognize,0.45036592059157965,0.4978842475348483,0.4735294050944227,0.5264705949055772,True,False,outer-4-spices,sentinel_asymmetric_repeat_veto,spices,False
testing/kiwi/kiwi_6.csv#256:384,testing/kiwi/kiwi_6.csv,fruits,fruits,recognize,0.538807190328689,0.7182402814331608,0.6220876369289846,0.3779123630710154,True,False,outer-4-spices,sentinel_asymmetric_repeat_veto,spices,False
testing/lemon/lemon_6.csv#0:128,testing/lemon/lemon_6.csv,fruits,fruits,abstain_unknown,0.9978868981289284,0.0007585254041594748,0.027512225695292086,0.9724877743047079,True,False,outer-4-spices,sentinel_asymmetric_repeat_veto,spices,False
testing/lemon/lemon_6.csv#256:384,testing/lemon/lemon_6.csv,fruits,fruits,abstain_unknown,0.5203074877175685,0.03374555461483872,0.13250684791090134,0.8674931520890987,True,False,outer-4-spices,sentinel_asymmetric_repeat_veto,spices,False
testing/mandarin_orange/mandarin_orange_6.csv#0:128,testing/mandarin_orange/mandarin_orange_6.csv,fruits,fruits,abstain_unknown,0.7213474192642274,0.13382051174593884,0.22370004980522143,0.7762999501947786,False,False,outer-4-spices,sentinel_asymmetric_repeat_veto,spices,False
testing/mandarin_orange/mandarin_orange_6.csv#256:384,testing/mandarin_orange/mandarin_orange_6.csv,fruits,fruits,recognize,0.7425096460438264,0.23537566467289506,0.4180534672306901,0.5819465327693099,True,False,outer-4-spices,sentinel_asymmetric_repeat_veto,spices,False
testing/mango/mango_6.csv#0:128,testing/mango/mango_6.csv,fruits,fruits,recognize,0.5895717686457775,0.3315288091074395,0.442108613739318,0.557891386260682,True,False,outer-4-spices,sentinel_asymmetric_repeat_veto,spices,False
testing/mango/mango_6.csv#256:384,testing/mango/mango_6.csv,fruits,herbs,recognize,0.6534765297633354,0.438927742697855,0.38560620100672793,0.6143937989932721,False,False,outer-4-spices,sentinel_asymmetric_repeat_veto,spices,False
testing/mint/mint_6.csv#0:128,testing/mint/mint_6.csv,herbs,nuts,recognize,0.9935673045207001,0.14533558675493247,0.38000090418712507,0.6199990958128749,True,False,outer-4-spices,sentinel_asymmetric_repeat_veto,spices,False
testing/mint/mint_6.csv#256:384,testing/mint/mint_6.csv,herbs,nuts,abstain_unknown,0.9939715523826131,0.05326401631348162,0.23009327887020983,0.7699067211297902,True,False,outer-4-spices,sentinel_asymmetric_repeat_veto,spices,False
testing/mugwort/mugwort_6.csv#0:128,testing/mugwort/mugwort_6.csv,herbs,herbs,recognize,0.6170710559392585,0.3870650976207096,0.4887194169521439,0.5112805830478562,True,False,outer-4-spices,sentinel_asymmetric_repeat_veto,spices,False
testing/mugwort/mugwort_6.csv#256:384,testing/mugwort/mugwort_6.csv,herbs,herbs,recognize,0.6602732731670452,0.35911427549376246,0.48694307482628657,0.5130569251737134,True,False,outer-4-spices,sentinel_asymmetric_repeat_veto,spices,False
testing/mustard/mustard_6.csv#0:128,testing/mustard/mustard_6.csv,spices,nuts,recognize,0.7708498095718566,0.3372071374681296,0.5098392469235559,0.49016075307644413,True,False,outer-4-spices,sentinel_asymmetric_repeat_veto,spices,True
testing/mustard/mustard_6.csv#256:384,testing/mustard/mustard_6.csv,spices,nuts,recognize,0.567266644209873,0.6486841393567764,0.6066109749131549,0.39338902508684515,True,False,outer-4-spices,sentinel_asymmetric_repeat_veto,spices,True
testing/nutmeg/nutmeg_6.csv#0:128,testing/nutmeg/nutmeg_6.csv,spices,fruits,abstain_unknown,0.9581565259613559,4.351351114373868e-07,0.00046490347407669713,0.9995350965259233,False,False,outer-4-spices,sentinel_asymmetric_repeat_veto,spices,True
testing/nutmeg/nutmeg_6.csv#256:384,testing/nutmeg/nutmeg_6.csv,spices,fruits,abstain_unknown,0.5994684442818342,0.0005020849195458569,0.017348892345551193,0.9826511076544489,True,False,outer-4-spices,sentinel_asymmetric_repeat_veto,spices,True
testing/oregano/oregano_6.csv#0:128,testing/oregano/oregano_6.csv,herbs,herbs,abstain_unknown,0.9566373130413488,0.001492312054830334,0.03778361277527739,0.9622163872247226,True,False,outer-4-spices,sentinel_asymmetric_repeat_veto,spices,False
testing/oregano/oregano_6.csv#256:384,testing/oregano/oregano_6.csv,herbs,herbs,abstain_unknown,0.6338476934645798,0.0164731592545281,0.10218353095072284,0.8978164690492771,True,False,outer-4-spices,sentinel_asymmetric_repeat_veto,spices,False
testing/peach/peach_6.csv#0:128,testing/peach/peach_6.csv,fruits,fruits,abstain_unknown,0.9992553042594944,0.0028351179783679373,0.053225996262029854,0.9467740037379702,True,False,outer-4-spices,sentinel_asymmetric_repeat_veto,spices,False
testing/peach/peach_6.csv#256:384,testing/peach/peach_6.csv,fruits,fruits,abstain_unknown,0.8158496162992817,0.0012339374306971876,0.0317286523409303,0.9682713476590697,True,False,outer-4-spices,sentinel_asymmetric_repeat_veto,spices,False
testing/peanuts/peanuts_6.csv#0:128,testing/peanuts/peanuts_6.csv,nuts,nuts,recognize,0.9444046201689517,0.40414918412498624,0.6178028461614185,0.38219715383858155,True,False,outer-4-spices,sentinel_asymmetric_repeat_veto,spices,False
testing/peanuts/peanuts_6.csv#256:384,testing/peanuts/peanuts_6.csv,nuts,nuts,recognize,0.8990690460189155,0.43452239591186986,0.45002340570791405,0.549976594292086,False,False,outer-4-spices,sentinel_asymmetric_repeat_veto,spices,False
testing/pear/pear_6.csv#0:128,testing/pear/pear_6.csv,fruits,fruits,recognize,0.8646767385297189,0.26306184509458125,0.47693129300559917,0.5230687069944009,True,False,outer-4-spices,sentinel_asymmetric_repeat_veto,spices,False
testing/pear/pear_6.csv#256:384,testing/pear/pear_6.csv,fruits,fruits,recognize,0.6672268874669631,0.4668983677345628,0.5581461678332459,0.4418538321667541,True,False,outer-4-spices,sentinel_asymmetric_repeat_veto,spices,False
testing/pecans/pecans_6.csv#0:128,testing/pecans/pecans_6.csv,nuts,nuts,recognize,0.9998793831713328,0.21906536095271187,0.468015959112083,0.5319840408879171,True,False,outer-4-spices,sentinel_asymmetric_repeat_veto,spices,False
testing/pecans/pecans_6.csv#256:384,testing/pecans/pecans_6.csv,nuts,nuts,recognize,0.9997833266832675,0.2987508474688598,0.5465218350000868,0.4534781649999132,True,False,outer-4-spices,sentinel_asymmetric_repeat_veto,spices,False
testing/pili_nut/pili_nut_6.csv#0:128,testing/pili_nut/pili_nut_6.csv,nuts,nuts,recognize,0.9995036889692194,0.35708513957525134,0.5974177050285272,0.4025822949714728,True,False,outer-4-spices,sentinel_asymmetric_repeat_veto,spices,False
testing/pili_nut/pili_nut_6.csv#256:384,testing/pili_nut/pili_nut_6.csv,nuts,nuts,recognize,0.9992652191864638,0.3305771325256032,0.5747471015944574,0.4252528984055426,True,False,outer-4-spices,sentinel_asymmetric_repeat_veto,spices,False
testing/pineapple/pineapple_6.csv#0:128,testing/pineapple/pineapple_6.csv,fruits,fruits,abstain_unknown,0.9998754851374079,0.047573081017895584,0.2180989625428089,0.7819010374571911,True,False,outer-4-spices,sentinel_asymmetric_repeat_veto,spices,False
testing/pineapple/pineapple_6.csv#256:384,testing/pineapple/pineapple_6.csv,fruits,fruits,abstain_unknown,0.998580989570455,0.058713262809051835,0.2421362180194718,0.7578637819805282,True,True,outer-4-spices,sentinel_asymmetric_repeat_veto,spices,False
testing/pistachios/pistachios_6.csv#0:128,testing/pistachios/pistachios_6.csv,nuts,nuts,recognize,0.9427299540298123,0.6278539387593332,0.7693482402813584,0.2306517597186416,True,False,outer-4-spices,sentinel_asymmetric_repeat_veto,spices,False
testing/pistachios/pistachios_6.csv#256:384,testing/pistachios/pistachios_6.csv,nuts,nuts,recognize,0.8834977124171661,0.5647964439160167,0.7063967484219835,0.2936032515780165,True,False,outer-4-spices,sentinel_asymmetric_repeat_veto,spices,False
testing/saffron/saffron_6.csv#0:128,testing/saffron/saffron_6.csv,spices,herbs,recognize,0.515474325014159,0.22757708032767907,0.3425056815158012,0.6574943184841988,True,True,outer-4-spices,sentinel_asymmetric_repeat_veto,spices,True
testing/saffron/saffron_6.csv#256:384,testing/saffron/saffron_6.csv,spices,herbs,recognize,0.5308664012376303,0.2861769451451936,0.3897713752783902,0.6102286247216098,True,False,outer-4-spices,sentinel_asymmetric_repeat_veto,spices,True
testing/star_anise/star_anise_6.csv#0:128,testing/star_anise/star_anise_6.csv,spices,herbs,abstain_unknown,0.5460340693588851,0.19341971251146742,0.2339875411393123,0.7660124588606877,False,False,outer-4-spices,sentinel_asymmetric_repeat_veto,spices,True
testing/star_anise/star_anise_6.csv#256:384,testing/star_anise/star_anise_6.csv,spices,herbs,recognize,0.6903008395043951,0.17989722301631839,0.3523963735237268,0.6476036264762732,True,True,outer-4-spices,sentinel_asymmetric_repeat_veto,spices,True
testing/strawberry/strawberry_6.csv#0:128,testing/strawberry/strawberry_6.csv,fruits,nuts,recognize,0.5353858289795851,0.46606034974552984,0.49952187810247695,0.500478121897523,True,False,outer-4-spices,sentinel_asymmetric_repeat_veto,spices,False
testing/strawberry/strawberry_6.csv#256:384,testing/strawberry/strawberry_6.csv,fruits,fruits,recognize,0.4362756691538889,0.5628090708014336,0.4955198320650485,0.5044801679349515,True,False,outer-4-spices,sentinel_asymmetric_repeat_veto,spices,False
testing/turnip/turnip_6.csv#0:128,testing/turnip/turnip_6.csv,herbs,fruits,recognize,0.9115538273669866,0.2543452124861024,0.3466853098017118,0.6533146901982883,False,True,outer-4-spices,sentinel_asymmetric_repeat_veto,spices,False
testing/turnip/turnip_6.csv#256:384,testing/turnip/turnip_6.csv,herbs,fruits,recognize,0.7176160649292912,0.3857807183809621,0.37883389689993835,0.6211661031000617,False,False,outer-4-spices,sentinel_asymmetric_repeat_veto,spices,False
testing/walnuts/walnuts_6.csv#0:128,testing/walnuts/walnuts_6.csv,nuts,nuts,recognize,0.9074732484352978,0.2815424705241056,0.5054624222422565,0.49453757775774354,True,False,outer-4-spices,sentinel_asymmetric_repeat_veto,spices,False
testing/walnuts/walnuts_6.csv#256:384,testing/walnuts/walnuts_6.csv,nuts,nuts,recognize,0.8122599292653538,0.4090490663406675,0.5764149249385634,0.4235850750614366,True,False,outer-4-spices,sentinel_asymmetric_repeat_veto,spices,False
testing/walnuts/walnuts_6.csv#512:640,testing/walnuts/walnuts_6.csv,nuts,nuts,recognize,0.9690558346890638,0.1553816023535214,0.3880379470670567,0.6119620529329433,True,False,outer-4-spices,sentinel_asymmetric_repeat_veto,spices,False
testing/allspice/allspice_6.csv#0:128,testing/allspice/allspice_6.csv,spices,spices,recognize,0.8635869804342322,0.2545124583295157,0.4688215496024898,0.5311784503975102,True,False,outer-5-vegetables,closed_set,vegetables,False
testing/allspice/allspice_6.csv#128:256,testing/allspice/allspice_6.csv,spices,herbs,recognize,0.7770336843630147,0.20648844313172324,0.2884033457264692,0.7115966542735308,False,False,outer-5-vegetables,closed_set,vegetables,False
testing/allspice/allspice_6.csv#256:384,testing/allspice/allspice_6.csv,spices,herbs,recognize,0.5560481560836485,0.10127334204737501,0.17085837435397713,0.8291416256460229,False,False,outer-5-vegetables,closed_set,vegetables,False
testing/allspice/allspice_6.csv#384:512,testing/allspice/allspice_6.csv,spices,spices,recognize,0.5582442754939722,0.26675338800221854,0.3858931870619912,0.6141068129380087,True,False,outer-5-vegetables,closed_set,vegetables,False
testing/almond/almond_6.csv#0:128,testing/almond/almond_6.csv,nuts,nuts,recognize,0.6897963404107887,0.5394231810329749,0.6099935542358562,0.3900064457641438,True,False,outer-5-vegetables,closed_set,vegetables,False
testing/almond/almond_6.csv#128:256,testing/almond/almond_6.csv,nuts,nuts,recognize,0.6227412782339915,0.4862756907595022,0.5502944168694515,0.44970558313054854,True,False,outer-5-vegetables,closed_set,vegetables,False
testing/almond/almond_6.csv#256:384,testing/almond/almond_6.csv,nuts,nuts,recognize,0.7327144019560515,0.45954595227036843,0.5802722960723761,0.41972770392762393,True,False,outer-5-vegetables,closed_set,vegetables,False
testing/almond/almond_6.csv#384:512,testing/almond/almond_6.csv,nuts,nuts,recognize,0.8370523248274796,0.5405702978125053,0.672670517056189,0.32732948294381103,True,False,outer-5-vegetables,closed_set,vegetables,False
testing/angelica/angelica_6.csv#0:128,testing/angelica/angelica_6.csv,herbs,herbs,recognize,0.7412523342527813,0.2721250274192496,0.44912505138671666,0.5508749486132833,True,False,outer-5-vegetables,closed_set,vegetables,False
testing/angelica/angelica_6.csv#128:256,testing/angelica/angelica_6.csv,herbs,herbs,recognize,0.8847302013130967,0.3948935661626867,0.5910788985307803,0.40892110146921967,True,False,outer-5-vegetables,closed_set,vegetables,False
testing/angelica/angelica_6.csv#256:384,testing/angelica/angelica_6.csv,herbs,herbs,recognize,0.728426986813114,0.5063774548244087,0.6073376355931169,0.39266236440688307,True,False,outer-5-vegetables,closed_set,vegetables,False
testing/angelica/angelica_6.csv#384:512,testing/angelica/angelica_6.csv,herbs,herbs,recognize,0.6649133518791758,0.34561453725769986,0.4793784730525428,0.5206215269474572,True,False,outer-5-vegetables,closed_set,vegetables,False
testing/angelica/angelica_6.csv#512:640,testing/angelica/angelica_6.csv,herbs,herbs,recognize,0.7294985787291252,0.2790044742716415,0.4511467249578891,0.5488532750421109,True,False,outer-5-vegetables,closed_set,vegetables,False
testing/brazil_nut/brazil_nut_6.csv#0:128,testing/brazil_nut/brazil_nut_6.csv,nuts,nuts,recognize,0.8934841462671788,0.5047610917406373,0.6715623821528216,0.3284376178471784,True,False,outer-5-vegetables,closed_set,vegetables,False
testing/brazil_nut/brazil_nut_6.csv#128:256,testing/brazil_nut/brazil_nut_6.csv,nuts,nuts,recognize,0.6767967844578374,0.4505941794978032,0.5522324617219915,0.4477675382780085,True,False,outer-5-vegetables,closed_set,vegetables,False
testing/brazil_nut/brazil_nut_6.csv#256:384,testing/brazil_nut/brazil_nut_6.csv,nuts,nuts,recognize,0.7038302491061541,0.45112617420642764,0.5634858006818062,0.4365141993181938,True,False,outer-5-vegetables,closed_set,vegetables,False
testing/brazil_nut/brazil_nut_6.csv#384:512,testing/brazil_nut/brazil_nut_6.csv,nuts,nuts,recognize,0.9177316783056578,0.4899691718045927,0.6705670960897665,0.3294329039102335,True,False,outer-5-vegetables,closed_set,vegetables,False
testing/cashew/cashew_6.csv#0:128,testing/cashew/cashew_6.csv,nuts,nuts,recognize,0.999903924657362,0.006036207713248895,0.07768930288350263,0.9223106971164974,True,False,outer-5-vegetables,closed_set,vegetables,False
testing/cashew/cashew_6.csv#128:256,testing/cashew/cashew_6.csv,nuts,nuts,recognize,0.8337868659415898,0.3258017285905705,0.5211997718724407,0.4788002281275593,True,False,outer-5-vegetables,closed_set,vegetables,False
testing/cashew/cashew_6.csv#256:384,testing/cashew/cashew_6.csv,nuts,nuts,recognize,0.5547855230149883,0.27501992718455837,0.3906111546571977,0.6093888453428022,True,False,outer-5-vegetables,closed_set,vegetables,False
testing/cashew/cashew_6.csv#384:512,testing/cashew/cashew_6.csv,nuts,nuts,recognize,0.6512479191142928,0.2344262755690342,0.390729604906062,0.609270395093938,True,False,outer-5-vegetables,closed_set,vegetables,False
testing/chamomile/chamomile_6.csv#0:128,testing/chamomile/chamomile_6.csv,herbs,herbs,recognize,0.4529610213554032,0.21958302778345243,0.22707132631672136,0.7729286736832787,False,False,outer-5-vegetables,closed_set,vegetables,False
testing/chamomile/chamomile_6.csv#128:256,testing/chamomile/chamomile_6.csv,herbs,nuts,recognize,0.4633445363196621,0.5069661017223315,0.48466480513063903,0.515335194869361,True,False,outer-5-vegetables,closed_set,vegetables,False
testing/chamomile/chamomile_6.csv#256:384,testing/chamomile/chamomile_6.csv,herbs,herbs,recognize,0.40303582790889714,0.5060071136818056,0.3251491588817275,0.6748508411182725,False,False,outer-5-vegetables,closed_set,vegetables,False
testing/chamomile/chamomile_6.csv#384:512,testing/chamomile/chamomile_6.csv,herbs,spices,recognize,0.34318099453192247,0.47894776046956383,0.4054204839013218,0.5945795160986782,True,False,outer-5-vegetables,closed_set,vegetables,False
testing/chervil/chervil_6.csv#0:128,testing/chervil/chervil_6.csv,spices,nuts,recognize,0.8605627187091439,0.31164349557213566,0.5178694563474255,0.48213054365257446,True,False,outer-5-vegetables,closed_set,vegetables,False
testing/chervil/chervil_6.csv#128:256,testing/chervil/chervil_6.csv,spices,nuts,recognize,0.9764506219735201,0.24623917414031177,0.4903472185539073,0.5096527814460927,True,False,outer-5-vegetables,closed_set,vegetables,False
testing/chervil/chervil_6.csv#256:384,testing/chervil/chervil_6.csv,spices,nuts,recognize,0.9754924822319687,0.30769038976616775,0.5478591626247761,0.4521408373752239,True,False,outer-5-vegetables,closed_set,vegetables,False
testing/chervil/chervil_6.csv#384:512,testing/chervil/chervil_6.csv,spices,nuts,recognize,0.9979299222789875,0.07762508040598957,0.27832425416490264,0.7216757458350973,True,False,outer-5-vegetables,closed_set,vegetables,False
testing/chestnuts/chestnuts_6.csv#0:128,testing/chestnuts/chestnuts_6.csv,nuts,nuts,recognize,0.4302312453016194,0.025191279216176782,0.10410607776646155,0.8958939222335385,True,False,outer-5-vegetables,closed_set,vegetables,False
testing/chestnuts/chestnuts_6.csv#128:256,testing/chestnuts/chestnuts_6.csv,nuts,herbs,recognize,0.6535800499072331,0.14992529704067073,0.2253820625749698,0.7746179374250302,False,False,outer-5-vegetables,closed_set,vegetables,False
testing/chestnuts/chestnuts_6.csv#256:384,testing/chestnuts/chestnuts_6.csv,nuts,herbs,recognize,0.6979513443114127,0.1598455397975896,0.24048906383580004,0.7595109361642,False,False,outer-5-vegetables,closed_set,vegetables,False
testing/chestnuts/chestnuts_6.csv#384:512,testing/chestnuts/chestnuts_6.csv,nuts,nuts,recognize,0.7833057428504111,0.025410036649851593,0.1410809258328998,0.8589190741671002,True,False,outer-5-vegetables,closed_set,vegetables,False
testing/chives/chives_6.csv#0:128,testing/chives/chives_6.csv,herbs,nuts,recognize,0.6489168948852893,0.13684862246360122,0.2979989650290909,0.7020010349709092,True,False,outer-5-vegetables,closed_set,vegetables,False
testing/chives/chives_6.csv#128:256,testing/chives/chives_6.csv,herbs,nuts,recognize,0.43864401245090434,0.2497109364907668,0.23829085794230298,0.761709142057697,False,False,outer-5-vegetables,closed_set,vegetables,False
testing/chives/chives_6.csv#256:384,testing/chives/chives_6.csv,herbs,nuts,recognize,0.7556114840801357,0.25293196121818695,0.31476296464815307,0.6852370353518469,False,False,outer-5-vegetables,closed_set,vegetables,False
testing/chives/chives_6.csv#384:512,testing/chives/chives_6.csv,herbs,herbs,recognize,0.5377111017030123,0.45615315555131675,0.49525611133715863,0.5047438886628414,True,False,outer-5-vegetables,closed_set,vegetables,False
testing/cinnamon/cinnamon_6.csv#0:128,testing/cinnamon/cinnamon_6.csv,spices,spices,recognize,0.5564452720701611,0.1700692451994566,0.3076267664163484,0.6923732335836517,True,False,outer-5-vegetables,closed_set,vegetables,False
testing/cinnamon/cinnamon_6.csv#128:256,testing/cinnamon/cinnamon_6.csv,spices,herbs,recognize,0.9786723415116378,0.05915797871908774,0.1732438463063302,0.8267561536936698,False,False,outer-5-vegetables,closed_set,vegetables,False
testing/cinnamon/cinnamon_6.csv#256:384,testing/cinnamon/cinnamon_6.csv,spices,herbs,recognize,0.6166387735010536,0.3143906850329245,0.3170171417440014,0.6829828582559986,False,False,outer-5-vegetables,closed_set,vegetables,False
testing/cinnamon/cinnamon_6.csv#384:512,testing/cinnamon/cinnamon_6.csv,spices,herbs,recognize,0.8060695420872276,0.25170753782396804,0.32431487080351745,0.6756851291964825,False,False,outer-5-vegetables,closed_set,vegetables,False
testing/cloves/cloves_6.csv#0:128,testing/cloves/cloves_6.csv,spices,spices,recognize,0.8340555961370585,0.18998949282037567,0.39807260605833683,0.6019273939416632,True,False,outer-5-vegetables,closed_set,vegetables,False
testing/cloves/cloves_6.csv#128:256,testing/cloves/cloves_6.csv,spices,spices,recognize,0.9664570647564991,0.2716151001472245,0.5123517663010728,0.4876482336989272,True,False,outer-5-vegetables,closed_set,vegetables,False
testing/cloves/cloves_6.csv#256:384,testing/cloves/cloves_6.csv,spices,spices,recognize,0.8254377581776841,0.27226206787813423,0.4740626445377737,0.5259373554622263,True,False,outer-5-vegetables,closed_set,vegetables,False
testing/cloves/cloves_6.csv#384:512,testing/cloves/cloves_6.csv,spices,spices,recognize,0.8966987374633648,0.3409440355852999,0.5529232191317371,0.44707678086826286,True,False,outer-5-vegetables,closed_set,vegetables,False
testing/coriander/coriander_6.csv#0:128,testing/coriander/coriander_6.csv,herbs,herbs,recognize,0.9408687534601137,0.19970721839397657,0.4334723539365889,0.5665276460634111,True,False,outer-5-vegetables,closed_set,vegetables,False
testing/coriander/coriander_6.csv#128:256,testing/coriander/coriander_6.csv,herbs,herbs,recognize,0.7948162925574705,0.3821348924269195,0.5511143605964302,0.44888563940356985,True,False,outer-5-vegetables,closed_set,vegetables,False
testing/coriander/coriander_6.csv#256:384,testing/coriander/coriander_6.csv,herbs,herbs,recognize,0.929698238530382,0.29342695635209637,0.5223011817504104,0.4776988182495896,True,False,outer-5-vegetables,closed_set,vegetables,False
testing/coriander/coriander_6.csv#384:512,testing/coriander/coriander_6.csv,herbs,herbs,recognize,0.9275557920889195,0.2646078134923169,0.4954175108297879,0.5045824891702121,True,False,outer-5-vegetables,closed_set,vegetables,False
testing/cumin/cumin_6.csv#0:128,testing/cumin/cumin_6.csv,spices,spices,recognize,0.8960490384320184,0.0009398158860860205,0.02901932323522577,0.9709806767647742,True,False,outer-5-vegetables,closed_set,vegetables,False
testing/cumin/cumin_6.csv#128:256,testing/cumin/cumin_6.csv,spices,spices,recognize,0.8422223814179439,0.07712666233850665,0.25486820363779145,0.7451317963622086,True,False,outer-5-vegetables,closed_set,vegetables,False
testing/cumin/cumin_6.csv#256:384,testing/cumin/cumin_6.csv,spices,spices,recognize,0.9738643149275215,0.14610848210163832,0.37721325112860504,0.622786748871395,True,False,outer-5-vegetables,closed_set,vegetables,False
testing/cumin/cumin_6.csv#384:512,testing/cumin/cumin_6.csv,spices,spices,recognize,0.9425869448546251,0.17621952818466177,0.4075564092187778,0.5924435907812222,True,False,outer-5-vegetables,closed_set,vegetables,False
testing/dill/dill_6.csv#0:128,testing/dill/dill_6.csv,herbs,herbs,recognize,0.9636772916040228,0.03195202428516614,0.17547489912917708,0.824525100870823,True,False,outer-5-vegetables,closed_set,vegetables,False
testing/dill/dill_6.csv#128:256,testing/dill/dill_6.csv,herbs,herbs,recognize,0.9983642871698746,0.07944999798930706,0.2816381377019854,0.7183618622980146,True,False,outer-5-vegetables,closed_set,vegetables,False
testing/dill/dill_6.csv#256:384,testing/dill/dill_6.csv,herbs,herbs,recognize,0.9991065301968408,0.06920173286919996,0.2629446770911232,0.7370553229088768,True,False,outer-5-vegetables,closed_set,vegetables,False
testing/dill/dill_6.csv#384:512,testing/dill/dill_6.csv,herbs,herbs,recognize,0.9922244318884778,0.06065227290695604,0.2453174821080825,0.7546825178919175,True,False,outer-5-vegetables,closed_set,vegetables,False
testing/garlic/garlic_6.csv#0:128,testing/garlic/garlic_6.csv,herbs,nuts,recognize,0.6122047717370542,0.11901600397324588,0.1943495475137151,0.8056504524862849,False,False,outer-5-vegetables,closed_set,vegetables,False
testing/garlic/garlic_6.csv#128:256,testing/garlic/garlic_6.csv,herbs,herbs,recognize,0.8958237315536239,0.33301454048642454,0.546188912666821,0.453811087333179,True,False,outer-5-vegetables,closed_set,vegetables,False
testing/garlic/garlic_6.csv#256:384,testing/garlic/garlic_6.csv,herbs,herbs,recognize,0.9086154078609002,0.4133841613247422,0.6128680268584068,0.3871319731415932,True,False,outer-5-vegetables,closed_set,vegetables,False
testing/garlic/garlic_6.csv#384:512,testing/garlic/garlic_6.csv,herbs,herbs,recognize,0.9443910571383632,0.44950552405786004,0.6515435496223844,0.34845645037761563,True,False,outer-5-vegetables,closed_set,vegetables,False
testing/ginger/ginger_6.csv#0:128,testing/ginger/ginger_6.csv,spices,spices,recognize,0.930076217617702,0.2646659721678678,0.49614466270030805,0.5038553372996919,True,False,outer-5-vegetables,closed_set,vegetables,False
testing/ginger/ginger_6.csv#128:256,testing/ginger/ginger_6.csv,spices,spices,recognize,0.5151202181979286,0.31443456166747025,0.4024569542387326,0.5975430457612674,True,False,outer-5-vegetables,closed_set,vegetables,False
testing/ginger/ginger_6.csv#256:384,testing/ginger/ginger_6.csv,spices,spices,recognize,0.7064153824447125,0.39084522758785933,0.5254513116580529,0.4745486883419471,True,False,outer-5-vegetables,closed_set,vegetables,False
testing/ginger/ginger_6.csv#384:512,testing/ginger/ginger_6.csv,spices,spices,recognize,0.7715794310107024,0.3584403391330486,0.5258946595275149,0.4741053404724851,True,False,outer-5-vegetables,closed_set,vegetables,False
testing/hazelnut/hazelnut_6.csv#0:128,testing/hazelnut/hazelnut_6.csv,nuts,nuts,recognize,0.9436965172944483,0.5651267135589094,0.7302794748694503,0.26972052513054967,True,False,outer-5-vegetables,closed_set,vegetables,False
testing/hazelnut/hazelnut_6.csv#128:256,testing/hazelnut/hazelnut_6.csv,nuts,nuts,recognize,0.8421479234324071,0.6298755578082086,0.7283188814173445,0.27168111858265553,True,False,outer-5-vegetables,closed_set,vegetables,False
testing/hazelnut/hazelnut_6.csv#256:384,testing/hazelnut/hazelnut_6.csv,nuts,nuts,recognize,0.9114698983067878,0.5716839228570236,0.7218536465448636,0.2781463534551364,True,False,outer-5-vegetables,closed_set,vegetables,False
testing/hazelnut/hazelnut_6.csv#384:512,testing/hazelnut/hazelnut_6.csv,nuts,nuts,recognize,0.8776337966381345,0.5575498226816316,0.6995173819820341,0.30048261801796594,True,False,outer-5-vegetables,closed_set,vegetables,False
testing/mint/mint_6.csv#0:128,testing/mint/mint_6.csv,herbs,nuts,recognize,0.9646472880336565,0.09067047863497217,0.2957448753908333,0.7042551246091667,True,False,outer-5-vegetables,closed_set,vegetables,False
testing/mint/mint_6.csv#128:256,testing/mint/mint_6.csv,herbs,herbs,recognize,0.4613016062234926,0.139752809141212,0.182812232795388,0.817187767204612,False,False,outer-5-vegetables,closed_set,vegetables,False
testing/mint/mint_6.csv#256:384,testing/mint/mint_6.csv,herbs,herbs,recognize,0.7560620511919883,0.06150797306832603,0.15526620004415564,0.8447337999558444,False,False,outer-5-vegetables,closed_set,vegetables,False
testing/mint/mint_6.csv#384:512,testing/mint/mint_6.csv,herbs,herbs,recognize,0.6296839127492547,0.25821186605794083,0.4032268073152511,0.5967731926847488,True,False,outer-5-vegetables,closed_set,vegetables,False
testing/mugwort/mugwort_6.csv#0:128,testing/mugwort/mugwort_6.csv,herbs,herbs,recognize,0.809293637543261,0.49117009530205297,0.6304766713205721,0.36952332867942794,True,False,outer-5-vegetables,closed_set,vegetables,False
testing/mugwort/mugwort_6.csv#128:256,testing/mugwort/mugwort_6.csv,herbs,herbs,recognize,0.5253889153483489,0.41729263522616017,0.46823170012753995,0.53176829987246,True,False,outer-5-vegetables,closed_set,vegetables,False
testing/mugwort/mugwort_6.csv#256:384,testing/mugwort/mugwort_6.csv,herbs,herbs,recognize,0.8915310009021105,0.4833759502777733,0.6564637421542426,0.34353625784575736,True,False,outer-5-vegetables,closed_set,vegetables,False
testing/mugwort/mugwort_6.csv#384:512,testing/mugwort/mugwort_6.csv,herbs,herbs,recognize,0.902954536521553,0.5270794700150315,0.6898759298290154,0.31012407017098464,True,False,outer-5-vegetables,closed_set,vegetables,False
testing/mustard/mustard_6.csv#0:128,testing/mustard/mustard_6.csv,spices,nuts,recognize,0.8207618982888772,0.4566528347383272,0.4407924721491867,0.5592075278508133,False,False,outer-5-vegetables,closed_set,vegetables,False
testing/mustard/mustard_6.csv#128:256,testing/mustard/mustard_6.csv,spices,herbs,recognize,0.5036054358717946,0.4869088633759491,0.35653448398711124,0.6434655160128888,False,False,outer-5-vegetables,closed_set,vegetables,False
testing/mustard/mustard_6.csv#256:384,testing/mustard/mustard_6.csv,spices,nuts,recognize,0.5663585840128689,0.6208358332036631,0.4269397857325496,0.5730602142674504,False,False,outer-5-vegetables,closed_set,vegetables,False
testing/mustard/mustard_6.csv#384:512,testing/mustard/mustard_6.csv,spices,herbs,recognize,0.4576309850261414,0.5584433380069872,0.3639818805435443,0.6360181194564557,False,False,outer-5-vegetables,closed_set,vegetables,False
testing/nutmeg/nutmeg_6.csv#0:128,testing/nutmeg/nutmeg_6.csv,spices,spices,recognize,0.9999955499437929,0.013410721913571042,0.11580441371167487,0.8841955862883252,True,False,outer-5-vegetables,closed_set,vegetables,False
testing/nutmeg/nutmeg_6.csv#128:256,testing/nutmeg/nutmeg_6.csv,spices,spices,recognize,0.9999997755373451,0.05363925231412585,0.23160146863549216,0.7683985313645079,True,False,outer-5-vegetables,closed_set,vegetables,False
testing/nutmeg/nutmeg_6.csv#256:384,testing/nutmeg/nutmeg_6.csv,spices,spices,recognize,0.9999953719374108,0.028966509800994605,0.17019511080572866,0.8298048891942713,True,False,outer-5-vegetables,closed_set,vegetables,False
testing/nutmeg/nutmeg_6.csv#384:512,testing/nutmeg/nutmeg_6.csv,spices,spices,recognize,0.9999989743036799,0.10408063477067925,0.32261513916050993,0.6773848608394901,True,False,outer-5-vegetables,closed_set,vegetables,False
testing/oregano/oregano_6.csv#0:128,testing/oregano/oregano_6.csv,herbs,herbs,recognize,0.7710620269698882,0.01020757368965513,0.08871681046785883,0.9112831895321412,True,False,outer-5-vegetables,closed_set,vegetables,False
testing/oregano/oregano_6.csv#128:256,testing/oregano/oregano_6.csv,herbs,herbs,recognize,0.5127492680003929,0.024483544939986057,0.1120442758289444,0.8879557241710556,True,False,outer-5-vegetables,closed_set,vegetables,False
testing/oregano/oregano_6.csv#256:384,testing/oregano/oregano_6.csv,herbs,spices,recognize,0.8491939596886761,0.05294130031135438,0.15266280810392086,0.8473371918960791,False,False,outer-5-vegetables,closed_set,vegetables,False
testing/oregano/oregano_6.csv#384:512,testing/oregano/oregano_6.csv,herbs,spices,recognize,0.9707292287002981,0.08220037456582899,0.20338477901426835,0.7966152209857317,False,False,outer-5-vegetables,closed_set,vegetables,False
testing/peanuts/peanuts_6.csv#0:128,testing/peanuts/peanuts_6.csv,nuts,nuts,recognize,0.9581036855358498,0.4934652717473386,0.6875979170598722,0.31240208294012783,True,False,outer-5-vegetables,closed_set,vegetables,False
testing/peanuts/peanuts_6.csv#128:256,testing/peanuts/peanuts_6.csv,nuts,nuts,recognize,0.8866815739945701,0.48825870622197537,0.6579741622202604,0.3420258377797396,True,False,outer-5-vegetables,closed_set,vegetables,False
testing/peanuts/peanuts_6.csv#256:384,testing/peanuts/peanuts_6.csv,nuts,nuts,recognize,0.8866548325666784,0.47542741482212864,0.6492611299675372,0.35073887003246285,True,False,outer-5-vegetables,closed_set,vegetables,False
testing/peanuts/peanuts_6.csv#384:512,testing/peanuts/peanuts_6.csv,nuts,nuts,recognize,0.8972533457089832,0.34143604406790695,0.5534931190950519,0.44650688090494806,True,False,outer-5-vegetables,closed_set,vegetables,False
testing/pecans/pecans_6.csv#0:128,testing/pecans/pecans_6.csv,nuts,nuts,recognize,0.9552726704643973,0.2229846381569934,0.33230252811023864,0.6676974718897614,False,False,outer-5-vegetables,closed_set,vegetables,False
testing/pecans/pecans_6.csv#128:256,testing/pecans/pecans_6.csv,nuts,nuts,recognize,0.9692003534490351,0.2048364782887754,0.44556434681955503,0.554435653180445,True,False,outer-5-vegetables,closed_set,vegetables,False
testing/pecans/pecans_6.csv#256:384,testing/pecans/pecans_6.csv,nuts,nuts,recognize,0.7790830597770205,0.3322970551956448,0.5088094009712443,0.4911905990287557,True,False,outer-5-vegetables,closed_set,vegetables,False
testing/pecans/pecans_6.csv#384:512,testing/pecans/pecans_6.csv,nuts,nuts,recognize,0.6430688921072756,0.22766701726263625,0.38262981661189377,0.6173701833881062,True,False,outer-5-vegetables,closed_set,vegetables,False
testing/pili_nut/pili_nut_6.csv#0:128,testing/pili_nut/pili_nut_6.csv,nuts,nuts,recognize,0.9126112608131713,0.2315507238944284,0.45969098106825723,0.5403090189317428,True,False,outer-5-vegetables,closed_set,vegetables,False
testing/pili_nut/pili_nut_6.csv#128:256,testing/pili_nut/pili_nut_6.csv,nuts,nuts,recognize,0.880460102400345,0.28363427539327685,0.4997285894933491,0.5002714105066509,True,False,outer-5-vegetables,closed_set,vegetables,False
testing/pili_nut/pili_nut_6.csv#256:384,testing/pili_nut/pili_nut_6.csv,nuts,nuts,recognize,0.979270129529467,0.29144103402736093,0.5342279468000298,0.46577205319997017,True,False,outer-5-vegetables,closed_set,vegetables,False
testing/pili_nut/pili_nut_6.csv#384:512,testing/pili_nut/pili_nut_6.csv,nuts,nuts,recognize,0.7388713321334682,0.2410639200175362,0.42203698855985694,0.5779630114401431,True,False,outer-5-vegetables,closed_set,vegetables,False
testing/pistachios/pistachios_6.csv#0:128,testing/pistachios/pistachios_6.csv,nuts,nuts,recognize,0.886119877663912,0.6576199421102056,0.763367606499021,0.23663239350097898,True,False,outer-5-vegetables,closed_set,vegetables,False
testing/pistachios/pistachios_6.csv#128:256,testing/pistachios/pistachios_6.csv,nuts,nuts,recognize,0.9346144908304647,0.6394393452741635,0.7730648602157377,0.22693513978426227,True,False,outer-5-vegetables,closed_set,vegetables,False
testing/pistachios/pistachios_6.csv#256:384,testing/pistachios/pistachios_6.csv,nuts,nuts,recognize,0.7215377498466701,0.6093529060331886,0.663077012632557,0.33692298736744297,True,False,outer-5-vegetables,closed_set,vegetables,False
testing/pistachios/pistachios_6.csv#384:512,testing/pistachios/pistachios_6.csv,nuts,nuts,recognize,0.9623745460341127,0.48957947734560364,0.6864101013665908,0.31358989863340925,True,False,outer-5-vegetables,closed_set,vegetables,False
testing/pistachios/pistachios_6.csv#512:640,testing/pistachios/pistachios_6.csv,nuts,nuts,recognize,0.8335690427514776,0.6235025880320728,0.7209247224634232,0.2790752775365768,True,False,outer-5-vegetables,closed_set,vegetables,False
testing/saffron/saffron_6.csv#0:128,testing/saffron/saffron_6.csv,spices,nuts,recognize,0.4157465592543856,0.540171803627671,0.34120295492197256,0.6587970450780274,False,False,outer-5-vegetables,closed_set,vegetables,False
testing/saffron/saffron_6.csv#128:256,testing/saffron/saffron_6.csv,spices,spices,recognize,0.7358571001566462,0.5632687997425294,0.6438053631240208,0.3561946368759792,True,False,outer-5-vegetables,closed_set,vegetables,False
testing/saffron/saffron_6.csv#256:384,testing/saffron/saffron_6.csv,spices,spices,recognize,0.5724961222126725,0.5101643481741959,0.5404323371347082,0.4595676628652918,True,False,outer-5-vegetables,closed_set,vegetables,False
testing/saffron/saffron_6.csv#384:512,testing/saffron/saffron_6.csv,spices,spices,recognize,0.9475559253366371,0.4564180106161616,0.657633325181825,0.34236667481817495,True,False,outer-5-vegetables,closed_set,vegetables,False
testing/star_anise/star_anise_6.csv#0:128,testing/star_anise/star_anise_6.csv,spices,spices,recognize,0.8631329037968212,0.4378940209564663,0.6147851151934478,0.3852148848065522,True,False,outer-5-vegetables,closed_set,vegetables,False
testing/star_anise/star_anise_6.csv#128:256,testing/star_anise/star_anise_6.csv,spices,spices,recognize,0.7698020172394369,0.5234071387266103,0.6347596956559752,0.36524030434402477,True,False,outer-5-vegetables,closed_set,vegetables,False
testing/star_anise/star_anise_6.csv#256:384,testing/star_anise/star_anise_6.csv,spices,spices,recognize,0.8421416442246789,0.4559633436222135,0.6196658130833047,0.3803341869166953,True,False,outer-5-vegetables,closed_set,vegetables,False
testing/star_anise/star_anise_6.csv#384:512,testing/star_anise/star_anise_6.csv,spices,spices,recognize,0.8155792946067649,0.4368865110479219,0.5969217641397194,0.4030782358602806,True,False,outer-5-vegetables,closed_set,vegetables,False
testing/turnip/turnip_6.csv#0:128,testing/turnip/turnip_6.csv,herbs,herbs,recognize,0.9854794968866926,0.22942157358116533,0.4754894919004206,0.5245105080995793,True,False,outer-5-vegetables,closed_set,vegetables,False
testing/turnip/turnip_6.csv#128:256,testing/turnip/turnip_6.csv,herbs,herbs,recognize,0.9856828701477973,0.37263324821163774,0.6060513258872912,0.39394867411270884,True,False,outer-5-vegetables,closed_set,vegetables,False
testing/turnip/turnip_6.csv#256:384,testing/turnip/turnip_6.csv,herbs,herbs,recognize,0.9830184150192841,0.3033738220253003,0.54609711012388,0.45390288987612004,True,False,outer-5-vegetables,closed_set,vegetables,False
testing/turnip/turnip_6.csv#384:512,testing/turnip/turnip_6.csv,herbs,herbs,recognize,0.9831740937437891,0.14881566120847012,0.3825071278336135,0.6174928721663865,True,False,outer-5-vegetables,closed_set,vegetables,False
testing/walnuts/walnuts_6.csv#0:128,testing/walnuts/walnuts_6.csv,nuts,nuts,recognize,0.8048744420218302,0.24758067233421266,0.4463982028418002,0.5536017971581998,True,False,outer-5-vegetables,closed_set,vegetables,False
testing/walnuts/walnuts_6.csv#128:256,testing/walnuts/walnuts_6.csv,nuts,nuts,recognize,0.7799349111428074,0.3511731399106282,0.5233471043886041,0.4766528956113959,True,False,outer-5-vegetables,closed_set,vegetables,False
testing/walnuts/walnuts_6.csv#256:384,testing/walnuts/walnuts_6.csv,nuts,nuts,recognize,0.7816552769218166,0.4935922551644528,0.6211432933687961,0.37885670663120385,True,False,outer-5-vegetables,closed_set,vegetables,False
testing/walnuts/walnuts_6.csv#384:512,testing/walnuts/walnuts_6.csv,nuts,nuts,recognize,0.7069547455274174,0.3519775211805586,0.49883081191679907,0.501169188083201,True,False,outer-5-vegetables,closed_set,vegetables,False
testing/walnuts/walnuts_6.csv#512:640,testing/walnuts/walnuts_6.csv,nuts,nuts,recognize,0.7335002847623535,0.08449504825817501,0.24895208767628396,0.751047912323716,True,False,outer-5-vegetables,closed_set,vegetables,False
testing/walnuts/walnuts_6.csv#640:768,testing/walnuts/walnuts_6.csv,nuts,herbs,recognize,0.8476635954274063,0.315231583210028,0.3721852211101604,0.6278147788898396,False,False,outer-5-vegetables,closed_set,vegetables,False
testing/asparagus/asparagus_6.csv#0:128,testing/asparagus/asparagus_6.csv,vegetables,herbs,recognize,0.7358783063693706,0.14321150789245743,0.23373537984407486,0.7662646201559251,False,False,outer-5-vegetables,closed_set,vegetables,True
testing/asparagus/asparagus_6.csv#128:256,testing/asparagus/asparagus_6.csv,vegetables,herbs,recognize,0.6581233167990475,0.30353594395707506,0.4469497535571085,0.5530502464428915,True,False,outer-5-vegetables,closed_set,vegetables,True
testing/asparagus/asparagus_6.csv#256:384,testing/asparagus/asparagus_6.csv,vegetables,herbs,recognize,0.9565677872059004,0.08507858126300168,0.28527781234678395,0.714722187653216,True,False,outer-5-vegetables,closed_set,vegetables,True
testing/asparagus/asparagus_6.csv#384:512,testing/asparagus/asparagus_6.csv,vegetables,herbs,recognize,0.6304797861982641,0.23545274571258226,0.3852897569059721,0.6147102430940279,True,False,outer-5-vegetables,closed_set,vegetables,True
testing/avocado/avocado_6.csv#0:128,testing/avocado/avocado_6.csv,vegetables,herbs,recognize,0.9294296860598105,0.2853317779248219,0.5149716737642516,0.48502832623574843,True,False,outer-5-vegetables,closed_set,vegetables,True
testing/avocado/avocado_6.csv#128:256,testing/avocado/avocado_6.csv,vegetables,herbs,recognize,0.8808635137433961,0.30677506571231994,0.5198335909810132,0.4801664090189868,True,False,outer-5-vegetables,closed_set,vegetables,True
testing/avocado/avocado_6.csv#256:384,testing/avocado/avocado_6.csv,vegetables,herbs,recognize,0.9335375255010208,0.250140112937395,0.4832340861943843,0.5167659138056158,True,False,outer-5-vegetables,closed_set,vegetables,True
testing/avocado/avocado_6.csv#384:512,testing/avocado/avocado_6.csv,vegetables,herbs,recognize,0.9530260772496354,0.26738227691044164,0.5047992496924237,0.49520075030757627,True,False,outer-5-vegetables,closed_set,vegetables,True
testing/broccoli/broccoli_6.csv#0:128,testing/broccoli/broccoli_6.csv,vegetables,herbs,recognize,0.8758409544968302,0.0385925486901373,0.18385030508877392,0.8161496949112261,True,False,outer-5-vegetables,closed_set,vegetables,True
testing/broccoli/broccoli_6.csv#128:256,testing/broccoli/broccoli_6.csv,vegetables,herbs,recognize,0.9959084695570557,0.11140240065994371,0.3330864667713572,0.6669135332286428,True,False,outer-5-vegetables,closed_set,vegetables,True
testing/broccoli/broccoli_6.csv#256:384,testing/broccoli/broccoli_6.csv,vegetables,herbs,recognize,0.9705889287627124,0.07351181111312437,0.26711373981825465,0.7328862601817454,True,False,outer-5-vegetables,closed_set,vegetables,True
testing/broccoli/broccoli_6.csv#384:512,testing/broccoli/broccoli_6.csv,vegetables,herbs,recognize,0.9878095327401152,0.0313080263413378,0.17585894026535048,0.8241410597346495,True,False,outer-5-vegetables,closed_set,vegetables,True
testing/brussel_sprouts/brussel_sprouts_6.csv#0:128,testing/brussel_sprouts/brussel_sprouts_6.csv,vegetables,nuts,recognize,0.4638136602831474,0.18909104921438635,0.21322579873469838,0.7867742012653016,False,False,outer-5-vegetables,closed_set,vegetables,True
testing/brussel_sprouts/brussel_sprouts_6.csv#128:256,testing/brussel_sprouts/brussel_sprouts_6.csv,vegetables,nuts,recognize,0.7236975031154471,0.45097392574113426,0.41132655660514933,0.5886734433948506,False,False,outer-5-vegetables,closed_set,vegetables,True
testing/brussel_sprouts/brussel_sprouts_6.csv#256:384,testing/brussel_sprouts/brussel_sprouts_6.csv,vegetables,nuts,recognize,0.3992544391502008,0.3660966356349544,0.2752676923927187,0.7247323076072814,False,False,outer-5-vegetables,closed_set,vegetables,True
testing/brussel_sprouts/brussel_sprouts_6.csv#384:512,testing/brussel_sprouts/brussel_sprouts_6.csv,vegetables,nuts,recognize,0.4608673598636965,0.39627203941036926,0.4273509665261792,0.5726490334738208,True,False,outer-5-vegetables,closed_set,vegetables,True
testing/cabbage/cabbage_6.csv#0:128,testing/cabbage/cabbage_6.csv,vegetables,herbs,recognize,0.602788979081361,0.22670274018441064,0.36966730084050975,0.6303326991594902,True,False,outer-5-vegetables,closed_set,vegetables,True
testing/cabbage/cabbage_6.csv#128:256,testing/cabbage/cabbage_6.csv,vegetables,herbs,recognize,0.6885239094438618,0.2590043427893783,0.4222921768873783,0.5777078231126217,True,False,outer-5-vegetables,closed_set,vegetables,True
testing/cabbage/cabbage_6.csv#256:384,testing/cabbage/cabbage_6.csv,vegetables,herbs,recognize,0.5812052090005854,0.25237658086527814,0.3829916231834022,0.6170083768165978,True,False,outer-5-vegetables,closed_set,vegetables,True
testing/cabbage/cabbage_6.csv#384:512,testing/cabbage/cabbage_6.csv,vegetables,herbs,recognize,0.659371076290336,0.24171743517987584,0.39922610810503645,0.6007738918949636,True,False,outer-5-vegetables,closed_set,vegetables,True
testing/cabbage/cabbage_6.csv#512:640,testing/cabbage/cabbage_6.csv,vegetables,herbs,recognize,0.5178656307052238,0.2036376223489381,0.3247413212590061,0.6752586787409939,True,False,outer-5-vegetables,closed_set,vegetables,True
testing/cauliflower/cauliflower_6.csv#0:128,testing/cauliflower/cauliflower_6.csv,vegetables,herbs,recognize,0.6003828144487865,0.24767801220826013,0.27764531486952354,0.7223546851304765,False,False,outer-5-vegetables,closed_set,vegetables,True
testing/cauliflower/cauliflower_6.csv#128:256,testing/cauliflower/cauliflower_6.csv,vegetables,nuts,recognize,0.5578338721702901,0.2508788784916556,0.37409722831737197,0.625902771682628,True,False,outer-5-vegetables,closed_set,vegetables,True
testing/cauliflower/cauliflower_6.csv#256:384,testing/cauliflower/cauliflower_6.csv,vegetables,herbs,recognize,0.5621469490120364,0.23840297782878855,0.26358049137362316,0.7364195086263768,False,False,outer-5-vegetables,closed_set,vegetables,True
testing/cauliflower/cauliflower_6.csv#384:512,testing/cauliflower/cauliflower_6.csv,vegetables,nuts,recognize,0.6570738083281163,0.23425933990042566,0.3923336292045373,0.6076663707954627,True,False,outer-5-vegetables,closed_set,vegetables,True
testing/potato/potato_6.csv#0:128,testing/potato/potato_6.csv,vegetables,spices,recognize,0.8483767048467143,0.07995997137133759,0.1875267292233534,0.8124732707766467,False,False,outer-5-vegetables,closed_set,vegetables,True
testing/potato/potato_6.csv#128:256,testing/potato/potato_6.csv,vegetables,herbs,recognize,0.39932976779983015,0.1661758996459163,0.1854737097399122,0.8145262902600878,False,False,outer-5-vegetables,closed_set,vegetables,True
testing/potato/potato_6.csv#256:384,testing/potato/potato_6.csv,vegetables,nuts,recognize,0.8641435444837218,0.2017740078369042,0.4175664094690432,0.5824335905309568,True,False,outer-5-vegetables,closed_set,vegetables,True
testing/potato/potato_6.csv#384:512,testing/potato/potato_6.csv,vegetables,spices,recognize,0.3915276247177047,0.11093696715644201,0.15005547489967233,0.8499445251003277,False,False,outer-5-vegetables,closed_set,vegetables,True
testing/radish/radish_6.csv#0:128,testing/radish/radish_6.csv,vegetables,herbs,recognize,0.8770688306368943,0.1785488653653062,0.3957267296474846,0.6042732703525153,True,False,outer-5-vegetables,closed_set,vegetables,True
testing/radish/radish_6.csv#128:256,testing/radish/radish_6.csv,vegetables,herbs,recognize,0.945281643882196,0.2047190467168666,0.43990585017082434,0.5600941498291756,True,False,outer-5-vegetables,closed_set,vegetables,True
testing/radish/radish_6.csv#256:384,testing/radish/radish_6.csv,vegetables,herbs,recognize,0.9585872612661728,0.1789384014902471,0.41415947679593523,0.5858405232040648,True,False,outer-5-vegetables,closed_set,vegetables,True
testing/radish/radish_6.csv#384:512,testing/radish/radish_6.csv,vegetables,herbs,recognize,0.9741942631898296,0.202569824780988,0.44423232795127315,0.5557676720487268,True,False,outer-5-vegetables,closed_set,vegetables,True
testing/radish/radish_6.csv#512:640,testing/radish/radish_6.csv,vegetables,herbs,recognize,0.9604669997202971,0.2350422589092849,0.47513191139101796,0.524868088608982,True,False,outer-5-vegetables,closed_set,vegetables,True
testing/sweet_potato/sweet_potato_6.csv#0:128,testing/sweet_potato/sweet_potato_6.csv,vegetables,herbs,recognize,0.9999518402077259,1.3682270851439564e-26,8.421726436613411e-14,0.9999999999999157,False,False,outer-5-vegetables,closed_set,vegetables,True
testing/sweet_potato/sweet_potato_6.csv#128:256,testing/sweet_potato/sweet_potato_6.csv,vegetables,herbs,recognize,0.9999913932334482,1.3993193979314644e-18,8.51704721413151e-10,0.9999999991482953,False,False,outer-5-vegetables,closed_set,vegetables,True
testing/sweet_potato/sweet_potato_6.csv#256:384,testing/sweet_potato/sweet_potato_6.csv,vegetables,spices,recognize,0.77424394039888,3.5512684895393447e-12,1.6581761392431508e-06,0.9999983418238607,True,False,outer-5-vegetables,closed_set,vegetables,True
testing/sweet_potato/sweet_potato_6.csv#384:512,testing/sweet_potato/sweet_potato_6.csv,vegetables,spices,recognize,0.8396435879693661,5.682382389487364e-09,6.907369931980703e-05,0.9999309263006801,True,False,outer-5-vegetables,closed_set,vegetables,True
testing/tomato/tomato_6.csv#0:128,testing/tomato/tomato_6.csv,vegetables,herbs,recognize,0.8870761511777043,0.36517570878571165,0.5691560965615842,0.43084390343841583,True,False,outer-5-vegetables,closed_set,vegetables,True
testing/tomato/tomato_6.csv#128:256,testing/tomato/tomato_6.csv,vegetables,herbs,recognize,0.9629885766001773,0.46666716921019114,0.670369415340345,0.329630584659655,True,False,outer-5-vegetables,closed_set,vegetables,True
testing/tomato/tomato_6.csv#256:384,testing/tomato/tomato_6.csv,vegetables,herbs,recognize,0.8362135577019505,0.4503536010045264,0.6136707479747424,0.3863292520252576,True,False,outer-5-vegetables,closed_set,vegetables,True
testing/tomato/tomato_6.csv#384:512,testing/tomato/tomato_6.csv,vegetables,herbs,recognize,0.788728534186993,0.5902658299327643,0.6823192088923908,0.31768079110760916,True,False,outer-5-vegetables,closed_set,vegetables,True
testing/allspice/allspice_6.csv#0:128,testing/allspice/allspice_6.csv,spices,spices,recognize,0.8635869804342322,0.2545124583295157,0.8635869804342322,0.1364130195657678,True,False,outer-5-vegetables,confidence_threshold,vegetables,False
testing/allspice/allspice_6.csv#128:256,testing/allspice/allspice_6.csv,spices,herbs,recognize,0.7770336843630147,0.20648844313172324,0.7770336843630147,0.22296631563698532,False,False,outer-5-vegetables,confidence_threshold,vegetables,False
testing/allspice/allspice_6.csv#256:384,testing/allspice/allspice_6.csv,spices,herbs,abstain_unknown,0.5560481560836485,0.10127334204737501,0.5560481560836485,0.44395184391635145,False,False,outer-5-vegetables,confidence_threshold,vegetables,False
testing/allspice/allspice_6.csv#384:512,testing/allspice/allspice_6.csv,spices,spices,abstain_unknown,0.5582442754939722,0.26675338800221854,0.5582442754939722,0.44175572450602785,True,False,outer-5-vegetables,confidence_threshold,vegetables,False
testing/almond/almond_6.csv#0:128,testing/almond/almond_6.csv,nuts,nuts,recognize,0.6897963404107887,0.5394231810329749,0.6897963404107887,0.31020365958921126,True,False,outer-5-vegetables,confidence_threshold,vegetables,False
testing/almond/almond_6.csv#128:256,testing/almond/almond_6.csv,nuts,nuts,abstain_unknown,0.6227412782339915,0.4862756907595022,0.6227412782339915,0.3772587217660085,True,False,outer-5-vegetables,confidence_threshold,vegetables,False
testing/almond/almond_6.csv#256:384,testing/almond/almond_6.csv,nuts,nuts,recognize,0.7327144019560515,0.45954595227036843,0.7327144019560515,0.26728559804394847,True,False,outer-5-vegetables,confidence_threshold,vegetables,False
testing/almond/almond_6.csv#384:512,testing/almond/almond_6.csv,nuts,nuts,recognize,0.8370523248274796,0.5405702978125053,0.8370523248274796,0.1629476751725204,True,False,outer-5-vegetables,confidence_threshold,vegetables,False
testing/angelica/angelica_6.csv#0:128,testing/angelica/angelica_6.csv,herbs,herbs,recognize,0.7412523342527813,0.2721250274192496,0.7412523342527813,0.25874766574721875,True,False,outer-5-vegetables,confidence_threshold,vegetables,False
testing/angelica/angelica_6.csv#128:256,testing/angelica/angelica_6.csv,herbs,herbs,recognize,0.8847302013130967,0.3948935661626867,0.8847302013130967,0.11526979868690335,True,False,outer-5-vegetables,confidence_threshold,vegetables,False
testing/angelica/angelica_6.csv#256:384,testing/angelica/angelica_6.csv,herbs,herbs,recognize,0.728426986813114,0.5063774548244087,0.728426986813114,0.271573013186886,True,False,outer-5-vegetables,confidence_threshold,vegetables,False
testing/angelica/angelica_6.csv#384:512,testing/angelica/angelica_6.csv,herbs,herbs,recognize,0.6649133518791758,0.34561453725769986,0.6649133518791758,0.3350866481208242,True,False,outer-5-vegetables,confidence_threshold,vegetables,False
testing/angelica/angelica_6.csv#512:640,testing/angelica/angelica_6.csv,herbs,herbs,recognize,0.7294985787291252,0.2790044742716415,0.7294985787291252,0.27050142127087484,True,False,outer-5-vegetables,confidence_threshold,vegetables,False
testing/brazil_nut/brazil_nut_6.csv#0:128,testing/brazil_nut/brazil_nut_6.csv,nuts,nuts,recognize,0.8934841462671788,0.5047610917406373,0.8934841462671788,0.10651585373282124,True,False,outer-5-vegetables,confidence_threshold,vegetables,False
testing/brazil_nut/brazil_nut_6.csv#128:256,testing/brazil_nut/brazil_nut_6.csv,nuts,nuts,recognize,0.6767967844578374,0.4505941794978032,0.6767967844578374,0.3232032155421626,True,False,outer-5-vegetables,confidence_threshold,vegetables,False
testing/brazil_nut/brazil_nut_6.csv#256:384,testing/brazil_nut/brazil_nut_6.csv,nuts,nuts,recognize,0.7038302491061541,0.45112617420642764,0.7038302491061541,0.2961697508938459,True,False,outer-5-vegetables,confidence_threshold,vegetables,False
testing/brazil_nut/brazil_nut_6.csv#384:512,testing/brazil_nut/brazil_nut_6.csv,nuts,nuts,recognize,0.9177316783056578,0.4899691718045927,0.9177316783056578,0.08226832169434217,True,False,outer-5-vegetables,confidence_threshold,vegetables,False
testing/cashew/cashew_6.csv#0:128,testing/cashew/cashew_6.csv,nuts,nuts,recognize,0.999903924657362,0.006036207713248895,0.999903924657362,9.607534263800233e-05,True,False,outer-5-vegetables,confidence_threshold,vegetables,False
testing/cashew/cashew_6.csv#128:256,testing/cashew/cashew_6.csv,nuts,nuts,recognize,0.8337868659415898,0.3258017285905705,0.8337868659415898,0.1662131340584102,True,False,outer-5-vegetables,confidence_threshold,vegetables,False
testing/cashew/cashew_6.csv#256:384,testing/cashew/cashew_6.csv,nuts,nuts,abstain_unknown,0.5547855230149883,0.27501992718455837,0.5547855230149883,0.4452144769850117,True,False,outer-5-vegetables,confidence_threshold,vegetables,False
testing/cashew/cashew_6.csv#384:512,testing/cashew/cashew_6.csv,nuts,nuts,recognize,0.6512479191142928,0.2344262755690342,0.6512479191142928,0.3487520808857072,True,False,outer-5-vegetables,confidence_threshold,vegetables,False
testing/chamomile/chamomile_6.csv#0:128,testing/chamomile/chamomile_6.csv,herbs,herbs,abstain_unknown,0.4529610213554032,0.21958302778345243,0.4529610213554032,0.5470389786445968,False,False,outer-5-vegetables,confidence_threshold,vegetables,False
testing/chamomile/chamomile_6.csv#128:256,testing/chamomile/chamomile_6.csv,herbs,nuts,abstain_unknown,0.4633445363196621,0.5069661017223315,0.4633445363196621,0.5366554636803379,True,False,outer-5-vegetables,confidence_threshold,vegetables,False
testing/chamomile/chamomile_6.csv#256:384,testing/chamomile/chamomile_6.csv,herbs,herbs,abstain_unknown,0.40303582790889714,0.5060071136818056,0.40303582790889714,0.5969641720911029,False,False,outer-5-vegetables,confidence_threshold,vegetables,False
testing/chamomile/chamomile_6.csv#384:512,testing/chamomile/chamomile_6.csv,herbs,spices,abstain_unknown,0.34318099453192247,0.47894776046956383,0.34318099453192247,0.6568190054680776,True,False,outer-5-vegetables,confidence_threshold,vegetables,False
testing/chervil/chervil_6.csv#0:128,testing/chervil/chervil_6.csv,spices,nuts,recognize,0.8605627187091439,0.31164349557213566,0.8605627187091439,0.13943728129085609,True,False,outer-5-vegetables,confidence_threshold,vegetables,False
testing/chervil/chervil_6.csv#128:256,testing/chervil/chervil_6.csv,spices,nuts,recognize,0.9764506219735201,0.24623917414031177,0.9764506219735201,0.02354937802647994,True,False,outer-5-vegetables,confidence_threshold,vegetables,False
testing/chervil/chervil_6.csv#256:384,testing/chervil/chervil_6.csv,spices,nuts,recognize,0.9754924822319687,0.30769038976616775,0.9754924822319687,0.024507517768031284,True,False,outer-5-vegetables,confidence_threshold,vegetables,False
testing/chervil/chervil_6.csv#384:512,testing/chervil/chervil_6.csv,spices,nuts,recognize,0.9979299222789875,0.07762508040598957,0.9979299222789875,0.002070077721012531,True,False,outer-5-vegetables,confidence_threshold,vegetables,False
testing/chestnuts/chestnuts_6.csv#0:128,testing/chestnuts/chestnuts_6.csv,nuts,nuts,abstain_unknown,0.4302312453016194,0.025191279216176782,0.4302312453016194,0.5697687546983806,True,False,outer-5-vegetables,confidence_threshold,vegetables,False
testing/chestnuts/chestnuts_6.csv#128:256,testing/chestnuts/chestnuts_6.csv,nuts,herbs,recognize,0.6535800499072331,0.14992529704067073,0.6535800499072331,0.34641995009276694,False,False,outer-5-vegetables,confidence_threshold,vegetables,False
testing/chestnuts/chestnuts_6.csv#256:384,testing/chestnuts/chestnuts_6.csv,nuts,herbs,recognize,0.6979513443114127,0.1598455397975896,0.6979513443114127,0.3020486556885873,False,False,outer-5-vegetables,confidence_threshold,vegetables,False
testing/chestnuts/chestnuts_6.csv#384:512,testing/chestnuts/chestnuts_6.csv,nuts,nuts,recognize,0.7833057428504111,0.025410036649851593,0.7833057428504111,0.2166942571495889,True,False,outer-5-vegetables,confidence_threshold,vegetables,False
testing/chives/chives_6.csv#0:128,testing/chives/chives_6.csv,herbs,nuts,recognize,0.6489168948852893,0.13684862246360122,0.6489168948852893,0.35108310511471075,True,False,outer-5-vegetables,confidence_threshold,vegetables,False
testing/chives/chives_6.csv#128:256,testing/chives/chives_6.csv,herbs,nuts,abstain_unknown,0.43864401245090434,0.2497109364907668,0.43864401245090434,0.5613559875490957,False,False,outer-5-vegetables,confidence_threshold,vegetables,False
testing/chives/chives_6.csv#256:384,testing/chives/chives_6.csv,herbs,nuts,recognize,0.7556114840801357,0.25293196121818695,0.7556114840801357,0.24438851591986432,False,False,outer-5-vegetables,confidence_threshold,vegetables,False
testing/chives/chives_6.csv#384:512,testing/chives/chives_6.csv,herbs,herbs,abstain_unknown,0.5377111017030123,0.45615315555131675,0.5377111017030123,0.4622888982969877,True,False,outer-5-vegetables,confidence_threshold,vegetables,False
testing/cinnamon/cinnamon_6.csv#0:128,testing/cinnamon/cinnamon_6.csv,spices,spices,abstain_unknown,0.5564452720701611,0.1700692451994566,0.5564452720701611,0.44355472792983885,True,False,outer-5-vegetables,confidence_threshold,vegetables,False
testing/cinnamon/cinnamon_6.csv#128:256,testing/cinnamon/cinnamon_6.csv,spices,herbs,recognize,0.9786723415116378,0.05915797871908774,0.9786723415116378,0.021327658488362156,False,False,outer-5-vegetables,confidence_threshold,vegetables,False
testing/cinnamon/cinnamon_6.csv#256:384,testing/cinnamon/cinnamon_6.csv,spices,herbs,abstain_unknown,0.6166387735010536,0.3143906850329245,0.6166387735010536,0.38336122649894644,False,False,outer-5-vegetables,confidence_threshold,vegetables,False
testing/cinnamon/cinnamon_6.csv#384:512,testing/cinnamon/cinnamon_6.csv,spices,herbs,recognize,0.8060695420872276,0.25170753782396804,0.8060695420872276,0.1939304579127724,False,False,outer-5-vegetables,confidence_threshold,vegetables,False
testing/cloves/cloves_6.csv#0:128,testing/cloves/cloves_6.csv,spices,spices,recognize,0.8340555961370585,0.18998949282037567,0.8340555961370585,0.16594440386294151,True,False,outer-5-vegetables,confidence_threshold,vegetables,False
testing/cloves/cloves_6.csv#128:256,testing/cloves/cloves_6.csv,spices,spices,recognize,0.9664570647564991,0.2716151001472245,0.9664570647564991,0.03354293524350094,True,False,outer-5-vegetables,confidence_threshold,vegetables,False
testing/cloves/cloves_6.csv#256:384,testing/cloves/cloves_6.csv,spices,spices,recognize,0.8254377581776841,0.27226206787813423,0.8254377581776841,0.17456224182231594,True,False,outer-5-vegetables,confidence_threshold,vegetables,False
testing/cloves/cloves_6.csv#384:512,testing/cloves/cloves_6.csv,spices,spices,recognize,0.8966987374633648,0.3409440355852999,0.8966987374633648,0.10330126253663519,True,False,outer-5-vegetables,confidence_threshold,vegetables,False
testing/coriander/coriander_6.csv#0:128,testing/coriander/coriander_6.csv,herbs,herbs,recognize,0.9408687534601137,0.19970721839397657,0.9408687534601137,0.05913124653988633,True,False,outer-5-vegetables,confidence_threshold,vegetables,False
testing/coriander/coriander_6.csv#128:256,testing/coriander/coriander_6.csv,herbs,herbs,recognize,0.7948162925574705,0.3821348924269195,0.7948162925574705,0.20518370744252945,True,False,outer-5-vegetables,confidence_threshold,vegetables,False
testing/coriander/coriander_6.csv#256:384,testing/coriander/coriander_6.csv,herbs,herbs,recognize,0.929698238530382,0.29342695635209637,0.929698238530382,0.07030176146961797,True,False,outer-5-vegetables,confidence_threshold,vegetables,False
testing/coriander/coriander_6.csv#384:512,testing/coriander/coriander_6.csv,herbs,herbs,recognize,0.9275557920889195,0.2646078134923169,0.9275557920889195,0.07244420791108053,True,False,outer-5-vegetables,confidence_threshold,vegetables,False
testing/cumin/cumin_6.csv#0:128,testing/cumin/cumin_6.csv,spices,spices,recognize,0.8960490384320184,0.0009398158860860205,0.8960490384320184,0.10395096156798156,True,False,outer-5-vegetables,confidence_threshold,vegetables,False
testing/cumin/cumin_6.csv#128:256,testing/cumin/cumin_6.csv,spices,spices,recognize,0.8422223814179439,0.07712666233850665,0.8422223814179439,0.15777761858205608,True,False,outer-5-vegetables,confidence_threshold,vegetables,False
testing/cumin/cumin_6.csv#256:384,testing/cumin/cumin_6.csv,spices,spices,recognize,0.9738643149275215,0.14610848210163832,0.9738643149275215,0.026135685072478543,True,False,outer-5-vegetables,confidence_threshold,vegetables,False
testing/cumin/cumin_6.csv#384:512,testing/cumin/cumin_6.csv,spices,spices,recognize,0.9425869448546251,0.17621952818466177,0.9425869448546251,0.05741305514537487,True,False,outer-5-vegetables,confidence_threshold,vegetables,False
testing/dill/dill_6.csv#0:128,testing/dill/dill_6.csv,herbs,herbs,recognize,0.9636772916040228,0.03195202428516614,0.9636772916040228,0.03632270839597718,True,False,outer-5-vegetables,confidence_threshold,vegetables,False
testing/dill/dill_6.csv#128:256,testing/dill/dill_6.csv,herbs,herbs,recognize,0.9983642871698746,0.07944999798930706,0.9983642871698746,0.0016357128301254242,True,False,outer-5-vegetables,confidence_threshold,vegetables,False
testing/dill/dill_6.csv#256:384,testing/dill/dill_6.csv,herbs,herbs,recognize,0.9991065301968408,0.06920173286919996,0.9991065301968408,0.0008934698031591859,True,False,outer-5-vegetables,confidence_threshold,vegetables,False
testing/dill/dill_6.csv#384:512,testing/dill/dill_6.csv,herbs,herbs,recognize,0.9922244318884778,0.06065227290695604,0.9922244318884778,0.007775568111522246,True,False,outer-5-vegetables,confidence_threshold,vegetables,False
testing/garlic/garlic_6.csv#0:128,testing/garlic/garlic_6.csv,herbs,nuts,abstain_unknown,0.6122047717370542,0.11901600397324588,0.6122047717370542,0.38779522826294577,False,False,outer-5-vegetables,confidence_threshold,vegetables,False
testing/garlic/garlic_6.csv#128:256,testing/garlic/garlic_6.csv,herbs,herbs,recognize,0.8958237315536239,0.33301454048642454,0.8958237315536239,0.10417626844637606,True,False,outer-5-vegetables,confidence_threshold,vegetables,False
testing/garlic/garlic_6.csv#256:384,testing/garlic/garlic_6.csv,herbs,herbs,recognize,0.9086154078609002,0.4133841613247422,0.9086154078609002,0.09138459213909977,True,False,outer-5-vegetables,confidence_threshold,vegetables,False
testing/garlic/garlic_6.csv#384:512,testing/garlic/garlic_6.csv,herbs,herbs,recognize,0.9443910571383632,0.44950552405786004,0.9443910571383632,0.055608942861636756,True,False,outer-5-vegetables,confidence_threshold,vegetables,False
testing/ginger/ginger_6.csv#0:128,testing/ginger/ginger_6.csv,spices,spices,recognize,0.930076217617702,0.2646659721678678,0.930076217617702,0.06992378238229802,True,False,outer-5-vegetables,confidence_threshold,vegetables,False
testing/ginger/ginger_6.csv#128:256,testing/ginger/ginger_6.csv,spices,spices,abstain_unknown,0.5151202181979286,0.31443456166747025,0.5151202181979286,0.48487978180207136,True,False,outer-5-vegetables,confidence_threshold,vegetables,False
testing/ginger/ginger_6.csv#256:384,testing/ginger/ginger_6.csv,spices,spices,recognize,0.7064153824447125,0.39084522758785933,0.7064153824447125,0.29358461755528753,True,False,outer-5-vegetables,confidence_threshold,vegetables,False
testing/ginger/ginger_6.csv#384:512,testing/ginger/ginger_6.csv,spices,spices,recognize,0.7715794310107024,0.3584403391330486,0.7715794310107024,0.22842056898929763,True,False,outer-5-vegetables,confidence_threshold,vegetables,False
testing/hazelnut/hazelnut_6.csv#0:128,testing/hazelnut/hazelnut_6.csv,nuts,nuts,recognize,0.9436965172944483,0.5651267135589094,0.9436965172944483,0.056303482705551744,True,False,outer-5-vegetables,confidence_threshold,vegetables,False
testing/hazelnut/hazelnut_6.csv#128:256,testing/hazelnut/hazelnut_6.csv,nuts,nuts,recognize,0.8421479234324071,0.6298755578082086,0.8421479234324071,0.15785207656759292,True,False,outer-5-vegetables,confidence_threshold,vegetables,False
testing/hazelnut/hazelnut_6.csv#256:384,testing/hazelnut/hazelnut_6.csv,nuts,nuts,recognize,0.9114698983067878,0.5716839228570236,0.9114698983067878,0.08853010169321218,True,False,outer-5-vegetables,confidence_threshold,vegetables,False
testing/hazelnut/hazelnut_6.csv#384:512,testing/hazelnut/hazelnut_6.csv,nuts,nuts,recognize,0.8776337966381345,0.5575498226816316,0.8776337966381345,0.12236620336186554,True,False,outer-5-vegetables,confidence_threshold,vegetables,False
testing/mint/mint_6.csv#0:128,testing/mint/mint_6.csv,herbs,nuts,recognize,0.9646472880336565,0.09067047863497217,0.9646472880336565,0.035352711966343486,True,False,outer-5-vegetables,confidence_threshold,vegetables,False
testing/mint/mint_6.csv#128:256,testing/mint/mint_6.csv,herbs,herbs,abstain_unknown,0.4613016062234926,0.139752809141212,0.4613016062234926,0.5386983937765074,False,False,outer-5-vegetables,confidence_threshold,vegetables,False
testing/mint/mint_6.csv#256:384,testing/mint/mint_6.csv,herbs,herbs,recognize,0.7560620511919883,0.06150797306832603,0.7560620511919883,0.24393794880801167,False,False,outer-5-vegetables,confidence_threshold,vegetables,False
testing/mint/mint_6.csv#384:512,testing/mint/mint_6.csv,herbs,herbs,abstain_unknown,0.6296839127492547,0.25821186605794083,0.6296839127492547,0.3703160872507453,True,False,outer-5-vegetables,confidence_threshold,vegetables,False
testing/mugwort/mugwort_6.csv#0:128,testing/mugwort/mugwort_6.csv,herbs,herbs,recognize,0.809293637543261,0.49117009530205297,0.809293637543261,0.190706362456739,True,False,outer-5-vegetables,confidence_threshold,vegetables,False
testing/mugwort/mugwort_6.csv#128:256,testing/mugwort/mugwort_6.csv,herbs,herbs,abstain_unknown,0.5253889153483489,0.41729263522616017,0.5253889153483489,0.47461108465165114,True,False,outer-5-vegetables,confidence_threshold,vegetables,False
testing/mugwort/mugwort_6.csv#256:384,testing/mugwort/mugwort_6.csv,herbs,herbs,recognize,0.8915310009021105,0.4833759502777733,0.8915310009021105,0.10846899909788954,True,False,outer-5-vegetables,confidence_threshold,vegetables,False
testing/mugwort/mugwort_6.csv#384:512,testing/mugwort/mugwort_6.csv,herbs,herbs,recognize,0.902954536521553,0.5270794700150315,0.902954536521553,0.097045463478447,True,False,outer-5-vegetables,confidence_threshold,vegetables,False
testing/mustard/mustard_6.csv#0:128,testing/mustard/mustard_6.csv,spices,nuts,recognize,0.8207618982888772,0.4566528347383272,0.8207618982888772,0.17923810171112275,False,False,outer-5-vegetables,confidence_threshold,vegetables,False
testing/mustard/mustard_6.csv#128:256,testing/mustard/mustard_6.csv,spices,herbs,abstain_unknown,0.5036054358717946,0.4869088633759491,0.5036054358717946,0.4963945641282054,False,False,outer-5-vegetables,confidence_threshold,vegetables,False
testing/mustard/mustard_6.csv#256:384,testing/mustard/mustard_6.csv,spices,nuts,abstain_unknown,0.5663585840128689,0.6208358332036631,0.5663585840128689,0.43364141598713113,False,False,outer-5-vegetables,confidence_threshold,vegetables,False
testing/mustard/mustard_6.csv#384:512,testing/mustard/mustard_6.csv,spices,herbs,abstain_unknown,0.4576309850261414,0.5584433380069872,0.4576309850261414,0.5423690149738586,False,False,outer-5-vegetables,confidence_threshold,vegetables,False
testing/nutmeg/nutmeg_6.csv#0:128,testing/nutmeg/nutmeg_6.csv,spices,spices,recognize,0.9999955499437929,0.013410721913571042,0.9999955499437929,4.450056207083719e-06,True,False,outer-5-vegetables,confidence_threshold,vegetables,False
testing/nutmeg/nutmeg_6.csv#128:256,testing/nutmeg/nutmeg_6.csv,spices,spices,recognize,0.9999997755373451,0.05363925231412585,0.9999997755373451,2.2446265490749795e-07,True,False,outer-5-vegetables,confidence_threshold,vegetables,False
testing/nutmeg/nutmeg_6.csv#256:384,testing/nutmeg/nutmeg_6.csv,spices,spices,recognize,0.9999953719374108,0.028966509800994605,0.9999953719374108,4.628062589162596e-06,True,False,outer-5-vegetables,confidence_threshold,vegetables,False
testing/nutmeg/nutmeg_6.csv#384:512,testing/nutmeg/nutmeg_6.csv,spices,spices,recognize,0.9999989743036799,0.10408063477067925,0.9999989743036799,1.025696320100522e-06,True,False,outer-5-vegetables,confidence_threshold,vegetables,False
testing/oregano/oregano_6.csv#0:128,testing/oregano/oregano_6.csv,herbs,herbs,recognize,0.7710620269698882,0.01020757368965513,0.7710620269698882,0.22893797303011176,True,False,outer-5-vegetables,confidence_threshold,vegetables,False
testing/oregano/oregano_6.csv#128:256,testing/oregano/oregano_6.csv,herbs,herbs,abstain_unknown,0.5127492680003929,0.024483544939986057,0.5127492680003929,0.4872507319996071,True,False,outer-5-vegetables,confidence_threshold,vegetables,False
testing/oregano/oregano_6.csv#256:384,testing/oregano/oregano_6.csv,herbs,spices,recognize,0.8491939596886761,0.05294130031135438,0.8491939596886761,0.15080604031132394,False,False,outer-5-vegetables,confidence_threshold,vegetables,False
testing/oregano/oregano_6.csv#384:512,testing/oregano/oregano_6.csv,herbs,spices,recognize,0.9707292287002981,0.08220037456582899,0.9707292287002981,0.029270771299701903,False,False,outer-5-vegetables,confidence_threshold,vegetables,False
testing/peanuts/peanuts_6.csv#0:128,testing/peanuts/peanuts_6.csv,nuts,nuts,recognize,0.9581036855358498,0.4934652717473386,0.9581036855358498,0.04189631446415021,True,False,outer-5-vegetables,confidence_threshold,vegetables,False
testing/peanuts/peanuts_6.csv#128:256,testing/peanuts/peanuts_6.csv,nuts,nuts,recognize,0.8866815739945701,0.48825870622197537,0.8866815739945701,0.11331842600542985,True,False,outer-5-vegetables,confidence_threshold,vegetables,False
testing/peanuts/peanuts_6.csv#256:384,testing/peanuts/peanuts_6.csv,nuts,nuts,recognize,0.8866548325666784,0.47542741482212864,0.8866548325666784,0.11334516743332157,True,False,outer-5-vegetables,confidence_threshold,vegetables,False
testing/peanuts/peanuts_6.csv#384:512,testing/peanuts/peanuts_6.csv,nuts,nuts,recognize,0.8972533457089832,0.34143604406790695,0.8972533457089832,0.10274665429101681,True,False,outer-5-vegetables,confidence_threshold,vegetables,False
testing/pecans/pecans_6.csv#0:128,testing/pecans/pecans_6.csv,nuts,nuts,recognize,0.9552726704643973,0.2229846381569934,0.9552726704643973,0.044727329535602656,False,False,outer-5-vegetables,confidence_threshold,vegetables,False
testing/pecans/pecans_6.csv#128:256,testing/pecans/pecans_6.csv,nuts,nuts,recognize,0.9692003534490351,0.2048364782887754,0.9692003534490351,0.0307996465509649,True,False,outer-5-vegetables,confidence_threshold,vegetables,False
testing/pecans/pecans_6.csv#256:384,testing/pecans/pecans_6.csv,nuts,nuts,recognize,0.7790830597770205,0.3322970551956448,0.7790830597770205,0.22091694022297947,True,False,outer-5-vegetables,confidence_threshold,vegetables,False
testing/pecans/pecans_6.csv#384:512,testing/pecans/pecans_6.csv,nuts,nuts,recognize,0.6430688921072756,0.22766701726263625,0.6430688921072756,0.3569311078927244,True,False,outer-5-vegetables,confidence_threshold,vegetables,False
testing/pili_nut/pili_nut_6.csv#0:128,testing/pili_nut/pili_nut_6.csv,nuts,nuts,recognize,0.9126112608131713,0.2315507238944284,0.9126112608131713,0.08738873918682866,True,False,outer-5-vegetables,confidence_threshold,vegetables,False
testing/pili_nut/pili_nut_6.csv#128:256,testing/pili_nut/pili_nut_6.csv,nuts,nuts,recognize,0.880460102400345,0.28363427539327685,0.880460102400345,0.119539897599655,True,False,outer-5-vegetables,confidence_threshold,vegetables,False
testing/pili_nut/pili_nut_6.csv#256:384,testing/pili_nut/pili_nut_6.csv,nuts,nuts,recognize,0.979270129529467,0.29144103402736093,0.979270129529467,0.020729870470532985,True,False,outer-5-vegetables,confidence_threshold,vegetables,False
testing/pili_nut/pili_nut_6.csv#384:512,testing/pili_nut/pili_nut_6.csv,nuts,nuts,recognize,0.7388713321334682,0.2410639200175362,0.7388713321334682,0.26112866786653177,True,False,outer-5-vegetables,confidence_threshold,vegetables,False
testing/pistachios/pistachios_6.csv#0:128,testing/pistachios/pistachios_6.csv,nuts,nuts,recognize,0.886119877663912,0.6576199421102056,0.886119877663912,0.11388012233608802,True,False,outer-5-vegetables,confidence_threshold,vegetables,False
testing/pistachios/pistachios_6.csv#128:256,testing/pistachios/pistachios_6.csv,nuts,nuts,recognize,0.9346144908304647,0.6394393452741635,0.9346144908304647,0.06538550916953534,True,False,outer-5-vegetables,confidence_threshold,vegetables,False
testing/pistachios/pistachios_6.csv#256:384,testing/pistachios/pistachios_6.csv,nuts,nuts,recognize,0.7215377498466701,0.6093529060331886,0.7215377498466701,0.2784622501533299,True,False,outer-5-vegetables,confidence_threshold,vegetables,False
testing/pistachios/pistachios_6.csv#384:512,testing/pistachios/pistachios_6.csv,nuts,nuts,recognize,0.9623745460341127,0.48957947734560364,0.9623745460341127,0.037625453965887345,True,False,outer-5-vegetables,confidence_threshold,vegetables,False
testing/pistachios/pistachios_6.csv#512:640,testing/pistachios/pistachios_6.csv,nuts,nuts,recognize,0.8335690427514776,0.6235025880320728,0.8335690427514776,0.16643095724852242,True,False,outer-5-vegetables,confidence_threshold,vegetables,False
testing/saffron/saffron_6.csv#0:128,testing/saffron/saffron_6.csv,spices,nuts,abstain_unknown,0.4157465592543856,0.540171803627671,0.4157465592543856,0.5842534407456144,False,False,outer-5-vegetables,confidence_threshold,vegetables,False
testing/saffron/saffron_6.csv#128:256,testing/saffron/saffron_6.csv,spices,spices,recognize,0.7358571001566462,0.5632687997425294,0.7358571001566462,0.2641428998433538,True,False,outer-5-vegetables,confidence_threshold,vegetables,False
testing/saffron/saffron_6.csv#256:384,testing/saffron/saffron_6.csv,spices,spices,abstain_unknown,0.5724961222126725,0.5101643481741959,0.5724961222126725,0.42750387778732746,True,False,outer-5-vegetables,confidence_threshold,vegetables,False
testing/saffron/saffron_6.csv#384:512,testing/saffron/saffron_6.csv,spices,spices,recognize,0.9475559253366371,0.4564180106161616,0.9475559253366371,0.05244407466336287,True,False,outer-5-vegetables,confidence_threshold,vegetables,False
testing/star_anise/star_anise_6.csv#0:128,testing/star_anise/star_anise_6.csv,spices,spices,recognize,0.8631329037968212,0.4378940209564663,0.8631329037968212,0.13686709620317883,True,False,outer-5-vegetables,confidence_threshold,vegetables,False
testing/star_anise/star_anise_6.csv#128:256,testing/star_anise/star_anise_6.csv,spices,spices,recognize,0.7698020172394369,0.5234071387266103,0.7698020172394369,0.23019798276056314,True,False,outer-5-vegetables,confidence_threshold,vegetables,False
testing/star_anise/star_anise_6.csv#256:384,testing/star_anise/star_anise_6.csv,spices,spices,recognize,0.8421416442246789,0.4559633436222135,0.8421416442246789,0.15785835577532115,True,False,outer-5-vegetables,confidence_threshold,vegetables,False
testing/star_anise/star_anise_6.csv#384:512,testing/star_anise/star_anise_6.csv,spices,spices,recognize,0.8155792946067649,0.4368865110479219,0.8155792946067649,0.18442070539323507,True,False,outer-5-vegetables,confidence_threshold,vegetables,False
testing/turnip/turnip_6.csv#0:128,testing/turnip/turnip_6.csv,herbs,herbs,recognize,0.9854794968866926,0.22942157358116533,0.9854794968866926,0.014520503113307437,True,False,outer-5-vegetables,confidence_threshold,vegetables,False
testing/turnip/turnip_6.csv#128:256,testing/turnip/turnip_6.csv,herbs,herbs,recognize,0.9856828701477973,0.37263324821163774,0.9856828701477973,0.014317129852202681,True,False,outer-5-vegetables,confidence_threshold,vegetables,False
testing/turnip/turnip_6.csv#256:384,testing/turnip/turnip_6.csv,herbs,herbs,recognize,0.9830184150192841,0.3033738220253003,0.9830184150192841,0.01698158498071589,True,False,outer-5-vegetables,confidence_threshold,vegetables,False
testing/turnip/turnip_6.csv#384:512,testing/turnip/turnip_6.csv,herbs,herbs,recognize,0.9831740937437891,0.14881566120847012,0.9831740937437891,0.016825906256210943,True,False,outer-5-vegetables,confidence_threshold,vegetables,False
testing/walnuts/walnuts_6.csv#0:128,testing/walnuts/walnuts_6.csv,nuts,nuts,recognize,0.8048744420218302,0.24758067233421266,0.8048744420218302,0.19512555797816977,True,False,outer-5-vegetables,confidence_threshold,vegetables,False
testing/walnuts/walnuts_6.csv#128:256,testing/walnuts/walnuts_6.csv,nuts,nuts,recognize,0.7799349111428074,0.3511731399106282,0.7799349111428074,0.22006508885719256,True,False,outer-5-vegetables,confidence_threshold,vegetables,False
testing/walnuts/walnuts_6.csv#256:384,testing/walnuts/walnuts_6.csv,nuts,nuts,recognize,0.7816552769218166,0.4935922551644528,0.7816552769218166,0.21834472307818342,True,False,outer-5-vegetables,confidence_threshold,vegetables,False
testing/walnuts/walnuts_6.csv#384:512,testing/walnuts/walnuts_6.csv,nuts,nuts,recognize,0.7069547455274174,0.3519775211805586,0.7069547455274174,0.29304525447258256,True,False,outer-5-vegetables,confidence_threshold,vegetables,False
testing/walnuts/walnuts_6.csv#512:640,testing/walnuts/walnuts_6.csv,nuts,nuts,recognize,0.7335002847623535,0.08449504825817501,0.7335002847623535,0.2664997152376465,True,False,outer-5-vegetables,confidence_threshold,vegetables,False
testing/walnuts/walnuts_6.csv#640:768,testing/walnuts/walnuts_6.csv,nuts,herbs,recognize,0.8476635954274063,0.315231583210028,0.8476635954274063,0.15233640457259368,False,False,outer-5-vegetables,confidence_threshold,vegetables,False
testing/asparagus/asparagus_6.csv#0:128,testing/asparagus/asparagus_6.csv,vegetables,herbs,recognize,0.7358783063693706,0.14321150789245743,0.7358783063693706,0.26412169363062943,False,False,outer-5-vegetables,confidence_threshold,vegetables,True
testing/asparagus/asparagus_6.csv#128:256,testing/asparagus/asparagus_6.csv,vegetables,herbs,recognize,0.6581233167990475,0.30353594395707506,0.6581233167990475,0.34187668320095255,True,False,outer-5-vegetables,confidence_threshold,vegetables,True
testing/asparagus/asparagus_6.csv#256:384,testing/asparagus/asparagus_6.csv,vegetables,herbs,recognize,0.9565677872059004,0.08507858126300168,0.9565677872059004,0.04343221279409959,True,False,outer-5-vegetables,confidence_threshold,vegetables,True
testing/asparagus/asparagus_6.csv#384:512,testing/asparagus/asparagus_6.csv,vegetables,herbs,abstain_unknown,0.6304797861982641,0.23545274571258226,0.6304797861982641,0.36952021380173594,True,False,outer-5-vegetables,confidence_threshold,vegetables,True
testing/avocado/avocado_6.csv#0:128,testing/avocado/avocado_6.csv,vegetables,herbs,recognize,0.9294296860598105,0.2853317779248219,0.9294296860598105,0.07057031394018953,True,False,outer-5-vegetables,confidence_threshold,vegetables,True
testing/avocado/avocado_6.csv#128:256,testing/avocado/avocado_6.csv,vegetables,herbs,recognize,0.8808635137433961,0.30677506571231994,0.8808635137433961,0.11913648625660389,True,False,outer-5-vegetables,confidence_threshold,vegetables,True
testing/avocado/avocado_6.csv#256:384,testing/avocado/avocado_6.csv,vegetables,herbs,recognize,0.9335375255010208,0.250140112937395,0.9335375255010208,0.06646247449897924,True,False,outer-5-vegetables,confidence_threshold,vegetables,True
testing/avocado/avocado_6.csv#384:512,testing/avocado/avocado_6.csv,vegetables,herbs,recognize,0.9530260772496354,0.26738227691044164,0.9530260772496354,0.046973922750364605,True,False,outer-5-vegetables,confidence_threshold,vegetables,True
testing/broccoli/broccoli_6.csv#0:128,testing/broccoli/broccoli_6.csv,vegetables,herbs,recognize,0.8758409544968302,0.0385925486901373,0.8758409544968302,0.12415904550316981,True,False,outer-5-vegetables,confidence_threshold,vegetables,True
testing/broccoli/broccoli_6.csv#128:256,testing/broccoli/broccoli_6.csv,vegetables,herbs,recognize,0.9959084695570557,0.11140240065994371,0.9959084695570557,0.004091530442944302,True,False,outer-5-vegetables,confidence_threshold,vegetables,True
testing/broccoli/broccoli_6.csv#256:384,testing/broccoli/broccoli_6.csv,vegetables,herbs,recognize,0.9705889287627124,0.07351181111312437,0.9705889287627124,0.02941107123728759,True,False,outer-5-vegetables,confidence_threshold,vegetables,True
testing/broccoli/broccoli_6.csv#384:512,testing/broccoli/broccoli_6.csv,vegetables,herbs,recognize,0.9878095327401152,0.0313080263413378,0.9878095327401152,0.012190467259884818,True,False,outer-5-vegetables,confidence_threshold,vegetables,True
testing/brussel_sprouts/brussel_sprouts_6.csv#0:128,testing/brussel_sprouts/brussel_sprouts_6.csv,vegetables,nuts,abstain_unknown,0.4638136602831474,0.18909104921438635,0.4638136602831474,0.5361863397168526,False,False,outer-5-vegetables,confidence_threshold,vegetables,True
testing/brussel_sprouts/brussel_sprouts_6.csv#128:256,testing/brussel_sprouts/brussel_sprouts_6.csv,vegetables,nuts,recognize,0.7236975031154471,0.45097392574113426,0.7236975031154471,0.2763024968845529,False,False,outer-5-vegetables,confidence_threshold,vegetables,True
testing/brussel_sprouts/brussel_sprouts_6.csv#256:384,testing/brussel_sprouts/brussel_sprouts_6.csv,vegetables,nuts,abstain_unknown,0.3992544391502008,0.3660966356349544,0.3992544391502008,0.6007455608497991,False,False,outer-5-vegetables,confidence_threshold,vegetables,True
testing/brussel_sprouts/brussel_sprouts_6.csv#384:512,testing/brussel_sprouts/brussel_sprouts_6.csv,vegetables,nuts,abstain_unknown,0.4608673598636965,0.39627203941036926,0.4608673598636965,0.5391326401363035,True,False,outer-5-vegetables,confidence_threshold,vegetables,True
testing/cabbage/cabbage_6.csv#0:128,testing/cabbage/cabbage_6.csv,vegetables,herbs,abstain_unknown,0.602788979081361,0.22670274018441064,0.602788979081361,0.397211020918639,True,False,outer-5-vegetables,confidence_threshold,vegetables,True
testing/cabbage/cabbage_6.csv#128:256,testing/cabbage/cabbage_6.csv,vegetables,herbs,recognize,0.6885239094438618,0.2590043427893783,0.6885239094438618,0.31147609055613823,True,False,outer-5-vegetables,confidence_threshold,vegetables,True
testing/cabbage/cabbage_6.csv#256:384,testing/cabbage/cabbage_6.csv,vegetables,herbs,abstain_unknown,0.5812052090005854,0.25237658086527814,0.5812052090005854,0.41879479099941463,True,False,outer-5-vegetables,confidence_threshold,vegetables,True
testing/cabbage/cabbage_6.csv#384:512,testing/cabbage/cabbage_6.csv,vegetables,herbs,recognize,0.659371076290336,0.24171743517987584,0.659371076290336,0.340628923709664,True,False,outer-5-vegetables,confidence_threshold,vegetables,True
testing/cabbage/cabbage_6.csv#512:640,testing/cabbage/cabbage_6.csv,vegetables,herbs,abstain_unknown,0.5178656307052238,0.2036376223489381,0.5178656307052238,0.48213436929477616,True,False,outer-5-vegetables,confidence_threshold,vegetables,True
testing/cauliflower/cauliflower_6.csv#0:128,testing/cauliflower/cauliflower_6.csv,vegetables,herbs,abstain_unknown,0.6003828144487865,0.24767801220826013,0.6003828144487865,0.3996171855512135,False,False,outer-5-vegetables,confidence_threshold,vegetables,True
testing/cauliflower/cauliflower_6.csv#128:256,testing/cauliflower/cauliflower_6.csv,vegetables,nuts,abstain_unknown,0.5578338721702901,0.2508788784916556,0.5578338721702901,0.4421661278297099,True,False,outer-5-vegetables,confidence_threshold,vegetables,True
testing/cauliflower/cauliflower_6.csv#256:384,testing/cauliflower/cauliflower_6.csv,vegetables,herbs,abstain_unknown,0.5621469490120364,0.23840297782878855,0.5621469490120364,0.43785305098796357,False,False,outer-5-vegetables,confidence_threshold,vegetables,True
testing/cauliflower/cauliflower_6.csv#384:512,testing/cauliflower/cauliflower_6.csv,vegetables,nuts,recognize,0.6570738083281163,0.23425933990042566,0.6570738083281163,0.34292619167188365,True,False,outer-5-vegetables,confidence_threshold,vegetables,True
testing/potato/potato_6.csv#0:128,testing/potato/potato_6.csv,vegetables,spices,recognize,0.8483767048467143,0.07995997137133759,0.8483767048467143,0.15162329515328565,False,False,outer-5-vegetables,confidence_threshold,vegetables,True
testing/potato/potato_6.csv#128:256,testing/potato/potato_6.csv,vegetables,herbs,abstain_unknown,0.39932976779983015,0.1661758996459163,0.39932976779983015,0.6006702322001698,False,False,outer-5-vegetables,confidence_threshold,vegetables,True
testing/potato/potato_6.csv#256:384,testing/potato/potato_6.csv,vegetables,nuts,recognize,0.8641435444837218,0.2017740078369042,0.8641435444837218,0.13585645551627823,True,False,outer-5-vegetables,confidence_threshold,vegetables,True
testing/potato/potato_6.csv#384:512,testing/potato/potato_6.csv,vegetables,spices,abstain_unknown,0.3915276247177047,0.11093696715644201,0.3915276247177047,0.6084723752822954,False,False,outer-5-vegetables,confidence_threshold,vegetables,True
testing/radish/radish_6.csv#0:128,testing/radish/radish_6.csv,vegetables,herbs,recognize,0.8770688306368943,0.1785488653653062,0.8770688306368943,0.12293116936310566,True,False,outer-5-vegetables,confidence_threshold,vegetables,True
testing/radish/radish_6.csv#128:256,testing/radish/radish_6.csv,vegetables,herbs,recognize,0.945281643882196,0.2047190467168666,0.945281643882196,0.05471835611780396,True,False,outer-5-vegetables,confidence_threshold,vegetables,True
testing/radish/radish_6.csv#256:384,testing/radish/radish_6.csv,vegetables,herbs,recognize,0.9585872612661728,0.1789384014902471,0.9585872612661728,0.041412738733827226,True,False,outer-5-vegetables,confidence_threshold,vegetables,True
testing/radish/radish_6.csv#384:512,testing/radish/radish_6.csv,vegetables,herbs,recognize,0.9741942631898296,0.202569824780988,0.9741942631898296,0.0258057368101704,True,False,outer-5-vegetables,confidence_threshold,vegetables,True
testing/radish/radish_6.csv#512:640,testing/radish/radish_6.csv,vegetables,herbs,recognize,0.9604669997202971,0.2350422589092849,0.9604669997202971,0.03953300027970286,True,False,outer-5-vegetables,confidence_threshold,vegetables,True
testing/sweet_potato/sweet_potato_6.csv#0:128,testing/sweet_potato/sweet_potato_6.csv,vegetables,herbs,recognize,0.9999518402077259,1.3682270851439564e-26,0.9999518402077259,4.8159792274127255e-05,False,False,outer-5-vegetables,confidence_threshold,vegetables,True
testing/sweet_potato/sweet_potato_6.csv#128:256,testing/sweet_potato/sweet_potato_6.csv,vegetables,herbs,recognize,0.9999913932334482,1.3993193979314644e-18,0.9999913932334482,8.606766551788603e-06,False,False,outer-5-vegetables,confidence_threshold,vegetables,True
testing/sweet_potato/sweet_potato_6.csv#256:384,testing/sweet_potato/sweet_potato_6.csv,vegetables,spices,recognize,0.77424394039888,3.5512684895393447e-12,0.77424394039888,0.22575605960112,True,False,outer-5-vegetables,confidence_threshold,vegetables,True
testing/sweet_potato/sweet_potato_6.csv#384:512,testing/sweet_potato/sweet_potato_6.csv,vegetables,spices,recognize,0.8396435879693661,5.682382389487364e-09,0.8396435879693661,0.1603564120306339,True,False,outer-5-vegetables,confidence_threshold,vegetables,True
testing/tomato/tomato_6.csv#0:128,testing/tomato/tomato_6.csv,vegetables,herbs,recognize,0.8870761511777043,0.36517570878571165,0.8870761511777043,0.11292384882229567,True,False,outer-5-vegetables,confidence_threshold,vegetables,True
testing/tomato/tomato_6.csv#128:256,testing/tomato/tomato_6.csv,vegetables,herbs,recognize,0.9629885766001773,0.46666716921019114,0.9629885766001773,0.03701142339982266,True,False,outer-5-vegetables,confidence_threshold,vegetables,True
testing/tomato/tomato_6.csv#256:384,testing/tomato/tomato_6.csv,vegetables,herbs,recognize,0.8362135577019505,0.4503536010045264,0.8362135577019505,0.1637864422980495,True,False,outer-5-vegetables,confidence_threshold,vegetables,True
testing/tomato/tomato_6.csv#384:512,testing/tomato/tomato_6.csv,vegetables,herbs,recognize,0.788728534186993,0.5902658299327643,0.788728534186993,0.21127146581300704,True,False,outer-5-vegetables,confidence_threshold,vegetables,True
testing/allspice/allspice_6.csv#0:128,testing/allspice/allspice_6.csv,spices,spices,recognize,0.8635869804342322,0.2545124583295157,0.4688215496024898,0.5311784503975102,True,False,outer-5-vegetables,sentinel_initial,vegetables,False
testing/allspice/allspice_6.csv#128:256,testing/allspice/allspice_6.csv,spices,herbs,abstain_unknown,0.7770336843630147,0.20648844313172324,0.2884033457264692,0.7115966542735308,False,False,outer-5-vegetables,sentinel_initial,vegetables,False
testing/allspice/allspice_6.csv#256:384,testing/allspice/allspice_6.csv,spices,herbs,abstain_unknown,0.5560481560836485,0.10127334204737501,0.17085837435397713,0.8291416256460229,False,False,outer-5-vegetables,sentinel_initial,vegetables,False
testing/allspice/allspice_6.csv#384:512,testing/allspice/allspice_6.csv,spices,spices,recognize,0.5582442754939722,0.26675338800221854,0.3858931870619912,0.6141068129380087,True,False,outer-5-vegetables,sentinel_initial,vegetables,False
testing/almond/almond_6.csv#0:128,testing/almond/almond_6.csv,nuts,nuts,recognize,0.6897963404107887,0.5394231810329749,0.6099935542358562,0.3900064457641438,True,False,outer-5-vegetables,sentinel_initial,vegetables,False
testing/almond/almond_6.csv#128:256,testing/almond/almond_6.csv,nuts,nuts,recognize,0.6227412782339915,0.4862756907595022,0.5502944168694515,0.44970558313054854,True,False,outer-5-vegetables,sentinel_initial,vegetables,False
testing/almond/almond_6.csv#256:384,testing/almond/almond_6.csv,nuts,nuts,recognize,0.7327144019560515,0.45954595227036843,0.5802722960723761,0.41972770392762393,True,False,outer-5-vegetables,sentinel_initial,vegetables,False
testing/almond/almond_6.csv#384:512,testing/almond/almond_6.csv,nuts,nuts,recognize,0.8370523248274796,0.5405702978125053,0.672670517056189,0.32732948294381103,True,False,outer-5-vegetables,sentinel_initial,vegetables,False
testing/angelica/angelica_6.csv#0:128,testing/angelica/angelica_6.csv,herbs,herbs,recognize,0.7412523342527813,0.2721250274192496,0.44912505138671666,0.5508749486132833,True,False,outer-5-vegetables,sentinel_initial,vegetables,False
testing/angelica/angelica_6.csv#128:256,testing/angelica/angelica_6.csv,herbs,herbs,recognize,0.8847302013130967,0.3948935661626867,0.5910788985307803,0.40892110146921967,True,False,outer-5-vegetables,sentinel_initial,vegetables,False
testing/angelica/angelica_6.csv#256:384,testing/angelica/angelica_6.csv,herbs,herbs,recognize,0.728426986813114,0.5063774548244087,0.6073376355931169,0.39266236440688307,True,False,outer-5-vegetables,sentinel_initial,vegetables,False
testing/angelica/angelica_6.csv#384:512,testing/angelica/angelica_6.csv,herbs,herbs,recognize,0.6649133518791758,0.34561453725769986,0.4793784730525428,0.5206215269474572,True,False,outer-5-vegetables,sentinel_initial,vegetables,False
testing/angelica/angelica_6.csv#512:640,testing/angelica/angelica_6.csv,herbs,herbs,recognize,0.7294985787291252,0.2790044742716415,0.4511467249578891,0.5488532750421109,True,False,outer-5-vegetables,sentinel_initial,vegetables,False
testing/brazil_nut/brazil_nut_6.csv#0:128,testing/brazil_nut/brazil_nut_6.csv,nuts,nuts,recognize,0.8934841462671788,0.5047610917406373,0.6715623821528216,0.3284376178471784,True,False,outer-5-vegetables,sentinel_initial,vegetables,False
testing/brazil_nut/brazil_nut_6.csv#128:256,testing/brazil_nut/brazil_nut_6.csv,nuts,nuts,recognize,0.6767967844578374,0.4505941794978032,0.5522324617219915,0.4477675382780085,True,False,outer-5-vegetables,sentinel_initial,vegetables,False
testing/brazil_nut/brazil_nut_6.csv#256:384,testing/brazil_nut/brazil_nut_6.csv,nuts,nuts,recognize,0.7038302491061541,0.45112617420642764,0.5634858006818062,0.4365141993181938,True,False,outer-5-vegetables,sentinel_initial,vegetables,False
testing/brazil_nut/brazil_nut_6.csv#384:512,testing/brazil_nut/brazil_nut_6.csv,nuts,nuts,recognize,0.9177316783056578,0.4899691718045927,0.6705670960897665,0.3294329039102335,True,False,outer-5-vegetables,sentinel_initial,vegetables,False
testing/cashew/cashew_6.csv#0:128,testing/cashew/cashew_6.csv,nuts,nuts,abstain_unknown,0.999903924657362,0.006036207713248895,0.07768930288350263,0.9223106971164974,True,False,outer-5-vegetables,sentinel_initial,vegetables,False
testing/cashew/cashew_6.csv#128:256,testing/cashew/cashew_6.csv,nuts,nuts,recognize,0.8337868659415898,0.3258017285905705,0.5211997718724407,0.4788002281275593,True,False,outer-5-vegetables,sentinel_initial,vegetables,False
testing/cashew/cashew_6.csv#256:384,testing/cashew/cashew_6.csv,nuts,nuts,recognize,0.5547855230149883,0.27501992718455837,0.3906111546571977,0.6093888453428022,True,False,outer-5-vegetables,sentinel_initial,vegetables,False
testing/cashew/cashew_6.csv#384:512,testing/cashew/cashew_6.csv,nuts,nuts,recognize,0.6512479191142928,0.2344262755690342,0.390729604906062,0.609270395093938,True,False,outer-5-vegetables,sentinel_initial,vegetables,False
testing/chamomile/chamomile_6.csv#0:128,testing/chamomile/chamomile_6.csv,herbs,herbs,abstain_unknown,0.4529610213554032,0.21958302778345243,0.22707132631672136,0.7729286736832787,False,False,outer-5-vegetables,sentinel_initial,vegetables,False
testing/chamomile/chamomile_6.csv#128:256,testing/chamomile/chamomile_6.csv,herbs,nuts,recognize,0.4633445363196621,0.5069661017223315,0.48466480513063903,0.515335194869361,True,False,outer-5-vegetables,sentinel_initial,vegetables,False
testing/chamomile/chamomile_6.csv#256:384,testing/chamomile/chamomile_6.csv,herbs,herbs,recognize,0.40303582790889714,0.5060071136818056,0.3251491588817275,0.6748508411182725,False,False,outer-5-vegetables,sentinel_initial,vegetables,False
testing/chamomile/chamomile_6.csv#384:512,testing/chamomile/chamomile_6.csv,herbs,spices,recognize,0.34318099453192247,0.47894776046956383,0.4054204839013218,0.5945795160986782,True,False,outer-5-vegetables,sentinel_initial,vegetables,False
testing/chervil/chervil_6.csv#0:128,testing/chervil/chervil_6.csv,spices,nuts,recognize,0.8605627187091439,0.31164349557213566,0.5178694563474255,0.48213054365257446,True,False,outer-5-vegetables,sentinel_initial,vegetables,False
testing/chervil/chervil_6.csv#128:256,testing/chervil/chervil_6.csv,spices,nuts,recognize,0.9764506219735201,0.24623917414031177,0.4903472185539073,0.5096527814460927,True,False,outer-5-vegetables,sentinel_initial,vegetables,False
testing/chervil/chervil_6.csv#256:384,testing/chervil/chervil_6.csv,spices,nuts,recognize,0.9754924822319687,0.30769038976616775,0.5478591626247761,0.4521408373752239,True,False,outer-5-vegetables,sentinel_initial,vegetables,False
testing/chervil/chervil_6.csv#384:512,testing/chervil/chervil_6.csv,spices,nuts,abstain_unknown,0.9979299222789875,0.07762508040598957,0.27832425416490264,0.7216757458350973,True,False,outer-5-vegetables,sentinel_initial,vegetables,False
testing/chestnuts/chestnuts_6.csv#0:128,testing/chestnuts/chestnuts_6.csv,nuts,nuts,abstain_unknown,0.4302312453016194,0.025191279216176782,0.10410607776646155,0.8958939222335385,True,False,outer-5-vegetables,sentinel_initial,vegetables,False
testing/chestnuts/chestnuts_6.csv#128:256,testing/chestnuts/chestnuts_6.csv,nuts,herbs,abstain_unknown,0.6535800499072331,0.14992529704067073,0.2253820625749698,0.7746179374250302,False,False,outer-5-vegetables,sentinel_initial,vegetables,False
testing/chestnuts/chestnuts_6.csv#256:384,testing/chestnuts/chestnuts_6.csv,nuts,herbs,abstain_unknown,0.6979513443114127,0.1598455397975896,0.24048906383580004,0.7595109361642,False,False,outer-5-vegetables,sentinel_initial,vegetables,False
testing/chestnuts/chestnuts_6.csv#384:512,testing/chestnuts/chestnuts_6.csv,nuts,nuts,abstain_unknown,0.7833057428504111,0.025410036649851593,0.1410809258328998,0.8589190741671002,True,False,outer-5-vegetables,sentinel_initial,vegetables,False
testing/chives/chives_6.csv#0:128,testing/chives/chives_6.csv,herbs,nuts,abstain_unknown,0.6489168948852893,0.13684862246360122,0.2979989650290909,0.7020010349709092,True,False,outer-5-vegetables,sentinel_initial,vegetables,False
testing/chives/chives_6.csv#128:256,testing/chives/chives_6.csv,herbs,nuts,abstain_unknown,0.43864401245090434,0.2497109364907668,0.23829085794230298,0.761709142057697,False,False,outer-5-vegetables,sentinel_initial,vegetables,False
testing/chives/chives_6.csv#256:384,testing/chives/chives_6.csv,herbs,nuts,recognize,0.7556114840801357,0.25293196121818695,0.31476296464815307,0.6852370353518469,False,False,outer-5-vegetables,sentinel_initial,vegetables,False
testing/chives/chives_6.csv#384:512,testing/chives/chives_6.csv,herbs,herbs,recognize,0.5377111017030123,0.45615315555131675,0.49525611133715863,0.5047438886628414,True,False,outer-5-vegetables,sentinel_initial,vegetables,False
testing/cinnamon/cinnamon_6.csv#0:128,testing/cinnamon/cinnamon_6.csv,spices,spices,abstain_unknown,0.5564452720701611,0.1700692451994566,0.3076267664163484,0.6923732335836517,True,False,outer-5-vegetables,sentinel_initial,vegetables,False
testing/cinnamon/cinnamon_6.csv#128:256,testing/cinnamon/cinnamon_6.csv,spices,herbs,abstain_unknown,0.9786723415116378,0.05915797871908774,0.1732438463063302,0.8267561536936698,False,False,outer-5-vegetables,sentinel_initial,vegetables,False
testing/cinnamon/cinnamon_6.csv#256:384,testing/cinnamon/cinnamon_6.csv,spices,herbs,recognize,0.6166387735010536,0.3143906850329245,0.3170171417440014,0.6829828582559986,False,False,outer-5-vegetables,sentinel_initial,vegetables,False
testing/cinnamon/cinnamon_6.csv#384:512,testing/cinnamon/cinnamon_6.csv,spices,herbs,recognize,0.8060695420872276,0.25170753782396804,0.32431487080351745,0.6756851291964825,False,False,outer-5-vegetables,sentinel_initial,vegetables,False
testing/cloves/cloves_6.csv#0:128,testing/cloves/cloves_6.csv,spices,spices,recognize,0.8340555961370585,0.18998949282037567,0.39807260605833683,0.6019273939416632,True,False,outer-5-vegetables,sentinel_initial,vegetables,False
testing/cloves/cloves_6.csv#128:256,testing/cloves/cloves_6.csv,spices,spices,recognize,0.9664570647564991,0.2716151001472245,0.5123517663010728,0.4876482336989272,True,False,outer-5-vegetables,sentinel_initial,vegetables,False
testing/cloves/cloves_6.csv#256:384,testing/cloves/cloves_6.csv,spices,spices,recognize,0.8254377581776841,0.27226206787813423,0.4740626445377737,0.5259373554622263,True,False,outer-5-vegetables,sentinel_initial,vegetables,False
testing/cloves/cloves_6.csv#384:512,testing/cloves/cloves_6.csv,spices,spices,recognize,0.8966987374633648,0.3409440355852999,0.5529232191317371,0.44707678086826286,True,False,outer-5-vegetables,sentinel_initial,vegetables,False
testing/coriander/coriander_6.csv#0:128,testing/coriander/coriander_6.csv,herbs,herbs,recognize,0.9408687534601137,0.19970721839397657,0.4334723539365889,0.5665276460634111,True,False,outer-5-vegetables,sentinel_initial,vegetables,False
testing/coriander/coriander_6.csv#128:256,testing/coriander/coriander_6.csv,herbs,herbs,recognize,0.7948162925574705,0.3821348924269195,0.5511143605964302,0.44888563940356985,True,False,outer-5-vegetables,sentinel_initial,vegetables,False
testing/coriander/coriander_6.csv#256:384,testing/coriander/coriander_6.csv,herbs,herbs,recognize,0.929698238530382,0.29342695635209637,0.5223011817504104,0.4776988182495896,True,False,outer-5-vegetables,sentinel_initial,vegetables,False
testing/coriander/coriander_6.csv#384:512,testing/coriander/coriander_6.csv,herbs,herbs,recognize,0.9275557920889195,0.2646078134923169,0.4954175108297879,0.5045824891702121,True,False,outer-5-vegetables,sentinel_initial,vegetables,False
testing/cumin/cumin_6.csv#0:128,testing/cumin/cumin_6.csv,spices,spices,abstain_unknown,0.8960490384320184,0.0009398158860860205,0.02901932323522577,0.9709806767647742,True,False,outer-5-vegetables,sentinel_initial,vegetables,False
testing/cumin/cumin_6.csv#128:256,testing/cumin/cumin_6.csv,spices,spices,abstain_unknown,0.8422223814179439,0.07712666233850665,0.25486820363779145,0.7451317963622086,True,False,outer-5-vegetables,sentinel_initial,vegetables,False
testing/cumin/cumin_6.csv#256:384,testing/cumin/cumin_6.csv,spices,spices,recognize,0.9738643149275215,0.14610848210163832,0.37721325112860504,0.622786748871395,True,False,outer-5-vegetables,sentinel_initial,vegetables,False
testing/cumin/cumin_6.csv#384:512,testing/cumin/cumin_6.csv,spices,spices,recognize,0.9425869448546251,0.17621952818466177,0.4075564092187778,0.5924435907812222,True,False,outer-5-vegetables,sentinel_initial,vegetables,False
testing/dill/dill_6.csv#0:128,testing/dill/dill_6.csv,herbs,herbs,abstain_unknown,0.9636772916040228,0.03195202428516614,0.17547489912917708,0.824525100870823,True,False,outer-5-vegetables,sentinel_initial,vegetables,False
testing/dill/dill_6.csv#128:256,testing/dill/dill_6.csv,herbs,herbs,abstain_unknown,0.9983642871698746,0.07944999798930706,0.2816381377019854,0.7183618622980146,True,False,outer-5-vegetables,sentinel_initial,vegetables,False
testing/dill/dill_6.csv#256:384,testing/dill/dill_6.csv,herbs,herbs,abstain_unknown,0.9991065301968408,0.06920173286919996,0.2629446770911232,0.7370553229088768,True,False,outer-5-vegetables,sentinel_initial,vegetables,False
testing/dill/dill_6.csv#384:512,testing/dill/dill_6.csv,herbs,herbs,abstain_unknown,0.9922244318884778,0.06065227290695604,0.2453174821080825,0.7546825178919175,True,False,outer-5-vegetables,sentinel_initial,vegetables,False
testing/garlic/garlic_6.csv#0:128,testing/garlic/garlic_6.csv,herbs,nuts,abstain_unknown,0.6122047717370542,0.11901600397324588,0.1943495475137151,0.8056504524862849,False,False,outer-5-vegetables,sentinel_initial,vegetables,False
testing/garlic/garlic_6.csv#128:256,testing/garlic/garlic_6.csv,herbs,herbs,recognize,0.8958237315536239,0.33301454048642454,0.546188912666821,0.453811087333179,True,False,outer-5-vegetables,sentinel_initial,vegetables,False
testing/garlic/garlic_6.csv#256:384,testing/garlic/garlic_6.csv,herbs,herbs,recognize,0.9086154078609002,0.4133841613247422,0.6128680268584068,0.3871319731415932,True,False,outer-5-vegetables,sentinel_initial,vegetables,False
testing/garlic/garlic_6.csv#384:512,testing/garlic/garlic_6.csv,herbs,herbs,recognize,0.9443910571383632,0.44950552405786004,0.6515435496223844,0.34845645037761563,True,False,outer-5-vegetables,sentinel_initial,vegetables,False
testing/ginger/ginger_6.csv#0:128,testing/ginger/ginger_6.csv,spices,spices,recognize,0.930076217617702,0.2646659721678678,0.49614466270030805,0.5038553372996919,True,False,outer-5-vegetables,sentinel_initial,vegetables,False
testing/ginger/ginger_6.csv#128:256,testing/ginger/ginger_6.csv,spices,spices,recognize,0.5151202181979286,0.31443456166747025,0.4024569542387326,0.5975430457612674,True,False,outer-5-vegetables,sentinel_initial,vegetables,False
testing/ginger/ginger_6.csv#256:384,testing/ginger/ginger_6.csv,spices,spices,recognize,0.7064153824447125,0.39084522758785933,0.5254513116580529,0.4745486883419471,True,False,outer-5-vegetables,sentinel_initial,vegetables,False
testing/ginger/ginger_6.csv#384:512,testing/ginger/ginger_6.csv,spices,spices,recognize,0.7715794310107024,0.3584403391330486,0.5258946595275149,0.4741053404724851,True,False,outer-5-vegetables,sentinel_initial,vegetables,False
testing/hazelnut/hazelnut_6.csv#0:128,testing/hazelnut/hazelnut_6.csv,nuts,nuts,recognize,0.9436965172944483,0.5651267135589094,0.7302794748694503,0.26972052513054967,True,False,outer-5-vegetables,sentinel_initial,vegetables,False
testing/hazelnut/hazelnut_6.csv#128:256,testing/hazelnut/hazelnut_6.csv,nuts,nuts,recognize,0.8421479234324071,0.6298755578082086,0.7283188814173445,0.27168111858265553,True,False,outer-5-vegetables,sentinel_initial,vegetables,False
testing/hazelnut/hazelnut_6.csv#256:384,testing/hazelnut/hazelnut_6.csv,nuts,nuts,recognize,0.9114698983067878,0.5716839228570236,0.7218536465448636,0.2781463534551364,True,False,outer-5-vegetables,sentinel_initial,vegetables,False
testing/hazelnut/hazelnut_6.csv#384:512,testing/hazelnut/hazelnut_6.csv,nuts,nuts,recognize,0.8776337966381345,0.5575498226816316,0.6995173819820341,0.30048261801796594,True,False,outer-5-vegetables,sentinel_initial,vegetables,False
testing/mint/mint_6.csv#0:128,testing/mint/mint_6.csv,herbs,nuts,abstain_unknown,0.9646472880336565,0.09067047863497217,0.2957448753908333,0.7042551246091667,True,False,outer-5-vegetables,sentinel_initial,vegetables,False
testing/mint/mint_6.csv#128:256,testing/mint/mint_6.csv,herbs,herbs,abstain_unknown,0.4613016062234926,0.139752809141212,0.182812232795388,0.817187767204612,False,False,outer-5-vegetables,sentinel_initial,vegetables,False
testing/mint/mint_6.csv#256:384,testing/mint/mint_6.csv,herbs,herbs,abstain_unknown,0.7560620511919883,0.06150797306832603,0.15526620004415564,0.8447337999558444,False,False,outer-5-vegetables,sentinel_initial,vegetables,False
testing/mint/mint_6.csv#384:512,testing/mint/mint_6.csv,herbs,herbs,recognize,0.6296839127492547,0.25821186605794083,0.4032268073152511,0.5967731926847488,True,False,outer-5-vegetables,sentinel_initial,vegetables,False
testing/mugwort/mugwort_6.csv#0:128,testing/mugwort/mugwort_6.csv,herbs,herbs,recognize,0.809293637543261,0.49117009530205297,0.6304766713205721,0.36952332867942794,True,False,outer-5-vegetables,sentinel_initial,vegetables,False
testing/mugwort/mugwort_6.csv#128:256,testing/mugwort/mugwort_6.csv,herbs,herbs,recognize,0.5253889153483489,0.41729263522616017,0.46823170012753995,0.53176829987246,True,False,outer-5-vegetables,sentinel_initial,vegetables,False
testing/mugwort/mugwort_6.csv#256:384,testing/mugwort/mugwort_6.csv,herbs,herbs,recognize,0.8915310009021105,0.4833759502777733,0.6564637421542426,0.34353625784575736,True,False,outer-5-vegetables,sentinel_initial,vegetables,False
testing/mugwort/mugwort_6.csv#384:512,testing/mugwort/mugwort_6.csv,herbs,herbs,recognize,0.902954536521553,0.5270794700150315,0.6898759298290154,0.31012407017098464,True,False,outer-5-vegetables,sentinel_initial,vegetables,False
testing/mustard/mustard_6.csv#0:128,testing/mustard/mustard_6.csv,spices,nuts,recognize,0.8207618982888772,0.4566528347383272,0.4407924721491867,0.5592075278508133,False,False,outer-5-vegetables,sentinel_initial,vegetables,False
testing/mustard/mustard_6.csv#128:256,testing/mustard/mustard_6.csv,spices,herbs,recognize,0.5036054358717946,0.4869088633759491,0.35653448398711124,0.6434655160128888,False,False,outer-5-vegetables,sentinel_initial,vegetables,False
testing/mustard/mustard_6.csv#256:384,testing/mustard/mustard_6.csv,spices,nuts,recognize,0.5663585840128689,0.6208358332036631,0.4269397857325496,0.5730602142674504,False,False,outer-5-vegetables,sentinel_initial,vegetables,False
testing/mustard/mustard_6.csv#384:512,testing/mustard/mustard_6.csv,spices,herbs,recognize,0.4576309850261414,0.5584433380069872,0.3639818805435443,0.6360181194564557,False,False,outer-5-vegetables,sentinel_initial,vegetables,False
testing/nutmeg/nutmeg_6.csv#0:128,testing/nutmeg/nutmeg_6.csv,spices,spices,abstain_unknown,0.9999955499437929,0.013410721913571042,0.11580441371167487,0.8841955862883252,True,False,outer-5-vegetables,sentinel_initial,vegetables,False
testing/nutmeg/nutmeg_6.csv#128:256,testing/nutmeg/nutmeg_6.csv,spices,spices,abstain_unknown,0.9999997755373451,0.05363925231412585,0.23160146863549216,0.7683985313645079,True,False,outer-5-vegetables,sentinel_initial,vegetables,False
testing/nutmeg/nutmeg_6.csv#256:384,testing/nutmeg/nutmeg_6.csv,spices,spices,abstain_unknown,0.9999953719374108,0.028966509800994605,0.17019511080572866,0.8298048891942713,True,False,outer-5-vegetables,sentinel_initial,vegetables,False
testing/nutmeg/nutmeg_6.csv#384:512,testing/nutmeg/nutmeg_6.csv,spices,spices,recognize,0.9999989743036799,0.10408063477067925,0.32261513916050993,0.6773848608394901,True,False,outer-5-vegetables,sentinel_initial,vegetables,False
testing/oregano/oregano_6.csv#0:128,testing/oregano/oregano_6.csv,herbs,herbs,abstain_unknown,0.7710620269698882,0.01020757368965513,0.08871681046785883,0.9112831895321412,True,False,outer-5-vegetables,sentinel_initial,vegetables,False
testing/oregano/oregano_6.csv#128:256,testing/oregano/oregano_6.csv,herbs,herbs,abstain_unknown,0.5127492680003929,0.024483544939986057,0.1120442758289444,0.8879557241710556,True,False,outer-5-vegetables,sentinel_initial,vegetables,False
testing/oregano/oregano_6.csv#256:384,testing/oregano/oregano_6.csv,herbs,spices,abstain_unknown,0.8491939596886761,0.05294130031135438,0.15266280810392086,0.8473371918960791,False,False,outer-5-vegetables,sentinel_initial,vegetables,False
testing/oregano/oregano_6.csv#384:512,testing/oregano/oregano_6.csv,herbs,spices,abstain_unknown,0.9707292287002981,0.08220037456582899,0.20338477901426835,0.7966152209857317,False,False,outer-5-vegetables,sentinel_initial,vegetables,False
testing/peanuts/peanuts_6.csv#0:128,testing/peanuts/peanuts_6.csv,nuts,nuts,recognize,0.9581036855358498,0.4934652717473386,0.6875979170598722,0.31240208294012783,True,False,outer-5-vegetables,sentinel_initial,vegetables,False
testing/peanuts/peanuts_6.csv#128:256,testing/peanuts/peanuts_6.csv,nuts,nuts,recognize,0.8866815739945701,0.48825870622197537,0.6579741622202604,0.3420258377797396,True,False,outer-5-vegetables,sentinel_initial,vegetables,False
testing/peanuts/peanuts_6.csv#256:384,testing/peanuts/peanuts_6.csv,nuts,nuts,recognize,0.8866548325666784,0.47542741482212864,0.6492611299675372,0.35073887003246285,True,False,outer-5-vegetables,sentinel_initial,vegetables,False
testing/peanuts/peanuts_6.csv#384:512,testing/peanuts/peanuts_6.csv,nuts,nuts,recognize,0.8972533457089832,0.34143604406790695,0.5534931190950519,0.44650688090494806,True,False,outer-5-vegetables,sentinel_initial,vegetables,False
testing/pecans/pecans_6.csv#0:128,testing/pecans/pecans_6.csv,nuts,nuts,recognize,0.9552726704643973,0.2229846381569934,0.33230252811023864,0.6676974718897614,False,False,outer-5-vegetables,sentinel_initial,vegetables,False
testing/pecans/pecans_6.csv#128:256,testing/pecans/pecans_6.csv,nuts,nuts,recognize,0.9692003534490351,0.2048364782887754,0.44556434681955503,0.554435653180445,True,False,outer-5-vegetables,sentinel_initial,vegetables,False
testing/pecans/pecans_6.csv#256:384,testing/pecans/pecans_6.csv,nuts,nuts,recognize,0.7790830597770205,0.3322970551956448,0.5088094009712443,0.4911905990287557,True,False,outer-5-vegetables,sentinel_initial,vegetables,False
testing/pecans/pecans_6.csv#384:512,testing/pecans/pecans_6.csv,nuts,nuts,recognize,0.6430688921072756,0.22766701726263625,0.38262981661189377,0.6173701833881062,True,False,outer-5-vegetables,sentinel_initial,vegetables,False
testing/pili_nut/pili_nut_6.csv#0:128,testing/pili_nut/pili_nut_6.csv,nuts,nuts,recognize,0.9126112608131713,0.2315507238944284,0.45969098106825723,0.5403090189317428,True,False,outer-5-vegetables,sentinel_initial,vegetables,False
testing/pili_nut/pili_nut_6.csv#128:256,testing/pili_nut/pili_nut_6.csv,nuts,nuts,recognize,0.880460102400345,0.28363427539327685,0.4997285894933491,0.5002714105066509,True,False,outer-5-vegetables,sentinel_initial,vegetables,False
testing/pili_nut/pili_nut_6.csv#256:384,testing/pili_nut/pili_nut_6.csv,nuts,nuts,recognize,0.979270129529467,0.29144103402736093,0.5342279468000298,0.46577205319997017,True,False,outer-5-vegetables,sentinel_initial,vegetables,False
testing/pili_nut/pili_nut_6.csv#384:512,testing/pili_nut/pili_nut_6.csv,nuts,nuts,recognize,0.7388713321334682,0.2410639200175362,0.42203698855985694,0.5779630114401431,True,False,outer-5-vegetables,sentinel_initial,vegetables,False
testing/pistachios/pistachios_6.csv#0:128,testing/pistachios/pistachios_6.csv,nuts,nuts,recognize,0.886119877663912,0.6576199421102056,0.763367606499021,0.23663239350097898,True,False,outer-5-vegetables,sentinel_initial,vegetables,False
testing/pistachios/pistachios_6.csv#128:256,testing/pistachios/pistachios_6.csv,nuts,nuts,recognize,0.9346144908304647,0.6394393452741635,0.7730648602157377,0.22693513978426227,True,False,outer-5-vegetables,sentinel_initial,vegetables,False
testing/pistachios/pistachios_6.csv#256:384,testing/pistachios/pistachios_6.csv,nuts,nuts,recognize,0.7215377498466701,0.6093529060331886,0.663077012632557,0.33692298736744297,True,False,outer-5-vegetables,sentinel_initial,vegetables,False
testing/pistachios/pistachios_6.csv#384:512,testing/pistachios/pistachios_6.csv,nuts,nuts,recognize,0.9623745460341127,0.48957947734560364,0.6864101013665908,0.31358989863340925,True,False,outer-5-vegetables,sentinel_initial,vegetables,False
testing/pistachios/pistachios_6.csv#512:640,testing/pistachios/pistachios_6.csv,nuts,nuts,recognize,0.8335690427514776,0.6235025880320728,0.7209247224634232,0.2790752775365768,True,False,outer-5-vegetables,sentinel_initial,vegetables,False
testing/saffron/saffron_6.csv#0:128,testing/saffron/saffron_6.csv,spices,nuts,recognize,0.4157465592543856,0.540171803627671,0.34120295492197256,0.6587970450780274,False,False,outer-5-vegetables,sentinel_initial,vegetables,False
testing/saffron/saffron_6.csv#128:256,testing/saffron/saffron_6.csv,spices,spices,recognize,0.7358571001566462,0.5632687997425294,0.6438053631240208,0.3561946368759792,True,False,outer-5-vegetables,sentinel_initial,vegetables,False
testing/saffron/saffron_6.csv#256:384,testing/saffron/saffron_6.csv,spices,spices,recognize,0.5724961222126725,0.5101643481741959,0.5404323371347082,0.4595676628652918,True,False,outer-5-vegetables,sentinel_initial,vegetables,False
testing/saffron/saffron_6.csv#384:512,testing/saffron/saffron_6.csv,spices,spices,recognize,0.9475559253366371,0.4564180106161616,0.657633325181825,0.34236667481817495,True,False,outer-5-vegetables,sentinel_initial,vegetables,False
testing/star_anise/star_anise_6.csv#0:128,testing/star_anise/star_anise_6.csv,spices,spices,recognize,0.8631329037968212,0.4378940209564663,0.6147851151934478,0.3852148848065522,True,False,outer-5-vegetables,sentinel_initial,vegetables,False
testing/star_anise/star_anise_6.csv#128:256,testing/star_anise/star_anise_6.csv,spices,spices,recognize,0.7698020172394369,0.5234071387266103,0.6347596956559752,0.36524030434402477,True,False,outer-5-vegetables,sentinel_initial,vegetables,False
testing/star_anise/star_anise_6.csv#256:384,testing/star_anise/star_anise_6.csv,spices,spices,recognize,0.8421416442246789,0.4559633436222135,0.6196658130833047,0.3803341869166953,True,False,outer-5-vegetables,sentinel_initial,vegetables,False
testing/star_anise/star_anise_6.csv#384:512,testing/star_anise/star_anise_6.csv,spices,spices,recognize,0.8155792946067649,0.4368865110479219,0.5969217641397194,0.4030782358602806,True,False,outer-5-vegetables,sentinel_initial,vegetables,False
testing/turnip/turnip_6.csv#0:128,testing/turnip/turnip_6.csv,herbs,herbs,recognize,0.9854794968866926,0.22942157358116533,0.4754894919004206,0.5245105080995793,True,False,outer-5-vegetables,sentinel_initial,vegetables,False
testing/turnip/turnip_6.csv#128:256,testing/turnip/turnip_6.csv,herbs,herbs,recognize,0.9856828701477973,0.37263324821163774,0.6060513258872912,0.39394867411270884,True,False,outer-5-vegetables,sentinel_initial,vegetables,False
testing/turnip/turnip_6.csv#256:384,testing/turnip/turnip_6.csv,herbs,herbs,recognize,0.9830184150192841,0.3033738220253003,0.54609711012388,0.45390288987612004,True,False,outer-5-vegetables,sentinel_initial,vegetables,False
testing/turnip/turnip_6.csv#384:512,testing/turnip/turnip_6.csv,herbs,herbs,recognize,0.9831740937437891,0.14881566120847012,0.3825071278336135,0.6174928721663865,True,False,outer-5-vegetables,sentinel_initial,vegetables,False
testing/walnuts/walnuts_6.csv#0:128,testing/walnuts/walnuts_6.csv,nuts,nuts,recognize,0.8048744420218302,0.24758067233421266,0.4463982028418002,0.5536017971581998,True,False,outer-5-vegetables,sentinel_initial,vegetables,False
testing/walnuts/walnuts_6.csv#128:256,testing/walnuts/walnuts_6.csv,nuts,nuts,recognize,0.7799349111428074,0.3511731399106282,0.5233471043886041,0.4766528956113959,True,False,outer-5-vegetables,sentinel_initial,vegetables,False
testing/walnuts/walnuts_6.csv#256:384,testing/walnuts/walnuts_6.csv,nuts,nuts,recognize,0.7816552769218166,0.4935922551644528,0.6211432933687961,0.37885670663120385,True,False,outer-5-vegetables,sentinel_initial,vegetables,False
testing/walnuts/walnuts_6.csv#384:512,testing/walnuts/walnuts_6.csv,nuts,nuts,recognize,0.7069547455274174,0.3519775211805586,0.49883081191679907,0.501169188083201,True,False,outer-5-vegetables,sentinel_initial,vegetables,False
testing/walnuts/walnuts_6.csv#512:640,testing/walnuts/walnuts_6.csv,nuts,nuts,abstain_unknown,0.7335002847623535,0.08449504825817501,0.24895208767628396,0.751047912323716,True,False,outer-5-vegetables,sentinel_initial,vegetables,False
testing/walnuts/walnuts_6.csv#640:768,testing/walnuts/walnuts_6.csv,nuts,herbs,recognize,0.8476635954274063,0.315231583210028,0.3721852211101604,0.6278147788898396,False,False,outer-5-vegetables,sentinel_initial,vegetables,False
testing/asparagus/asparagus_6.csv#0:128,testing/asparagus/asparagus_6.csv,vegetables,herbs,abstain_unknown,0.7358783063693706,0.14321150789245743,0.23373537984407486,0.7662646201559251,False,False,outer-5-vegetables,sentinel_initial,vegetables,True
testing/asparagus/asparagus_6.csv#128:256,testing/asparagus/asparagus_6.csv,vegetables,herbs,recognize,0.6581233167990475,0.30353594395707506,0.4469497535571085,0.5530502464428915,True,False,outer-5-vegetables,sentinel_initial,vegetables,True
testing/asparagus/asparagus_6.csv#256:384,testing/asparagus/asparagus_6.csv,vegetables,herbs,abstain_unknown,0.9565677872059004,0.08507858126300168,0.28527781234678395,0.714722187653216,True,False,outer-5-vegetables,sentinel_initial,vegetables,True
testing/asparagus/asparagus_6.csv#384:512,testing/asparagus/asparagus_6.csv,vegetables,herbs,recognize,0.6304797861982641,0.23545274571258226,0.3852897569059721,0.6147102430940279,True,False,outer-5-vegetables,sentinel_initial,vegetables,True
testing/avocado/avocado_6.csv#0:128,testing/avocado/avocado_6.csv,vegetables,herbs,recognize,0.9294296860598105,0.2853317779248219,0.5149716737642516,0.48502832623574843,True,False,outer-5-vegetables,sentinel_initial,vegetables,True
testing/avocado/avocado_6.csv#128:256,testing/avocado/avocado_6.csv,vegetables,herbs,recognize,0.8808635137433961,0.30677506571231994,0.5198335909810132,0.4801664090189868,True,False,outer-5-vegetables,sentinel_initial,vegetables,True
testing/avocado/avocado_6.csv#256:384,testing/avocado/avocado_6.csv,vegetables,herbs,recognize,0.9335375255010208,0.250140112937395,0.4832340861943843,0.5167659138056158,True,False,outer-5-vegetables,sentinel_initial,vegetables,True
testing/avocado/avocado_6.csv#384:512,testing/avocado/avocado_6.csv,vegetables,herbs,recognize,0.9530260772496354,0.26738227691044164,0.5047992496924237,0.49520075030757627,True,False,outer-5-vegetables,sentinel_initial,vegetables,True
testing/broccoli/broccoli_6.csv#0:128,testing/broccoli/broccoli_6.csv,vegetables,herbs,abstain_unknown,0.8758409544968302,0.0385925486901373,0.18385030508877392,0.8161496949112261,True,False,outer-5-vegetables,sentinel_initial,vegetables,True
testing/broccoli/broccoli_6.csv#128:256,testing/broccoli/broccoli_6.csv,vegetables,herbs,recognize,0.9959084695570557,0.11140240065994371,0.3330864667713572,0.6669135332286428,True,False,outer-5-vegetables,sentinel_initial,vegetables,True
testing/broccoli/broccoli_6.csv#256:384,testing/broccoli/broccoli_6.csv,vegetables,herbs,abstain_unknown,0.9705889287627124,0.07351181111312437,0.26711373981825465,0.7328862601817454,True,False,outer-5-vegetables,sentinel_initial,vegetables,True
testing/broccoli/broccoli_6.csv#384:512,testing/broccoli/broccoli_6.csv,vegetables,herbs,abstain_unknown,0.9878095327401152,0.0313080263413378,0.17585894026535048,0.8241410597346495,True,False,outer-5-vegetables,sentinel_initial,vegetables,True
testing/brussel_sprouts/brussel_sprouts_6.csv#0:128,testing/brussel_sprouts/brussel_sprouts_6.csv,vegetables,nuts,abstain_unknown,0.4638136602831474,0.18909104921438635,0.21322579873469838,0.7867742012653016,False,False,outer-5-vegetables,sentinel_initial,vegetables,True
testing/brussel_sprouts/brussel_sprouts_6.csv#128:256,testing/brussel_sprouts/brussel_sprouts_6.csv,vegetables,nuts,recognize,0.7236975031154471,0.45097392574113426,0.41132655660514933,0.5886734433948506,False,False,outer-5-vegetables,sentinel_initial,vegetables,True
testing/brussel_sprouts/brussel_sprouts_6.csv#256:384,testing/brussel_sprouts/brussel_sprouts_6.csv,vegetables,nuts,abstain_unknown,0.3992544391502008,0.3660966356349544,0.2752676923927187,0.7247323076072814,False,False,outer-5-vegetables,sentinel_initial,vegetables,True
testing/brussel_sprouts/brussel_sprouts_6.csv#384:512,testing/brussel_sprouts/brussel_sprouts_6.csv,vegetables,nuts,recognize,0.4608673598636965,0.39627203941036926,0.4273509665261792,0.5726490334738208,True,False,outer-5-vegetables,sentinel_initial,vegetables,True
testing/cabbage/cabbage_6.csv#0:128,testing/cabbage/cabbage_6.csv,vegetables,herbs,recognize,0.602788979081361,0.22670274018441064,0.36966730084050975,0.6303326991594902,True,False,outer-5-vegetables,sentinel_initial,vegetables,True
testing/cabbage/cabbage_6.csv#128:256,testing/cabbage/cabbage_6.csv,vegetables,herbs,recognize,0.6885239094438618,0.2590043427893783,0.4222921768873783,0.5777078231126217,True,False,outer-5-vegetables,sentinel_initial,vegetables,True
testing/cabbage/cabbage_6.csv#256:384,testing/cabbage/cabbage_6.csv,vegetables,herbs,recognize,0.5812052090005854,0.25237658086527814,0.3829916231834022,0.6170083768165978,True,False,outer-5-vegetables,sentinel_initial,vegetables,True
testing/cabbage/cabbage_6.csv#384:512,testing/cabbage/cabbage_6.csv,vegetables,herbs,recognize,0.659371076290336,0.24171743517987584,0.39922610810503645,0.6007738918949636,True,False,outer-5-vegetables,sentinel_initial,vegetables,True
testing/cabbage/cabbage_6.csv#512:640,testing/cabbage/cabbage_6.csv,vegetables,herbs,recognize,0.5178656307052238,0.2036376223489381,0.3247413212590061,0.6752586787409939,True,False,outer-5-vegetables,sentinel_initial,vegetables,True
testing/cauliflower/cauliflower_6.csv#0:128,testing/cauliflower/cauliflower_6.csv,vegetables,herbs,abstain_unknown,0.6003828144487865,0.24767801220826013,0.27764531486952354,0.7223546851304765,False,False,outer-5-vegetables,sentinel_initial,vegetables,True
testing/cauliflower/cauliflower_6.csv#128:256,testing/cauliflower/cauliflower_6.csv,vegetables,nuts,recognize,0.5578338721702901,0.2508788784916556,0.37409722831737197,0.625902771682628,True,False,outer-5-vegetables,sentinel_initial,vegetables,True
testing/cauliflower/cauliflower_6.csv#256:384,testing/cauliflower/cauliflower_6.csv,vegetables,herbs,abstain_unknown,0.5621469490120364,0.23840297782878855,0.26358049137362316,0.7364195086263768,False,False,outer-5-vegetables,sentinel_initial,vegetables,True
testing/cauliflower/cauliflower_6.csv#384:512,testing/cauliflower/cauliflower_6.csv,vegetables,nuts,recognize,0.6570738083281163,0.23425933990042566,0.3923336292045373,0.6076663707954627,True,False,outer-5-vegetables,sentinel_initial,vegetables,True
testing/potato/potato_6.csv#0:128,testing/potato/potato_6.csv,vegetables,spices,abstain_unknown,0.8483767048467143,0.07995997137133759,0.1875267292233534,0.8124732707766467,False,False,outer-5-vegetables,sentinel_initial,vegetables,True
testing/potato/potato_6.csv#128:256,testing/potato/potato_6.csv,vegetables,herbs,abstain_unknown,0.39932976779983015,0.1661758996459163,0.1854737097399122,0.8145262902600878,False,False,outer-5-vegetables,sentinel_initial,vegetables,True
testing/potato/potato_6.csv#256:384,testing/potato/potato_6.csv,vegetables,nuts,recognize,0.8641435444837218,0.2017740078369042,0.4175664094690432,0.5824335905309568,True,False,outer-5-vegetables,sentinel_initial,vegetables,True
testing/potato/potato_6.csv#384:512,testing/potato/potato_6.csv,vegetables,spices,abstain_unknown,0.3915276247177047,0.11093696715644201,0.15005547489967233,0.8499445251003277,False,False,outer-5-vegetables,sentinel_initial,vegetables,True
testing/radish/radish_6.csv#0:128,testing/radish/radish_6.csv,vegetables,herbs,recognize,0.8770688306368943,0.1785488653653062,0.3957267296474846,0.6042732703525153,True,False,outer-5-vegetables,sentinel_initial,vegetables,True
testing/radish/radish_6.csv#128:256,testing/radish/radish_6.csv,vegetables,herbs,recognize,0.945281643882196,0.2047190467168666,0.43990585017082434,0.5600941498291756,True,False,outer-5-vegetables,sentinel_initial,vegetables,True
testing/radish/radish_6.csv#256:384,testing/radish/radish_6.csv,vegetables,herbs,recognize,0.9585872612661728,0.1789384014902471,0.41415947679593523,0.5858405232040648,True,False,outer-5-vegetables,sentinel_initial,vegetables,True
testing/radish/radish_6.csv#384:512,testing/radish/radish_6.csv,vegetables,herbs,recognize,0.9741942631898296,0.202569824780988,0.44423232795127315,0.5557676720487268,True,False,outer-5-vegetables,sentinel_initial,vegetables,True
testing/radish/radish_6.csv#512:640,testing/radish/radish_6.csv,vegetables,herbs,recognize,0.9604669997202971,0.2350422589092849,0.47513191139101796,0.524868088608982,True,False,outer-5-vegetables,sentinel_initial,vegetables,True
testing/sweet_potato/sweet_potato_6.csv#0:128,testing/sweet_potato/sweet_potato_6.csv,vegetables,herbs,abstain_unknown,0.9999518402077259,1.3682270851439564e-26,8.421726436613411e-14,0.9999999999999157,False,False,outer-5-vegetables,sentinel_initial,vegetables,True
testing/sweet_potato/sweet_potato_6.csv#128:256,testing/sweet_potato/sweet_potato_6.csv,vegetables,herbs,abstain_unknown,0.9999913932334482,1.3993193979314644e-18,8.51704721413151e-10,0.9999999991482953,False,False,outer-5-vegetables,sentinel_initial,vegetables,True
testing/sweet_potato/sweet_potato_6.csv#256:384,testing/sweet_potato/sweet_potato_6.csv,vegetables,spices,abstain_unknown,0.77424394039888,3.5512684895393447e-12,1.6581761392431508e-06,0.9999983418238607,True,False,outer-5-vegetables,sentinel_initial,vegetables,True
testing/sweet_potato/sweet_potato_6.csv#384:512,testing/sweet_potato/sweet_potato_6.csv,vegetables,spices,abstain_unknown,0.8396435879693661,5.682382389487364e-09,6.907369931980703e-05,0.9999309263006801,True,False,outer-5-vegetables,sentinel_initial,vegetables,True
testing/tomato/tomato_6.csv#0:128,testing/tomato/tomato_6.csv,vegetables,herbs,recognize,0.8870761511777043,0.36517570878571165,0.5691560965615842,0.43084390343841583,True,False,outer-5-vegetables,sentinel_initial,vegetables,True
testing/tomato/tomato_6.csv#128:256,testing/tomato/tomato_6.csv,vegetables,herbs,recognize,0.9629885766001773,0.46666716921019114,0.670369415340345,0.329630584659655,True,False,outer-5-vegetables,sentinel_initial,vegetables,True
testing/tomato/tomato_6.csv#256:384,testing/tomato/tomato_6.csv,vegetables,herbs,recognize,0.8362135577019505,0.4503536010045264,0.6136707479747424,0.3863292520252576,True,False,outer-5-vegetables,sentinel_initial,vegetables,True
testing/tomato/tomato_6.csv#384:512,testing/tomato/tomato_6.csv,vegetables,herbs,recognize,0.788728534186993,0.5902658299327643,0.6823192088923908,0.31768079110760916,True,False,outer-5-vegetables,sentinel_initial,vegetables,True
testing/allspice/allspice_6.csv#0:128,testing/allspice/allspice_6.csv,spices,spices,recognize,0.8635869804342322,0.2545124583295157,0.4688215496024898,0.5311784503975102,True,False,outer-5-vegetables,sentinel_pair_initial,vegetables,False
testing/allspice/allspice_6.csv#256:384,testing/allspice/allspice_6.csv,spices,herbs,abstain_unknown,0.5560481560836485,0.10127334204737501,0.17085837435397713,0.8291416256460229,False,False,outer-5-vegetables,sentinel_pair_initial,vegetables,False
testing/almond/almond_6.csv#0:128,testing/almond/almond_6.csv,nuts,nuts,recognize,0.6897963404107887,0.5394231810329749,0.6099935542358562,0.3900064457641438,True,False,outer-5-vegetables,sentinel_pair_initial,vegetables,False
testing/almond/almond_6.csv#256:384,testing/almond/almond_6.csv,nuts,nuts,recognize,0.7327144019560515,0.45954595227036843,0.5802722960723761,0.41972770392762393,True,False,outer-5-vegetables,sentinel_pair_initial,vegetables,False
testing/angelica/angelica_6.csv#0:128,testing/angelica/angelica_6.csv,herbs,herbs,recognize,0.7412523342527813,0.2721250274192496,0.44912505138671666,0.5508749486132833,True,False,outer-5-vegetables,sentinel_pair_initial,vegetables,False
testing/angelica/angelica_6.csv#256:384,testing/angelica/angelica_6.csv,herbs,herbs,recognize,0.728426986813114,0.5063774548244087,0.6073376355931169,0.39266236440688307,True,False,outer-5-vegetables,sentinel_pair_initial,vegetables,False
testing/asparagus/asparagus_6.csv#0:128,testing/asparagus/asparagus_6.csv,vegetables,herbs,abstain_unknown,0.7358783063693706,0.14321150789245743,0.23373537984407486,0.7662646201559251,False,False,outer-5-vegetables,sentinel_pair_initial,vegetables,True
testing/asparagus/asparagus_6.csv#256:384,testing/asparagus/asparagus_6.csv,vegetables,herbs,abstain_unknown,0.9565677872059004,0.08507858126300168,0.28527781234678395,0.714722187653216,True,False,outer-5-vegetables,sentinel_pair_initial,vegetables,True
testing/avocado/avocado_6.csv#0:128,testing/avocado/avocado_6.csv,vegetables,herbs,recognize,0.9294296860598105,0.2853317779248219,0.5149716737642516,0.48502832623574843,True,False,outer-5-vegetables,sentinel_pair_initial,vegetables,True
testing/avocado/avocado_6.csv#256:384,testing/avocado/avocado_6.csv,vegetables,herbs,recognize,0.9335375255010208,0.250140112937395,0.4832340861943843,0.5167659138056158,True,False,outer-5-vegetables,sentinel_pair_initial,vegetables,True
testing/brazil_nut/brazil_nut_6.csv#0:128,testing/brazil_nut/brazil_nut_6.csv,nuts,nuts,recognize,0.8934841462671788,0.5047610917406373,0.6715623821528216,0.3284376178471784,True,False,outer-5-vegetables,sentinel_pair_initial,vegetables,False
testing/brazil_nut/brazil_nut_6.csv#256:384,testing/brazil_nut/brazil_nut_6.csv,nuts,nuts,recognize,0.7038302491061541,0.45112617420642764,0.5634858006818062,0.4365141993181938,True,False,outer-5-vegetables,sentinel_pair_initial,vegetables,False
testing/broccoli/broccoli_6.csv#0:128,testing/broccoli/broccoli_6.csv,vegetables,herbs,abstain_unknown,0.8758409544968302,0.0385925486901373,0.18385030508877392,0.8161496949112261,True,False,outer-5-vegetables,sentinel_pair_initial,vegetables,True
testing/broccoli/broccoli_6.csv#256:384,testing/broccoli/broccoli_6.csv,vegetables,herbs,abstain_unknown,0.9705889287627124,0.07351181111312437,0.26711373981825465,0.7328862601817454,True,False,outer-5-vegetables,sentinel_pair_initial,vegetables,True
testing/brussel_sprouts/brussel_sprouts_6.csv#0:128,testing/brussel_sprouts/brussel_sprouts_6.csv,vegetables,nuts,abstain_unknown,0.4638136602831474,0.18909104921438635,0.21322579873469838,0.7867742012653016,False,False,outer-5-vegetables,sentinel_pair_initial,vegetables,True
testing/brussel_sprouts/brussel_sprouts_6.csv#256:384,testing/brussel_sprouts/brussel_sprouts_6.csv,vegetables,nuts,abstain_unknown,0.3992544391502008,0.3660966356349544,0.2752676923927187,0.7247323076072814,False,False,outer-5-vegetables,sentinel_pair_initial,vegetables,True
testing/cabbage/cabbage_6.csv#0:128,testing/cabbage/cabbage_6.csv,vegetables,herbs,recognize,0.602788979081361,0.22670274018441064,0.36966730084050975,0.6303326991594902,True,False,outer-5-vegetables,sentinel_pair_initial,vegetables,True
testing/cabbage/cabbage_6.csv#256:384,testing/cabbage/cabbage_6.csv,vegetables,herbs,recognize,0.5812052090005854,0.25237658086527814,0.3829916231834022,0.6170083768165978,True,False,outer-5-vegetables,sentinel_pair_initial,vegetables,True
testing/cashew/cashew_6.csv#0:128,testing/cashew/cashew_6.csv,nuts,nuts,abstain_unknown,0.999903924657362,0.006036207713248895,0.07768930288350263,0.9223106971164974,True,False,outer-5-vegetables,sentinel_pair_initial,vegetables,False
testing/cashew/cashew_6.csv#256:384,testing/cashew/cashew_6.csv,nuts,nuts,recognize,0.5547855230149883,0.27501992718455837,0.3906111546571977,0.6093888453428022,True,False,outer-5-vegetables,sentinel_pair_initial,vegetables,False
testing/cauliflower/cauliflower_6.csv#0:128,testing/cauliflower/cauliflower_6.csv,vegetables,herbs,abstain_unknown,0.6003828144487865,0.24767801220826013,0.27764531486952354,0.7223546851304765,False,False,outer-5-vegetables,sentinel_pair_initial,vegetables,True
testing/cauliflower/cauliflower_6.csv#256:384,testing/cauliflower/cauliflower_6.csv,vegetables,herbs,abstain_unknown,0.5621469490120364,0.23840297782878855,0.26358049137362316,0.7364195086263768,False,False,outer-5-vegetables,sentinel_pair_initial,vegetables,True
testing/chamomile/chamomile_6.csv#0:128,testing/chamomile/chamomile_6.csv,herbs,herbs,abstain_unknown,0.4529610213554032,0.21958302778345243,0.22707132631672136,0.7729286736832787,False,False,outer-5-vegetables,sentinel_pair_initial,vegetables,False
testing/chamomile/chamomile_6.csv#256:384,testing/chamomile/chamomile_6.csv,herbs,herbs,recognize,0.40303582790889714,0.5060071136818056,0.3251491588817275,0.6748508411182725,False,False,outer-5-vegetables,sentinel_pair_initial,vegetables,False
testing/chervil/chervil_6.csv#0:128,testing/chervil/chervil_6.csv,spices,nuts,recognize,0.8605627187091439,0.31164349557213566,0.5178694563474255,0.48213054365257446,True,False,outer-5-vegetables,sentinel_pair_initial,vegetables,False
testing/chervil/chervil_6.csv#256:384,testing/chervil/chervil_6.csv,spices,nuts,recognize,0.9754924822319687,0.30769038976616775,0.5478591626247761,0.4521408373752239,True,False,outer-5-vegetables,sentinel_pair_initial,vegetables,False
testing/chestnuts/chestnuts_6.csv#0:128,testing/chestnuts/chestnuts_6.csv,nuts,nuts,abstain_unknown,0.4302312453016194,0.025191279216176782,0.10410607776646155,0.8958939222335385,True,False,outer-5-vegetables,sentinel_pair_initial,vegetables,False
testing/chestnuts/chestnuts_6.csv#256:384,testing/chestnuts/chestnuts_6.csv,nuts,herbs,abstain_unknown,0.6979513443114127,0.1598455397975896,0.24048906383580004,0.7595109361642,False,False,outer-5-vegetables,sentinel_pair_initial,vegetables,False
testing/chives/chives_6.csv#0:128,testing/chives/chives_6.csv,herbs,nuts,abstain_unknown,0.6489168948852893,0.13684862246360122,0.2979989650290909,0.7020010349709092,True,False,outer-5-vegetables,sentinel_pair_initial,vegetables,False
testing/chives/chives_6.csv#256:384,testing/chives/chives_6.csv,herbs,nuts,recognize,0.7556114840801357,0.25293196121818695,0.31476296464815307,0.6852370353518469,False,False,outer-5-vegetables,sentinel_pair_initial,vegetables,False
testing/cinnamon/cinnamon_6.csv#0:128,testing/cinnamon/cinnamon_6.csv,spices,spices,abstain_unknown,0.5564452720701611,0.1700692451994566,0.3076267664163484,0.6923732335836517,True,False,outer-5-vegetables,sentinel_pair_initial,vegetables,False
testing/cinnamon/cinnamon_6.csv#256:384,testing/cinnamon/cinnamon_6.csv,spices,herbs,recognize,0.6166387735010536,0.3143906850329245,0.3170171417440014,0.6829828582559986,False,False,outer-5-vegetables,sentinel_pair_initial,vegetables,False
testing/cloves/cloves_6.csv#0:128,testing/cloves/cloves_6.csv,spices,spices,recognize,0.8340555961370585,0.18998949282037567,0.39807260605833683,0.6019273939416632,True,False,outer-5-vegetables,sentinel_pair_initial,vegetables,False
testing/cloves/cloves_6.csv#256:384,testing/cloves/cloves_6.csv,spices,spices,recognize,0.8254377581776841,0.27226206787813423,0.4740626445377737,0.5259373554622263,True,False,outer-5-vegetables,sentinel_pair_initial,vegetables,False
testing/coriander/coriander_6.csv#0:128,testing/coriander/coriander_6.csv,herbs,herbs,recognize,0.9408687534601137,0.19970721839397657,0.4334723539365889,0.5665276460634111,True,False,outer-5-vegetables,sentinel_pair_initial,vegetables,False
testing/coriander/coriander_6.csv#256:384,testing/coriander/coriander_6.csv,herbs,herbs,recognize,0.929698238530382,0.29342695635209637,0.5223011817504104,0.4776988182495896,True,False,outer-5-vegetables,sentinel_pair_initial,vegetables,False
testing/cumin/cumin_6.csv#0:128,testing/cumin/cumin_6.csv,spices,spices,abstain_unknown,0.8960490384320184,0.0009398158860860205,0.02901932323522577,0.9709806767647742,True,False,outer-5-vegetables,sentinel_pair_initial,vegetables,False
testing/cumin/cumin_6.csv#256:384,testing/cumin/cumin_6.csv,spices,spices,recognize,0.9738643149275215,0.14610848210163832,0.37721325112860504,0.622786748871395,True,False,outer-5-vegetables,sentinel_pair_initial,vegetables,False
testing/dill/dill_6.csv#0:128,testing/dill/dill_6.csv,herbs,herbs,abstain_unknown,0.9636772916040228,0.03195202428516614,0.17547489912917708,0.824525100870823,True,False,outer-5-vegetables,sentinel_pair_initial,vegetables,False
testing/dill/dill_6.csv#256:384,testing/dill/dill_6.csv,herbs,herbs,abstain_unknown,0.9991065301968408,0.06920173286919996,0.2629446770911232,0.7370553229088768,True,False,outer-5-vegetables,sentinel_pair_initial,vegetables,False
testing/garlic/garlic_6.csv#0:128,testing/garlic/garlic_6.csv,herbs,nuts,abstain_unknown,0.6122047717370542,0.11901600397324588,0.1943495475137151,0.8056504524862849,False,False,outer-5-vegetables,sentinel_pair_initial,vegetables,False
testing/garlic/garlic_6.csv#256:384,testing/garlic/garlic_6.csv,herbs,herbs,recognize,0.9086154078609002,0.4133841613247422,0.6128680268584068,0.3871319731415932,True,False,outer-5-vegetables,sentinel_pair_initial,vegetables,False
testing/ginger/ginger_6.csv#0:128,testing/ginger/ginger_6.csv,spices,spices,recognize,0.930076217617702,0.2646659721678678,0.49614466270030805,0.5038553372996919,True,False,outer-5-vegetables,sentinel_pair_initial,vegetables,False
testing/ginger/ginger_6.csv#256:384,testing/ginger/ginger_6.csv,spices,spices,recognize,0.7064153824447125,0.39084522758785933,0.5254513116580529,0.4745486883419471,True,False,outer-5-vegetables,sentinel_pair_initial,vegetables,False
testing/hazelnut/hazelnut_6.csv#0:128,testing/hazelnut/hazelnut_6.csv,nuts,nuts,recognize,0.9436965172944483,0.5651267135589094,0.7302794748694503,0.26972052513054967,True,False,outer-5-vegetables,sentinel_pair_initial,vegetables,False
testing/hazelnut/hazelnut_6.csv#256:384,testing/hazelnut/hazelnut_6.csv,nuts,nuts,recognize,0.9114698983067878,0.5716839228570236,0.7218536465448636,0.2781463534551364,True,False,outer-5-vegetables,sentinel_pair_initial,vegetables,False
testing/mint/mint_6.csv#0:128,testing/mint/mint_6.csv,herbs,nuts,abstain_unknown,0.9646472880336565,0.09067047863497217,0.2957448753908333,0.7042551246091667,True,False,outer-5-vegetables,sentinel_pair_initial,vegetables,False
testing/mint/mint_6.csv#256:384,testing/mint/mint_6.csv,herbs,herbs,abstain_unknown,0.7560620511919883,0.06150797306832603,0.15526620004415564,0.8447337999558444,False,False,outer-5-vegetables,sentinel_pair_initial,vegetables,False
testing/mugwort/mugwort_6.csv#0:128,testing/mugwort/mugwort_6.csv,herbs,herbs,recognize,0.809293637543261,0.49117009530205297,0.6304766713205721,0.36952332867942794,True,False,outer-5-vegetables,sentinel_pair_initial,vegetables,False
testing/mugwort/mugwort_6.csv#256:384,testing/mugwort/mugwort_6.csv,herbs,herbs,recognize,0.8915310009021105,0.4833759502777733,0.6564637421542426,0.34353625784575736,True,False,outer-5-vegetables,sentinel_pair_initial,vegetables,False
testing/mustard/mustard_6.csv#0:128,testing/mustard/mustard_6.csv,spices,nuts,recognize,0.8207618982888772,0.4566528347383272,0.4407924721491867,0.5592075278508133,False,False,outer-5-vegetables,sentinel_pair_initial,vegetables,False
testing/mustard/mustard_6.csv#256:384,testing/mustard/mustard_6.csv,spices,nuts,recognize,0.5663585840128689,0.6208358332036631,0.4269397857325496,0.5730602142674504,False,False,outer-5-vegetables,sentinel_pair_initial,vegetables,False
testing/nutmeg/nutmeg_6.csv#0:128,testing/nutmeg/nutmeg_6.csv,spices,spices,abstain_unknown,0.9999955499437929,0.013410721913571042,0.11580441371167487,0.8841955862883252,True,False,outer-5-vegetables,sentinel_pair_initial,vegetables,False
testing/nutmeg/nutmeg_6.csv#256:384,testing/nutmeg/nutmeg_6.csv,spices,spices,abstain_unknown,0.9999953719374108,0.028966509800994605,0.17019511080572866,0.8298048891942713,True,False,outer-5-vegetables,sentinel_pair_initial,vegetables,False
testing/oregano/oregano_6.csv#0:128,testing/oregano/oregano_6.csv,herbs,herbs,abstain_unknown,0.7710620269698882,0.01020757368965513,0.08871681046785883,0.9112831895321412,True,False,outer-5-vegetables,sentinel_pair_initial,vegetables,False
testing/oregano/oregano_6.csv#256:384,testing/oregano/oregano_6.csv,herbs,spices,abstain_unknown,0.8491939596886761,0.05294130031135438,0.15266280810392086,0.8473371918960791,False,False,outer-5-vegetables,sentinel_pair_initial,vegetables,False
testing/peanuts/peanuts_6.csv#0:128,testing/peanuts/peanuts_6.csv,nuts,nuts,recognize,0.9581036855358498,0.4934652717473386,0.6875979170598722,0.31240208294012783,True,False,outer-5-vegetables,sentinel_pair_initial,vegetables,False
testing/peanuts/peanuts_6.csv#256:384,testing/peanuts/peanuts_6.csv,nuts,nuts,recognize,0.8866548325666784,0.47542741482212864,0.6492611299675372,0.35073887003246285,True,False,outer-5-vegetables,sentinel_pair_initial,vegetables,False
testing/pecans/pecans_6.csv#0:128,testing/pecans/pecans_6.csv,nuts,nuts,recognize,0.9552726704643973,0.2229846381569934,0.33230252811023864,0.6676974718897614,False,False,outer-5-vegetables,sentinel_pair_initial,vegetables,False
testing/pecans/pecans_6.csv#256:384,testing/pecans/pecans_6.csv,nuts,nuts,recognize,0.7790830597770205,0.3322970551956448,0.5088094009712443,0.4911905990287557,True,False,outer-5-vegetables,sentinel_pair_initial,vegetables,False
testing/pili_nut/pili_nut_6.csv#0:128,testing/pili_nut/pili_nut_6.csv,nuts,nuts,recognize,0.9126112608131713,0.2315507238944284,0.45969098106825723,0.5403090189317428,True,False,outer-5-vegetables,sentinel_pair_initial,vegetables,False
testing/pili_nut/pili_nut_6.csv#256:384,testing/pili_nut/pili_nut_6.csv,nuts,nuts,recognize,0.979270129529467,0.29144103402736093,0.5342279468000298,0.46577205319997017,True,False,outer-5-vegetables,sentinel_pair_initial,vegetables,False
testing/pistachios/pistachios_6.csv#0:128,testing/pistachios/pistachios_6.csv,nuts,nuts,recognize,0.886119877663912,0.6576199421102056,0.763367606499021,0.23663239350097898,True,False,outer-5-vegetables,sentinel_pair_initial,vegetables,False
testing/pistachios/pistachios_6.csv#256:384,testing/pistachios/pistachios_6.csv,nuts,nuts,recognize,0.7215377498466701,0.6093529060331886,0.663077012632557,0.33692298736744297,True,False,outer-5-vegetables,sentinel_pair_initial,vegetables,False
testing/potato/potato_6.csv#0:128,testing/potato/potato_6.csv,vegetables,spices,abstain_unknown,0.8483767048467143,0.07995997137133759,0.1875267292233534,0.8124732707766467,False,False,outer-5-vegetables,sentinel_pair_initial,vegetables,True
testing/potato/potato_6.csv#256:384,testing/potato/potato_6.csv,vegetables,nuts,recognize,0.8641435444837218,0.2017740078369042,0.4175664094690432,0.5824335905309568,True,False,outer-5-vegetables,sentinel_pair_initial,vegetables,True
testing/radish/radish_6.csv#0:128,testing/radish/radish_6.csv,vegetables,herbs,recognize,0.8770688306368943,0.1785488653653062,0.3957267296474846,0.6042732703525153,True,False,outer-5-vegetables,sentinel_pair_initial,vegetables,True
testing/radish/radish_6.csv#256:384,testing/radish/radish_6.csv,vegetables,herbs,recognize,0.9585872612661728,0.1789384014902471,0.41415947679593523,0.5858405232040648,True,False,outer-5-vegetables,sentinel_pair_initial,vegetables,True
testing/saffron/saffron_6.csv#0:128,testing/saffron/saffron_6.csv,spices,nuts,recognize,0.4157465592543856,0.540171803627671,0.34120295492197256,0.6587970450780274,False,False,outer-5-vegetables,sentinel_pair_initial,vegetables,False
testing/saffron/saffron_6.csv#256:384,testing/saffron/saffron_6.csv,spices,spices,recognize,0.5724961222126725,0.5101643481741959,0.5404323371347082,0.4595676628652918,True,False,outer-5-vegetables,sentinel_pair_initial,vegetables,False
testing/star_anise/star_anise_6.csv#0:128,testing/star_anise/star_anise_6.csv,spices,spices,recognize,0.8631329037968212,0.4378940209564663,0.6147851151934478,0.3852148848065522,True,False,outer-5-vegetables,sentinel_pair_initial,vegetables,False
testing/star_anise/star_anise_6.csv#256:384,testing/star_anise/star_anise_6.csv,spices,spices,recognize,0.8421416442246789,0.4559633436222135,0.6196658130833047,0.3803341869166953,True,False,outer-5-vegetables,sentinel_pair_initial,vegetables,False
testing/sweet_potato/sweet_potato_6.csv#0:128,testing/sweet_potato/sweet_potato_6.csv,vegetables,herbs,abstain_unknown,0.9999518402077259,1.3682270851439564e-26,8.421726436613411e-14,0.9999999999999157,False,False,outer-5-vegetables,sentinel_pair_initial,vegetables,True
testing/sweet_potato/sweet_potato_6.csv#256:384,testing/sweet_potato/sweet_potato_6.csv,vegetables,spices,abstain_unknown,0.77424394039888,3.5512684895393447e-12,1.6581761392431508e-06,0.9999983418238607,True,False,outer-5-vegetables,sentinel_pair_initial,vegetables,True
testing/tomato/tomato_6.csv#0:128,testing/tomato/tomato_6.csv,vegetables,herbs,recognize,0.8870761511777043,0.36517570878571165,0.5691560965615842,0.43084390343841583,True,False,outer-5-vegetables,sentinel_pair_initial,vegetables,True
testing/tomato/tomato_6.csv#256:384,testing/tomato/tomato_6.csv,vegetables,herbs,recognize,0.8362135577019505,0.4503536010045264,0.6136707479747424,0.3863292520252576,True,False,outer-5-vegetables,sentinel_pair_initial,vegetables,True
testing/turnip/turnip_6.csv#0:128,testing/turnip/turnip_6.csv,herbs,herbs,recognize,0.9854794968866926,0.22942157358116533,0.4754894919004206,0.5245105080995793,True,False,outer-5-vegetables,sentinel_pair_initial,vegetables,False
testing/turnip/turnip_6.csv#256:384,testing/turnip/turnip_6.csv,herbs,herbs,recognize,0.9830184150192841,0.3033738220253003,0.54609711012388,0.45390288987612004,True,False,outer-5-vegetables,sentinel_pair_initial,vegetables,False
testing/walnuts/walnuts_6.csv#0:128,testing/walnuts/walnuts_6.csv,nuts,nuts,recognize,0.8048744420218302,0.24758067233421266,0.4463982028418002,0.5536017971581998,True,False,outer-5-vegetables,sentinel_pair_initial,vegetables,False
testing/walnuts/walnuts_6.csv#256:384,testing/walnuts/walnuts_6.csv,nuts,nuts,recognize,0.7816552769218166,0.4935922551644528,0.6211432933687961,0.37885670663120385,True,False,outer-5-vegetables,sentinel_pair_initial,vegetables,False
testing/walnuts/walnuts_6.csv#512:640,testing/walnuts/walnuts_6.csv,nuts,nuts,abstain_unknown,0.7335002847623535,0.08449504825817501,0.24895208767628396,0.751047912323716,True,False,outer-5-vegetables,sentinel_pair_initial,vegetables,False
testing/allspice/allspice_6.csv#0:128,testing/allspice/allspice_6.csv,spices,spices,recognize,0.8635869804342322,0.2545124583295157,0.4688215496024898,0.5311784503975102,True,False,outer-5-vegetables,sentinel_asymmetric_repeat_veto,vegetables,False
testing/allspice/allspice_6.csv#256:384,testing/allspice/allspice_6.csv,spices,herbs,abstain_unknown,0.5560481560836485,0.10127334204737501,0.17085837435397713,0.8291416256460229,False,False,outer-5-vegetables,sentinel_asymmetric_repeat_veto,vegetables,False
testing/almond/almond_6.csv#0:128,testing/almond/almond_6.csv,nuts,nuts,recognize,0.6897963404107887,0.5394231810329749,0.6099935542358562,0.3900064457641438,True,False,outer-5-vegetables,sentinel_asymmetric_repeat_veto,vegetables,False
testing/almond/almond_6.csv#256:384,testing/almond/almond_6.csv,nuts,nuts,recognize,0.7327144019560515,0.45954595227036843,0.5802722960723761,0.41972770392762393,True,False,outer-5-vegetables,sentinel_asymmetric_repeat_veto,vegetables,False
testing/angelica/angelica_6.csv#0:128,testing/angelica/angelica_6.csv,herbs,herbs,recognize,0.7412523342527813,0.2721250274192496,0.44912505138671666,0.5508749486132833,True,False,outer-5-vegetables,sentinel_asymmetric_repeat_veto,vegetables,False
testing/angelica/angelica_6.csv#256:384,testing/angelica/angelica_6.csv,herbs,herbs,recognize,0.728426986813114,0.5063774548244087,0.6073376355931169,0.39266236440688307,True,False,outer-5-vegetables,sentinel_asymmetric_repeat_veto,vegetables,False
testing/asparagus/asparagus_6.csv#0:128,testing/asparagus/asparagus_6.csv,vegetables,herbs,abstain_unknown,0.7358783063693706,0.14321150789245743,0.23373537984407486,0.7662646201559251,False,False,outer-5-vegetables,sentinel_asymmetric_repeat_veto,vegetables,True
testing/asparagus/asparagus_6.csv#256:384,testing/asparagus/asparagus_6.csv,vegetables,herbs,abstain_unknown,0.9565677872059004,0.08507858126300168,0.28527781234678395,0.714722187653216,True,True,outer-5-vegetables,sentinel_asymmetric_repeat_veto,vegetables,True
testing/avocado/avocado_6.csv#0:128,testing/avocado/avocado_6.csv,vegetables,herbs,recognize,0.9294296860598105,0.2853317779248219,0.5149716737642516,0.48502832623574843,True,False,outer-5-vegetables,sentinel_asymmetric_repeat_veto,vegetables,True
testing/avocado/avocado_6.csv#256:384,testing/avocado/avocado_6.csv,vegetables,herbs,recognize,0.9335375255010208,0.250140112937395,0.4832340861943843,0.5167659138056158,True,False,outer-5-vegetables,sentinel_asymmetric_repeat_veto,vegetables,True
testing/brazil_nut/brazil_nut_6.csv#0:128,testing/brazil_nut/brazil_nut_6.csv,nuts,nuts,recognize,0.8934841462671788,0.5047610917406373,0.6715623821528216,0.3284376178471784,True,False,outer-5-vegetables,sentinel_asymmetric_repeat_veto,vegetables,False
testing/brazil_nut/brazil_nut_6.csv#256:384,testing/brazil_nut/brazil_nut_6.csv,nuts,nuts,recognize,0.7038302491061541,0.45112617420642764,0.5634858006818062,0.4365141993181938,True,False,outer-5-vegetables,sentinel_asymmetric_repeat_veto,vegetables,False
testing/broccoli/broccoli_6.csv#0:128,testing/broccoli/broccoli_6.csv,vegetables,herbs,abstain_unknown,0.8758409544968302,0.0385925486901373,0.18385030508877392,0.8161496949112261,True,False,outer-5-vegetables,sentinel_asymmetric_repeat_veto,vegetables,True
testing/broccoli/broccoli_6.csv#256:384,testing/broccoli/broccoli_6.csv,vegetables,herbs,abstain_unknown,0.9705889287627124,0.07351181111312437,0.26711373981825465,0.7328862601817454,True,True,outer-5-vegetables,sentinel_asymmetric_repeat_veto,vegetables,True
testing/brussel_sprouts/brussel_sprouts_6.csv#0:128,testing/brussel_sprouts/brussel_sprouts_6.csv,vegetables,nuts,abstain_unknown,0.4638136602831474,0.18909104921438635,0.21322579873469838,0.7867742012653016,False,False,outer-5-vegetables,sentinel_asymmetric_repeat_veto,vegetables,True
testing/brussel_sprouts/brussel_sprouts_6.csv#256:384,testing/brussel_sprouts/brussel_sprouts_6.csv,vegetables,nuts,abstain_unknown,0.3992544391502008,0.3660966356349544,0.2752676923927187,0.7247323076072814,False,True,outer-5-vegetables,sentinel_asymmetric_repeat_veto,vegetables,True
testing/cabbage/cabbage_6.csv#0:128,testing/cabbage/cabbage_6.csv,vegetables,herbs,recognize,0.602788979081361,0.22670274018441064,0.36966730084050975,0.6303326991594902,True,True,outer-5-vegetables,sentinel_asymmetric_repeat_veto,vegetables,True
testing/cabbage/cabbage_6.csv#256:384,testing/cabbage/cabbage_6.csv,vegetables,herbs,recognize,0.5812052090005854,0.25237658086527814,0.3829916231834022,0.6170083768165978,True,False,outer-5-vegetables,sentinel_asymmetric_repeat_veto,vegetables,True
testing/cashew/cashew_6.csv#0:128,testing/cashew/cashew_6.csv,nuts,nuts,abstain_unknown,0.999903924657362,0.006036207713248895,0.07768930288350263,0.9223106971164974,True,False,outer-5-vegetables,sentinel_asymmetric_repeat_veto,vegetables,False
testing/cashew/cashew_6.csv#256:384,testing/cashew/cashew_6.csv,nuts,nuts,recognize,0.5547855230149883,0.27501992718455837,0.3906111546571977,0.6093888453428022,True,False,outer-5-vegetables,sentinel_asymmetric_repeat_veto,vegetables,False
testing/cauliflower/cauliflower_6.csv#0:128,testing/cauliflower/cauliflower_6.csv,vegetables,herbs,abstain_unknown,0.6003828144487865,0.24767801220826013,0.27764531486952354,0.7223546851304765,False,True,outer-5-vegetables,sentinel_asymmetric_repeat_veto,vegetables,True
testing/cauliflower/cauliflower_6.csv#256:384,testing/cauliflower/cauliflower_6.csv,vegetables,herbs,abstain_unknown,0.5621469490120364,0.23840297782878855,0.26358049137362316,0.7364195086263768,False,True,outer-5-vegetables,sentinel_asymmetric_repeat_veto,vegetables,True
testing/chamomile/chamomile_6.csv#0:128,testing/chamomile/chamomile_6.csv,herbs,herbs,abstain_unknown,0.4529610213554032,0.21958302778345243,0.22707132631672136,0.7729286736832787,False,False,outer-5-vegetables,sentinel_asymmetric_repeat_veto,vegetables,False
testing/chamomile/chamomile_6.csv#256:384,testing/chamomile/chamomile_6.csv,herbs,herbs,recognize,0.40303582790889714,0.5060071136818056,0.3251491588817275,0.6748508411182725,False,True,outer-5-vegetables,sentinel_asymmetric_repeat_veto,vegetables,False
testing/chervil/chervil_6.csv#0:128,testing/chervil/chervil_6.csv,spices,nuts,recognize,0.8605627187091439,0.31164349557213566,0.5178694563474255,0.48213054365257446,True,False,outer-5-vegetables,sentinel_asymmetric_repeat_veto,vegetables,False
testing/chervil/chervil_6.csv#256:384,testing/chervil/chervil_6.csv,spices,nuts,recognize,0.9754924822319687,0.30769038976616775,0.5478591626247761,0.4521408373752239,True,False,outer-5-vegetables,sentinel_asymmetric_repeat_veto,vegetables,False
testing/chestnuts/chestnuts_6.csv#0:128,testing/chestnuts/chestnuts_6.csv,nuts,nuts,abstain_unknown,0.4302312453016194,0.025191279216176782,0.10410607776646155,0.8958939222335385,True,False,outer-5-vegetables,sentinel_asymmetric_repeat_veto,vegetables,False
testing/chestnuts/chestnuts_6.csv#256:384,testing/chestnuts/chestnuts_6.csv,nuts,herbs,abstain_unknown,0.6979513443114127,0.1598455397975896,0.24048906383580004,0.7595109361642,False,False,outer-5-vegetables,sentinel_asymmetric_repeat_veto,vegetables,False
testing/chives/chives_6.csv#0:128,testing/chives/chives_6.csv,herbs,nuts,abstain_unknown,0.6489168948852893,0.13684862246360122,0.2979989650290909,0.7020010349709092,True,True,outer-5-vegetables,sentinel_asymmetric_repeat_veto,vegetables,False
testing/chives/chives_6.csv#256:384,testing/chives/chives_6.csv,herbs,nuts,recognize,0.7556114840801357,0.25293196121818695,0.31476296464815307,0.6852370353518469,False,True,outer-5-vegetables,sentinel_asymmetric_repeat_veto,vegetables,False
testing/cinnamon/cinnamon_6.csv#0:128,testing/cinnamon/cinnamon_6.csv,spices,spices,abstain_unknown,0.5564452720701611,0.1700692451994566,0.3076267664163484,0.6923732335836517,True,True,outer-5-vegetables,sentinel_asymmetric_repeat_veto,vegetables,False
testing/cinnamon/cinnamon_6.csv#256:384,testing/cinnamon/cinnamon_6.csv,spices,herbs,recognize,0.6166387735010536,0.3143906850329245,0.3170171417440014,0.6829828582559986,False,True,outer-5-vegetables,sentinel_asymmetric_repeat_veto,vegetables,False
testing/cloves/cloves_6.csv#0:128,testing/cloves/cloves_6.csv,spices,spices,recognize,0.8340555961370585,0.18998949282037567,0.39807260605833683,0.6019273939416632,True,False,outer-5-vegetables,sentinel_asymmetric_repeat_veto,vegetables,False
testing/cloves/cloves_6.csv#256:384,testing/cloves/cloves_6.csv,spices,spices,recognize,0.8254377581776841,0.27226206787813423,0.4740626445377737,0.5259373554622263,True,False,outer-5-vegetables,sentinel_asymmetric_repeat_veto,vegetables,False
testing/coriander/coriander_6.csv#0:128,testing/coriander/coriander_6.csv,herbs,herbs,recognize,0.9408687534601137,0.19970721839397657,0.4334723539365889,0.5665276460634111,True,False,outer-5-vegetables,sentinel_asymmetric_repeat_veto,vegetables,False
testing/coriander/coriander_6.csv#256:384,testing/coriander/coriander_6.csv,herbs,herbs,recognize,0.929698238530382,0.29342695635209637,0.5223011817504104,0.4776988182495896,True,False,outer-5-vegetables,sentinel_asymmetric_repeat_veto,vegetables,False
testing/cumin/cumin_6.csv#0:128,testing/cumin/cumin_6.csv,spices,spices,abstain_unknown,0.8960490384320184,0.0009398158860860205,0.02901932323522577,0.9709806767647742,True,False,outer-5-vegetables,sentinel_asymmetric_repeat_veto,vegetables,False
testing/cumin/cumin_6.csv#256:384,testing/cumin/cumin_6.csv,spices,spices,recognize,0.9738643149275215,0.14610848210163832,0.37721325112860504,0.622786748871395,True,False,outer-5-vegetables,sentinel_asymmetric_repeat_veto,vegetables,False
testing/dill/dill_6.csv#0:128,testing/dill/dill_6.csv,herbs,herbs,abstain_unknown,0.9636772916040228,0.03195202428516614,0.17547489912917708,0.824525100870823,True,False,outer-5-vegetables,sentinel_asymmetric_repeat_veto,vegetables,False
testing/dill/dill_6.csv#256:384,testing/dill/dill_6.csv,herbs,herbs,abstain_unknown,0.9991065301968408,0.06920173286919996,0.2629446770911232,0.7370553229088768,True,True,outer-5-vegetables,sentinel_asymmetric_repeat_veto,vegetables,False
testing/garlic/garlic_6.csv#0:128,testing/garlic/garlic_6.csv,herbs,nuts,abstain_unknown,0.6122047717370542,0.11901600397324588,0.1943495475137151,0.8056504524862849,False,False,outer-5-vegetables,sentinel_asymmetric_repeat_veto,vegetables,False
testing/garlic/garlic_6.csv#256:384,testing/garlic/garlic_6.csv,herbs,herbs,recognize,0.9086154078609002,0.4133841613247422,0.6128680268584068,0.3871319731415932,True,False,outer-5-vegetables,sentinel_asymmetric_repeat_veto,vegetables,False
testing/ginger/ginger_6.csv#0:128,testing/ginger/ginger_6.csv,spices,spices,recognize,0.930076217617702,0.2646659721678678,0.49614466270030805,0.5038553372996919,True,False,outer-5-vegetables,sentinel_asymmetric_repeat_veto,vegetables,False
testing/ginger/ginger_6.csv#256:384,testing/ginger/ginger_6.csv,spices,spices,recognize,0.7064153824447125,0.39084522758785933,0.5254513116580529,0.4745486883419471,True,False,outer-5-vegetables,sentinel_asymmetric_repeat_veto,vegetables,False
testing/hazelnut/hazelnut_6.csv#0:128,testing/hazelnut/hazelnut_6.csv,nuts,nuts,recognize,0.9436965172944483,0.5651267135589094,0.7302794748694503,0.26972052513054967,True,False,outer-5-vegetables,sentinel_asymmetric_repeat_veto,vegetables,False
testing/hazelnut/hazelnut_6.csv#256:384,testing/hazelnut/hazelnut_6.csv,nuts,nuts,recognize,0.9114698983067878,0.5716839228570236,0.7218536465448636,0.2781463534551364,True,False,outer-5-vegetables,sentinel_asymmetric_repeat_veto,vegetables,False
testing/mint/mint_6.csv#0:128,testing/mint/mint_6.csv,herbs,nuts,abstain_unknown,0.9646472880336565,0.09067047863497217,0.2957448753908333,0.7042551246091667,True,True,outer-5-vegetables,sentinel_asymmetric_repeat_veto,vegetables,False
testing/mint/mint_6.csv#256:384,testing/mint/mint_6.csv,herbs,herbs,abstain_unknown,0.7560620511919883,0.06150797306832603,0.15526620004415564,0.8447337999558444,False,False,outer-5-vegetables,sentinel_asymmetric_repeat_veto,vegetables,False
testing/mugwort/mugwort_6.csv#0:128,testing/mugwort/mugwort_6.csv,herbs,herbs,recognize,0.809293637543261,0.49117009530205297,0.6304766713205721,0.36952332867942794,True,False,outer-5-vegetables,sentinel_asymmetric_repeat_veto,vegetables,False
testing/mugwort/mugwort_6.csv#256:384,testing/mugwort/mugwort_6.csv,herbs,herbs,recognize,0.8915310009021105,0.4833759502777733,0.6564637421542426,0.34353625784575736,True,False,outer-5-vegetables,sentinel_asymmetric_repeat_veto,vegetables,False
testing/mustard/mustard_6.csv#0:128,testing/mustard/mustard_6.csv,spices,nuts,recognize,0.8207618982888772,0.4566528347383272,0.4407924721491867,0.5592075278508133,False,False,outer-5-vegetables,sentinel_asymmetric_repeat_veto,vegetables,False
testing/mustard/mustard_6.csv#256:384,testing/mustard/mustard_6.csv,spices,nuts,recognize,0.5663585840128689,0.6208358332036631,0.4269397857325496,0.5730602142674504,False,False,outer-5-vegetables,sentinel_asymmetric_repeat_veto,vegetables,False
testing/nutmeg/nutmeg_6.csv#0:128,testing/nutmeg/nutmeg_6.csv,spices,spices,abstain_unknown,0.9999955499437929,0.013410721913571042,0.11580441371167487,0.8841955862883252,True,False,outer-5-vegetables,sentinel_asymmetric_repeat_veto,vegetables,False
testing/nutmeg/nutmeg_6.csv#256:384,testing/nutmeg/nutmeg_6.csv,spices,spices,abstain_unknown,0.9999953719374108,0.028966509800994605,0.17019511080572866,0.8298048891942713,True,False,outer-5-vegetables,sentinel_asymmetric_repeat_veto,vegetables,False
testing/oregano/oregano_6.csv#0:128,testing/oregano/oregano_6.csv,herbs,herbs,abstain_unknown,0.7710620269698882,0.01020757368965513,0.08871681046785883,0.9112831895321412,True,False,outer-5-vegetables,sentinel_asymmetric_repeat_veto,vegetables,False
testing/oregano/oregano_6.csv#256:384,testing/oregano/oregano_6.csv,herbs,spices,abstain_unknown,0.8491939596886761,0.05294130031135438,0.15266280810392086,0.8473371918960791,False,False,outer-5-vegetables,sentinel_asymmetric_repeat_veto,vegetables,False
testing/peanuts/peanuts_6.csv#0:128,testing/peanuts/peanuts_6.csv,nuts,nuts,recognize,0.9581036855358498,0.4934652717473386,0.6875979170598722,0.31240208294012783,True,False,outer-5-vegetables,sentinel_asymmetric_repeat_veto,vegetables,False
testing/peanuts/peanuts_6.csv#256:384,testing/peanuts/peanuts_6.csv,nuts,nuts,recognize,0.8866548325666784,0.47542741482212864,0.6492611299675372,0.35073887003246285,True,False,outer-5-vegetables,sentinel_asymmetric_repeat_veto,vegetables,False
testing/pecans/pecans_6.csv#0:128,testing/pecans/pecans_6.csv,nuts,nuts,recognize,0.9552726704643973,0.2229846381569934,0.33230252811023864,0.6676974718897614,False,True,outer-5-vegetables,sentinel_asymmetric_repeat_veto,vegetables,False
testing/pecans/pecans_6.csv#256:384,testing/pecans/pecans_6.csv,nuts,nuts,recognize,0.7790830597770205,0.3322970551956448,0.5088094009712443,0.4911905990287557,True,False,outer-5-vegetables,sentinel_asymmetric_repeat_veto,vegetables,False
testing/pili_nut/pili_nut_6.csv#0:128,testing/pili_nut/pili_nut_6.csv,nuts,nuts,recognize,0.9126112608131713,0.2315507238944284,0.45969098106825723,0.5403090189317428,True,False,outer-5-vegetables,sentinel_asymmetric_repeat_veto,vegetables,False
testing/pili_nut/pili_nut_6.csv#256:384,testing/pili_nut/pili_nut_6.csv,nuts,nuts,recognize,0.979270129529467,0.29144103402736093,0.5342279468000298,0.46577205319997017,True,False,outer-5-vegetables,sentinel_asymmetric_repeat_veto,vegetables,False
testing/pistachios/pistachios_6.csv#0:128,testing/pistachios/pistachios_6.csv,nuts,nuts,recognize,0.886119877663912,0.6576199421102056,0.763367606499021,0.23663239350097898,True,False,outer-5-vegetables,sentinel_asymmetric_repeat_veto,vegetables,False
testing/pistachios/pistachios_6.csv#256:384,testing/pistachios/pistachios_6.csv,nuts,nuts,recognize,0.7215377498466701,0.6093529060331886,0.663077012632557,0.33692298736744297,True,False,outer-5-vegetables,sentinel_asymmetric_repeat_veto,vegetables,False
testing/potato/potato_6.csv#0:128,testing/potato/potato_6.csv,vegetables,spices,abstain_unknown,0.8483767048467143,0.07995997137133759,0.1875267292233534,0.8124732707766467,False,False,outer-5-vegetables,sentinel_asymmetric_repeat_veto,vegetables,True
testing/potato/potato_6.csv#256:384,testing/potato/potato_6.csv,vegetables,nuts,recognize,0.8641435444837218,0.2017740078369042,0.4175664094690432,0.5824335905309568,True,False,outer-5-vegetables,sentinel_asymmetric_repeat_veto,vegetables,True
testing/radish/radish_6.csv#0:128,testing/radish/radish_6.csv,vegetables,herbs,recognize,0.8770688306368943,0.1785488653653062,0.3957267296474846,0.6042732703525153,True,False,outer-5-vegetables,sentinel_asymmetric_repeat_veto,vegetables,True
testing/radish/radish_6.csv#256:384,testing/radish/radish_6.csv,vegetables,herbs,recognize,0.9585872612661728,0.1789384014902471,0.41415947679593523,0.5858405232040648,True,False,outer-5-vegetables,sentinel_asymmetric_repeat_veto,vegetables,True
testing/saffron/saffron_6.csv#0:128,testing/saffron/saffron_6.csv,spices,nuts,recognize,0.4157465592543856,0.540171803627671,0.34120295492197256,0.6587970450780274,False,True,outer-5-vegetables,sentinel_asymmetric_repeat_veto,vegetables,False
testing/saffron/saffron_6.csv#256:384,testing/saffron/saffron_6.csv,spices,spices,recognize,0.5724961222126725,0.5101643481741959,0.5404323371347082,0.4595676628652918,True,False,outer-5-vegetables,sentinel_asymmetric_repeat_veto,vegetables,False
testing/star_anise/star_anise_6.csv#0:128,testing/star_anise/star_anise_6.csv,spices,spices,recognize,0.8631329037968212,0.4378940209564663,0.6147851151934478,0.3852148848065522,True,False,outer-5-vegetables,sentinel_asymmetric_repeat_veto,vegetables,False
testing/star_anise/star_anise_6.csv#256:384,testing/star_anise/star_anise_6.csv,spices,spices,recognize,0.8421416442246789,0.4559633436222135,0.6196658130833047,0.3803341869166953,True,False,outer-5-vegetables,sentinel_asymmetric_repeat_veto,vegetables,False
testing/sweet_potato/sweet_potato_6.csv#0:128,testing/sweet_potato/sweet_potato_6.csv,vegetables,herbs,abstain_unknown,0.9999518402077259,1.3682270851439564e-26,8.421726436613411e-14,0.9999999999999157,False,False,outer-5-vegetables,sentinel_asymmetric_repeat_veto,vegetables,True
testing/sweet_potato/sweet_potato_6.csv#256:384,testing/sweet_potato/sweet_potato_6.csv,vegetables,spices,abstain_unknown,0.77424394039888,3.5512684895393447e-12,1.6581761392431508e-06,0.9999983418238607,True,False,outer-5-vegetables,sentinel_asymmetric_repeat_veto,vegetables,True
testing/tomato/tomato_6.csv#0:128,testing/tomato/tomato_6.csv,vegetables,herbs,recognize,0.8870761511777043,0.36517570878571165,0.5691560965615842,0.43084390343841583,True,False,outer-5-vegetables,sentinel_asymmetric_repeat_veto,vegetables,True
testing/tomato/tomato_6.csv#256:384,testing/tomato/tomato_6.csv,vegetables,herbs,recognize,0.8362135577019505,0.4503536010045264,0.6136707479747424,0.3863292520252576,True,False,outer-5-vegetables,sentinel_asymmetric_repeat_veto,vegetables,True
testing/turnip/turnip_6.csv#0:128,testing/turnip/turnip_6.csv,herbs,herbs,recognize,0.9854794968866926,0.22942157358116533,0.4754894919004206,0.5245105080995793,True,False,outer-5-vegetables,sentinel_asymmetric_repeat_veto,vegetables,False
testing/turnip/turnip_6.csv#256:384,testing/turnip/turnip_6.csv,herbs,herbs,recognize,0.9830184150192841,0.3033738220253003,0.54609711012388,0.45390288987612004,True,False,outer-5-vegetables,sentinel_asymmetric_repeat_veto,vegetables,False
testing/walnuts/walnuts_6.csv#0:128,testing/walnuts/walnuts_6.csv,nuts,nuts,recognize,0.8048744420218302,0.24758067233421266,0.4463982028418002,0.5536017971581998,True,False,outer-5-vegetables,sentinel_asymmetric_repeat_veto,vegetables,False
testing/walnuts/walnuts_6.csv#256:384,testing/walnuts/walnuts_6.csv,nuts,nuts,recognize,0.7816552769218166,0.4935922551644528,0.6211432933687961,0.37885670663120385,True,False,outer-5-vegetables,sentinel_asymmetric_repeat_veto,vegetables,False
testing/walnuts/walnuts_6.csv#512:640,testing/walnuts/walnuts_6.csv,nuts,nuts,abstain_unknown,0.7335002847623535,0.08449504825817501,0.24895208767628396,0.751047912323716,True,False,outer-5-vegetables,sentinel_asymmetric_repeat_veto,vegetables,False
